tarih,sube_kodu,sube_adi,il,ilce,sube_tipi,kabul_edilen,teslim_edilen,bekleyen,geciken,iade_edilen,ortalama_teslim_suresi,toplam_personel,dagitici_sayisi,gise_personeli,izinli_personel,fazla_mesai_saati,sikayet_sayisi,basarisiz_teslimat,hasarli_gonderi,yanlis_teslimat,toplam_gelir,kargo_geliri,bankacilik_islem_sayisi,tahsilat_sayisi,hava_durumu,resmi_tatil,bayram_donemi,bolgesel_yogunluk,teslim_basarisi_pct,gecikme_orani_pct,iade_orani_pct,sikayet_orani_binde,personel_verimliligi,dagitici_is_yuku,gonderi_basi_gelir
2026-01-01,S001,Ankara Çankaya,Ankara,Çankaya,Merkez,181,171,7,9,3,1.2,24,9,10,2,0.0,0,6,1,1,8265.84,6975.04,59,31,Açık,1,0,0.55,94.48,4.97,1.66,0.0,7.12,20.11,45.67
2026-01-01,S002,Ankara Keçiören,Ankara,Keçiören,Büyük,188,174,10,10,4,1.22,21,8,8,0,0.0,2,6,0,0,9812.56,7922.71,98,44,Açık,1,0,0.55,92.55,5.32,2.13,11.49,8.29,23.5,52.19
2026-01-01,S003,İstanbul Kadıköy,İstanbul,Kadıköy,Merkez,129,117,9,11,3,1.72,28,11,12,1,0.0,4,8,0,0,4935.87,4213.21,43,13,Yağmurlu,1,0,0.55,90.7,8.53,2.33,34.19,4.18,11.73,38.26
2026-01-01,S004,İstanbul Üsküdar,İstanbul,Üsküdar,Büyük,154,141,11,13,2,1.63,25,10,10,4,0.0,6,8,0,0,7282.7,5742.51,67,36,Yağmurlu,1,0,0.55,91.56,8.44,1.3,42.55,5.64,15.4,47.29
2026-01-01,S005,İzmir Konak,İzmir,Konak,Merkez,226,213,9,12,4,1.38,23,9,9,2,0.0,1,4,1,0,11656.99,9353.65,95,48,Açık,1,0,0.55,94.25,5.31,1.77,4.69,9.26,25.11,51.58
2026-01-01,S006,Bursa Nilüfer,Bursa,Nilüfer,Büyük,214,203,8,9,3,1.6,19,7,7,1,0.0,3,7,1,0,10997.19,8202.75,111,59,Bulutlu,1,0,0.55,94.86,4.21,1.4,14.78,10.68,30.57,51.39
2026-01-01,S007,Antalya Muratpaşa,Antalya,Muratpaşa,Büyük,145,136,7,9,2,1.19,20,8,7,0,0.0,0,3,0,0,6534.97,5327.56,64,23,Açık,1,0,0.55,93.79,6.21,1.38,0.0,6.8,18.12,45.07
2026-01-01,S008,Konya Selçuklu,Konya,Selçuklu,Orta,159,147,8,8,4,1.76,16,6,5,3,5.1,2,6,1,0,7833.96,6138.26,65,25,Bulutlu,1,0,0.55,92.45,5.03,2.52,13.61,9.19,26.5,49.27
2026-01-01,S009,Samsun İlkadım,Samsun,İlkadım,Orta,196,185,10,10,1,1.72,15,6,4,3,13.4,2,3,1,0,10828.85,8655.35,103,42,Açık,1,0,0.55,94.39,5.1,0.51,10.81,12.33,32.67,55.25
2026-01-01,S010,Erzurum Yakutiye,Erzurum,Yakutiye,Orta,152,132,17,20,3,2.16,14,5,4,1,0.0,3,16,1,1,6104.74,4813.25,58,31,Karlı,1,0,0.55,86.84,13.16,1.97,22.73,9.43,30.4,40.16
2026-01-02,S001,Ankara Çankaya,Ankara,Çankaya,Merkez,409,382,22,28,5,1.12,24,9,10,1,8.6,3,11,1,1,20331.2,16163.49,173,94,Bulutlu,0,0,1.19,93.4,6.85,1.22,7.85,15.92,45.44,49.71
2026-01-02,S002,Ankara Keçiören,Ankara,Keçiören,Büyük,399,366,28,36,5,1.56,21,8,8,2,17.4,4,11,1,1,18717.17,14897.44,145,63,Açık,0,0,1.13,91.73,9.02,1.25,10.93,17.43,49.88,46.91
2026-01-02,S003,İstanbul Kadıköy,İstanbul,Kadıköy,Merkez,424,407,9,12,8,1.4,28,11,12,2,5.6,2,13,1,1,18833.57,14809.81,160,63,Açık,0,0,1.29,95.99,2.83,1.89,4.91,14.54,38.55,44.42
2026-01-02,S004,İstanbul Üsküdar,İstanbul,Üsküdar,Büyük,470,421,39,41,10,1.89,25,10,10,2,14.0,6,28,2,1,20812.71,15899.86,233,92,Yağmurlu,0,0,1.37,89.57,8.72,2.13,14.25,16.84,47.0,44.28
2026-01-02,S005,İzmir Konak,İzmir,Konak,Merkez,424,405,9,13,10,1.48,23,9,9,0,5.0,2,10,1,1,20466.15,16641.41,151,67,Açık,0,0,1.29,95.52,3.07,2.36,4.94,17.61,47.11,48.27
2026-01-02,S006,Bursa Nilüfer,Bursa,Nilüfer,Büyük,351,331,14,17,6,1.31,19,7,7,0,5.5,2,14,2,1,15766.25,12293.09,142,78,Açık,0,0,0.96,94.3,4.84,1.71,6.04,17.42,50.14,44.92
2026-01-02,S007,Antalya Muratpaşa,Antalya,Muratpaşa,Büyük,378,351,19,25,8,1.42,20,8,7,0,4.6,2,15,2,1,17077.75,14125.98,151,56,Bulutlu,0,0,1.18,92.86,6.61,2.12,5.7,17.55,47.25,45.18
2026-01-02,S008,Konya Selçuklu,Konya,Selçuklu,Orta,298,281,12,13,5,1.5,16,6,5,0,3.9,4,9,1,1,13168.29,10270.26,117,45,Açık,0,0,0.89,94.3,4.36,1.68,14.23,17.56,49.67,44.19
2026-01-02,S009,Samsun İlkadım,Samsun,İlkadım,Orta,248,230,14,16,4,1.55,15,6,4,2,11.2,1,5,1,1,12818.12,10635.63,82,36,Açık,0,0,0.76,92.74,6.45,1.61,4.35,15.33,41.33,51.69
2026-01-02,S010,Erzurum Yakutiye,Erzurum,Yakutiye,Orta,273,217,52,54,4,2.74,14,5,4,2,22.6,8,28,2,0,12949.36,9749.78,126,63,Karlı,0,0,0.78,79.49,19.78,1.47,36.87,15.5,54.6,47.43
2026-01-03,S001,Ankara Çankaya,Ankara,Çankaya,Merkez,259,248,6,8,5,1.15,24,9,10,3,2.1,1,5,1,1,12828.24,10210.72,114,55,Açık,0,0,1.36,95.75,3.09,1.93,4.03,10.33,28.78,49.53
2026-01-03,S002,Ankara Keçiören,Ankara,Keçiören,Büyük,166,155,7,9,4,1.48,21,8,8,1,0.0,2,4,1,0,6976.74,5669.38,59,20,Açık,0,0,1.17,93.37,5.42,2.41,12.9,7.38,20.75,42.03
2026-01-03,S003,İstanbul Kadıköy,İstanbul,Kadıköy,Merkez,254,231,18,19,5,1.89,28,11,12,4,0.0,1,16,1,1,11922.77,9590.27,101,55,Yağmurlu,0,0,1.48,90.94,7.48,1.97,4.33,8.25,23.09,46.94
2026-01-03,S004,İstanbul Üsküdar,İstanbul,Üsküdar,Büyük,186,176,7,9,3,1.58,25,10,10,2,0.0,1,7,1,0,9668.25,8340.3,73,31,Açık,0,0,1.17,94.62,4.84,1.61,5.68,7.04,18.6,51.98
2026-01-03,S005,İzmir Konak,İzmir,Konak,Merkez,223,212,8,12,3,1.25,23,9,9,2,0.0,0,3,1,0,12097.04,9818.48,110,44,Açık,0,0,1.27,95.07,5.38,1.35,0.0,9.22,24.78,54.25
2026-01-03,S006,Bursa Nilüfer,Bursa,Nilüfer,Büyük,178,167,6,7,5,1.31,19,7,7,2,0.0,2,5,0,1,8458.97,6669.53,79,32,Açık,0,0,1.04,93.82,3.93,2.81,11.98,8.79,25.43,47.52
2026-01-03,S007,Antalya Muratpaşa,Antalya,Muratpaşa,Büyük,160,149,8,10,3,1.38,20,8,7,4,1.2,2,4,1,1,7378.63,5493.1,81,26,Bulutlu,0,0,1.07,93.12,6.25,1.88,13.42,7.45,20.0,46.12
2026-01-03,S008,Konya Selçuklu,Konya,Selçuklu,Orta,177,161,13,15,3,1.55,16,6,5,1,0.0,3,11,1,1,8654.48,6787.36,81,27,Yağmurlu,0,0,1.04,90.96,8.47,1.69,18.63,10.06,29.5,48.9
2026-01-03,S009,Samsun İlkadım,Samsun,İlkadım,Orta,145,139,4,6,2,1.33,15,6,4,2,0.0,1,2,1,0,7615.52,5904.2,70,37,Açık,0,0,0.92,95.86,4.14,1.38,7.19,9.27,24.17,52.52
2026-01-03,S010,Erzurum Yakutiye,Erzurum,Yakutiye,Orta,102,97,3,4,2,1.46,14,5,4,2,0.0,1,3,0,0,5501.65,4322.27,51,19,Açık,0,0,0.79,95.1,3.92,1.96,10.31,6.93,20.4,53.94
2026-01-04,S001,Ankara Çankaya,Ankara,Çankaya,Merkez,206,195,8,10,3,1.32,24,9,10,1,0.0,2,6,1,1,8755.89,7048.19,87,29,Açık,0,0,1.22,94.66,4.85,1.46,10.26,8.12,22.89,42.5
2026-01-04,S002,Ankara Keçiören,Ankara,Keçiören,Büyük,215,209,3,3,3,1.21,21,8,8,2,0.0,0,6,1,1,11015.41,8531.59,100,45,Açık,0,0,1.18,97.21,1.4,1.4,0.0,9.95,26.88,51.23
2026-01-04,S003,İstanbul Kadıköy,İstanbul,Kadıköy,Merkez,248,228,17,19,3,1.64,28,11,12,1,0.0,4,14,1,1,10665.0,8241.16,95,47,Yağmurlu,0,0,1.51,91.94,7.66,1.21,17.54,8.14,22.55,43.0
2026-01-04,S004,İstanbul Üsküdar,İstanbul,Üsküdar,Büyük,189,172,13,15,4,1.6,25,10,10,2,0.0,2,10,0,0,8488.71,6524.7,101,36,Yağmurlu,0,0,1.12,91.01,7.94,2.12,11.63,6.88,18.9,44.91
2026-01-04,S005,İzmir Konak,İzmir,Konak,Merkez,202,194,6,8,2,1.52,23,9,9,0,0.0,3,6,1,0,9858.09,8262.31,74,33,Bulutlu,0,0,1.33,96.04,3.96,0.99,15.46,8.43,22.44,48.8
2026-01-04,S006,Bursa Nilüfer,Bursa,Nilüfer,Büyük,139,125,12,13,2,1.6,19,7,7,1,0.0,2,8,0,0,6170.23,5051.86,50,25,Yağmurlu,0,0,0.99,89.93,9.35,1.44,16.0,6.58,19.86,44.39
2026-01-04,S007,Antalya Muratpaşa,Antalya,Muratpaşa,Büyük,195,178,14,15,3,1.47,20,8,7,1,0.0,4,11,1,1,8511.09,6811.39,70,26,Yağmurlu,0,0,1.1,91.28,7.69,1.54,22.47,8.9,24.38,43.65
2026-01-04,S008,Konya Selçuklu,Konya,Selçuklu,Orta,111,104,5,7,2,1.54,16,6,5,4,7.1,1,2,0,0,5301.06,3924.91,57,28,Bulutlu,0,0,1.0,93.69,6.31,1.8,9.62,6.5,18.5,47.76
2026-01-04,S009,Samsun İlkadım,Samsun,İlkadım,Orta,151,141,7,8,3,1.51,15,6,4,2,0.0,1,4,1,0,7796.85,6144.18,67,22,Açık,0,0,0.85,93.38,5.3,1.99,7.09,9.4,25.17,51.63
2026-01-04,S010,Erzurum Yakutiye,Erzurum,Yakutiye,Orta,101,95,4,6,2,1.26,14,5,4,2,0.0,2,2,1,0,5491.66,4293.48,49,22,Açık,0,0,0.7,94.06,5.94,1.98,21.05,6.79,20.2,54.37
2026-01-05,S001,Ankara Çankaya,Ankara,Çankaya,Merkez,601,543,42,48,16,1.82,24,9,10,1,25.4,7,16,3,1,25520.02,19610.4,244,127,Açık,0,0,1.48,90.35,7.99,2.66,12.89,22.62,66.78,42.46
2026-01-05,S002,Ankara Keçiören,Ankara,Keçiören,Büyük,432,402,25,29,5,1.77,21,8,8,1,15.4,6,15,2,1,19793.51,15672.16,156,76,Bulutlu,0,0,1.04,93.06,6.71,1.16,14.93,19.14,54.0,45.82
2026-01-05,S003,İstanbul Kadıköy,İstanbul,Kadıköy,Merkez,472,445,16,23,11,1.33,28,11,12,2,10.2,2,11,2,2,22677.96,18786.01,159,67,Açık,0,0,1.29,94.28,4.87,2.33,4.49,15.89,42.91,48.05
2026-01-05,S004,İstanbul Üsküdar,İstanbul,Üsküdar,Büyük,473,438,24,32,11,1.66,25,10,10,1,11.1,5,11,3,1,22346.55,17093.84,210,87,Açık,0,0,1.27,92.6,6.77,2.33,11.42,17.52,47.3,47.24
2026-01-05,S005,İzmir Konak,İzmir,Konak,Merkez,559,492,55,59,12,1.67,23,9,9,2,28.7,9,22,2,2,29517.34,23545.86,259,100,Açık,0,0,1.34,88.01,10.55,2.15,18.29,21.39,62.11,52.8
2026-01-05,S006,Bursa Nilüfer,Bursa,Nilüfer,Büyük,378,354,20,27,4,1.51,19,7,7,0,8.6,3,13,3,1,18239.18,14925.17,184,75,Açık,0,0,0.94,93.65,7.14,1.06,8.47,18.63,54.0,48.25
2026-01-05,S007,Antalya Muratpaşa,Antalya,Muratpaşa,Büyük,439,407,26,33,6,1.54,20,8,7,1,12.6,5,12,2,0,20903.45,17626.98,141,59,Bulutlu,0,0,1.11,92.71,7.52,1.37,12.29,20.35,54.88,47.62
2026-01-05,S008,Konya Selçuklu,Konya,Selçuklu,Orta,369,323,42,48,4,1.95,16,6,5,2,26.2,6,7,1,1,18959.47,15085.99,181,76,Açık,0,0,0.83,87.53,13.01,1.08,18.58,20.19,61.5,51.38
2026-01-05,S009,Samsun İlkadım,Samsun,İlkadım,Orta,291,264,24,25,3,1.8,15,6,4,1,10.0,4,18,2,1,13030.53,10282.25,144,65,Yağmurlu,0,0,0.82,90.72,8.59,1.03,15.15,17.6,48.5,44.78
2026-01-05,S010,Erzurum Yakutiye,Erzurum,Yakutiye,Orta,324,284,33,36,7,1.74,14,5,4,1,17.1,4,7,2,1,15770.5,12727.13,142,56,Açık,0,0,0.77,87.65,11.11,2.16,14.08,20.29,64.8,48.67
2026-01-06,S001,Ankara Çankaya,Ankara,Çankaya,Merkez,361,340,15,17,6,1.34,24,9,10,2,7.0,4,6,1,1,16569.18,13169.9,156,75,Açık,0,0,1.15,94.18,4.71,1.66,11.76,14.17,40.11,45.9
2026-01-06,S002,Ankara Keçiören,Ankara,Keçiören,Büyük,393,362,25,28,6,1.63,21,8,8,2,16.2,3,11,1,1,21303.96,16975.35,206,92,Açık,0,0,1.18,92.11,7.12,1.53,8.29,17.24,49.12,54.21
2026-01-06,S003,İstanbul Kadıköy,İstanbul,Kadıköy,Merkez,557,483,62,68,12,1.89,28,11,12,2,18.1,10,28,2,1,24319.23,20604.18,181,66,Yağmurlu,0,0,1.51,86.71,12.21,2.15,20.7,17.25,50.64,43.66
2026-01-06,S004,İstanbul Üsküdar,İstanbul,Üsküdar,Büyük,445,426,15,17,4,1.32,25,10,10,0,3.2,1,10,3,0,20820.96,15360.29,240,103,Açık,0,0,1.33,95.73,3.82,0.9,2.35,17.04,44.5,46.79
2026-01-06,S005,İzmir Konak,İzmir,Konak,Merkez,419,378,34,32,7,1.73,23,9,9,1,8.7,4,25,2,2,23563.17,17759.32,208,102,Yağmurlu,0,0,1.24,90.21,7.64,1.67,10.58,16.43,46.56,56.24
2026-01-06,S006,Bursa Nilüfer,Bursa,Nilüfer,Büyük,344,320,19,22,5,1.5,19,7,7,1,7.7,2,5,1,1,16687.19,12979.41,145,55,Açık,0,0,1.03,93.02,6.4,1.45,6.25,16.84,49.14,48.51
2026-01-06,S007,Antalya Muratpaşa,Antalya,Muratpaşa,Büyük,426,395,22,27,9,1.4,20,8,7,0,8.9,4,10,2,2,19973.82,15092.4,186,89,Açık,0,0,1.23,92.72,6.34,2.11,10.13,19.75,53.25,46.89
2026-01-06,S008,Konya Selçuklu,Konya,Selçuklu,Orta,311,283,26,28,2,1.86,16,6,5,1,10.7,5,21,0,1,13959.87,10723.83,140,42,Yağmurlu,0,0,0.82,91.0,9.0,0.64,17.67,17.69,51.83,44.89
2026-01-06,S009,Samsun İlkadım,Samsun,İlkadım,Orta,272,239,29,30,4,2.0,15,6,4,2,13.0,4,18,1,1,13503.42,11435.59,116,42,Yağmurlu,0,0,0.85,87.87,11.03,1.47,16.74,15.93,45.33,49.64
2026-01-06,S010,Erzurum Yakutiye,Erzurum,Yakutiye,Orta,302,225,71,72,6,2.71,14,5,4,2,26.2,10,30,2,1,10904.2,8376.36,116,58,Karlı,0,0,0.85,74.5,23.84,1.99,44.44,16.07,60.4,36.11
2026-01-07,S001,Ankara Çankaya,Ankara,Çankaya,Merkez,402,380,14,18,8,1.37,24,9,10,1,5.1,4,10,1,1,19333.94,15016.05,212,82,Açık,0,0,1.25,94.53,4.48,1.99,10.53,15.83,44.67,48.09
2026-01-07,S002,Ankara Keçiören,Ankara,Keçiören,Büyük,458,367,79,88,12,2.35,21,8,8,4,48.3,10,13,2,1,20689.5,16547.6,205,112,Bulutlu,0,0,1.25,80.13,19.21,2.62,27.25,17.48,57.25,45.17
2026-01-07,S003,İstanbul Kadıköy,İstanbul,Kadıköy,Merkez,428,409,10,16,9,1.29,28,11,12,1,4.0,4,9,2,1,21207.15,17117.5,192,97,Açık,0,0,1.33,95.56,3.74,2.1,9.78,14.61,38.91,49.55
2026-01-07,S004,İstanbul Üsküdar,İstanbul,Üsküdar,Büyük,465,436,20,26,9,1.18,25,10,10,0,4.7,4,17,1,1,24045.89,19554.01,180,72,Bulutlu,0,0,1.34,93.76,5.59,1.94,9.17,17.44,46.5,51.71
2026-01-07,S005,İzmir Konak,İzmir,Konak,Merkez,489,440,43,49,6,1.8,23,9,9,1,15.6,8,30,4,2,20989.07,17397.31,160,80,Yağmurlu,0,0,1.37,89.98,10.02,1.23,18.18,19.13,54.33,42.92
2026-01-07,S006,Bursa Nilüfer,Bursa,Nilüfer,Büyük,436,394,32,38,10,1.48,19,7,7,1,17.5,2,13,1,1,19635.5,15273.0,174,84,Açık,0,0,1.2,90.37,8.72,2.29,5.08,20.74,62.29,45.04
2026-01-07,S007,Antalya Muratpaşa,Antalya,Muratpaşa,Büyük,415,389,17,26,9,1.55,20,8,7,0,8.7,2,9,1,0,18231.74,14022.28,192,94,Açık,0,0,1.12,93.73,6.27,2.17,5.14,19.45,51.88,43.93
2026-01-07,S008,Konya Selçuklu,Konya,Selçuklu,Orta,295,247,41,44,7,2.06,16,6,5,3,27.3,6,7,1,1,13603.04,10325.74,150,49,Açık,0,0,0.83,83.73,14.92,2.37,24.29,15.44,49.17,46.11
2026-01-07,S009,Samsun İlkadım,Samsun,İlkadım,Orta,230,216,11,13,3,1.28,15,6,4,1,3.5,1,5,2,0,12532.8,10285.8,87,43,Açık,0,0,0.71,93.91,5.65,1.3,4.63,14.4,38.33,54.49
2026-01-07,S010,Erzurum Yakutiye,Erzurum,Yakutiye,Orta,296,252,39,44,5,2.36,14,5,4,0,8.3,8,36,0,1,12805.41,10292.7,109,38,Karlı,0,0,0.86,85.14,14.86,1.69,31.75,18.0,59.2,43.26
2026-01-08,S001,Ankara Çankaya,Ankara,Çankaya,Merkez,457,409,38,44,10,1.73,24,9,10,1,12.2,8,28,3,2,17886.55,14775.55,152,53,Yağmurlu,0,0,1.32,89.5,9.63,2.19,19.56,17.04,50.78,39.14
2026-01-08,S002,Ankara Keçiören,Ankara,Keçiören,Büyük,375,347,24,23,4,1.58,21,8,8,0,4.4,5,22,1,0,18431.41,14249.39,195,80,Yağmurlu,0,0,1.06,92.53,6.13,1.07,14.41,16.52,46.88,49.15
2026-01-08,S003,İstanbul Kadıköy,İstanbul,Kadıköy,Merkez,507,476,23,25,8,1.33,28,11,12,1,11.1,3,15,1,1,27607.79,21830.56,274,135,Açık,0,0,1.47,93.89,4.93,1.58,6.3,17.0,46.09,54.45
2026-01-08,S004,İstanbul Üsküdar,İstanbul,Üsküdar,Büyük,471,443,17,20,11,1.4,25,10,10,2,16.4,6,14,1,2,25991.38,21252.93,162,89,Açık,0,0,1.35,94.06,4.25,2.34,13.54,17.72,47.1,55.18
2026-01-08,S005,İzmir Konak,İzmir,Konak,Merkez,454,423,23,24,8,1.31,23,9,9,0,7.2,3,13,1,1,20157.05,16661.18,154,79,Açık,0,0,1.31,93.17,5.29,1.76,7.09,18.39,50.44,44.4
2026-01-08,S006,Bursa Nilüfer,Bursa,Nilüfer,Büyük,349,326,13,16,10,1.33,19,7,7,0,4.9,3,11,1,1,18593.07,14693.28,150,54,Açık,0,0,1.05,93.41,4.58,2.87,9.2,17.16,49.86,53.28
2026-01-08,S007,Antalya Muratpaşa,Antalya,Muratpaşa,Büyük,368,341,18,22,9,1.29,20,8,7,1,7.7,4,9,2,0,16996.21,12696.4,152,75,Açık,0,0,1.14,92.66,5.98,2.45,11.73,17.05,46.0,46.19
2026-01-08,S008,Konya Selçuklu,Konya,Selçuklu,Orta,280,240,37,40,3,1.94,16,6,5,3,24.8,8,8,1,0,12270.76,9323.23,129,54,Açık,0,0,0.76,85.71,14.29,1.07,33.33,15.0,46.67,43.82
2026-01-08,S009,Samsun İlkadım,Samsun,İlkadım,Orta,307,281,17,22,9,1.35,15,6,4,0,5.8,3,9,1,1,15726.93,13055.73,132,40,Açık,0,0,0.83,91.53,7.17,2.93,10.68,18.73,51.17,51.23
2026-01-08,S010,Erzurum Yakutiye,Erzurum,Yakutiye,Orta,234,194,38,42,2,2.15,14,5,4,3,32.3,4,6,1,0,10324.46,8095.58,87,42,Açık,0,0,0.7,82.91,17.95,0.85,20.62,13.86,46.8,44.12
2026-01-09,S001,Ankara Çankaya,Ankara,Çankaya,Merkez,469,440,19,26,10,1.26,24,9,10,0,8.9,6,15,1,1,22040.34,18077.86,204,99,Açık,0,0,1.39,93.82,5.54,2.13,13.64,18.33,52.11,46.99
2026-01-09,S002,Ankara Keçiören,Ankara,Keçiören,Büyük,392,359,25,31,8,1.48,21,8,8,1,9.5,4,12,2,1,16199.23,13081.67,164,65,Açık,0,0,1.18,91.58,7.91,2.04,11.14,17.1,49.0,41.32
2026-01-09,S003,İstanbul Kadıköy,İstanbul,Kadıköy,Merkez,508,476,22,32,10,1.27,28,11,12,0,7.4,4,11,1,1,22008.07,17532.07,194,92,Bulutlu,0,0,1.53,93.7,6.3,1.97,8.4,17.0,46.18,43.32
2026-01-09,S004,İstanbul Üsküdar,İstanbul,Üsküdar,Büyük,506,471,24,28,11,1.61,25,10,10,1,11.3,6,14,1,1,23671.91,18437.74,254,109,Açık,0,0,1.43,93.08,5.53,2.17,12.74,18.84,50.6,46.78
2026-01-09,S005,İzmir Konak,İzmir,Konak,Merkez,423,400,18,27,5,1.46,23,9,9,0,5.6,2,7,1,1,19746.74,15653.94,197,106,Açık,0,0,1.23,94.56,6.38,1.18,5.0,17.39,47.0,46.68
2026-01-09,S006,Bursa Nilüfer,Bursa,Nilüfer,Büyük,418,386,23,25,9,1.56,19,7,7,0,12.8,3,11,1,1,22721.26,17956.41,206,75,Açık,0,0,1.09,92.34,5.98,2.15,7.77,20.32,59.71,54.36
2026-01-09,S007,Antalya Muratpaşa,Antalya,Muratpaşa,Büyük,362,335,20,23,7,1.31,20,8,7,1,9.2,3,12,1,1,17691.67,15334.7,130,43,Açık,0,0,1.16,92.54,6.35,1.93,8.96,16.75,45.25,48.87
2026-01-09,S008,Konya Selçuklu,Konya,Selçuklu,Orta,321,281,33,39,7,1.62,16,6,5,2,19.1,7,8,2,1,13623.61,10692.56,114,50,Açık,0,0,0.91,87.54,12.15,2.18,24.91,17.56,53.5,42.44
2026-01-09,S009,Samsun İlkadım,Samsun,İlkadım,Orta,325,285,36,37,4,1.5,15,6,4,2,21.4,6,10,1,1,14715.58,12741.56,109,33,Bulutlu,0,0,0.93,87.69,11.38,1.23,21.05,19.0,54.17,45.28
2026-01-09,S010,Erzurum Yakutiye,Erzurum,Yakutiye,Orta,230,200,26,29,4,2.34,14,5,4,0,3.9,6,24,1,1,9490.2,7600.66,81,37,Karlı,0,0,0.65,86.96,12.61,1.74,30.0,14.29,46.0,41.26
2026-01-10,S001,Ankara Çankaya,Ankara,Çankaya,Merkez,197,188,7,10,2,1.41,24,9,10,1,0.0,1,7,1,0,8709.42,7177.79,86,28,Bulutlu,0,0,1.27,95.43,5.08,1.02,5.32,7.83,21.89,44.21
2026-01-10,S002,Ankara Keçiören,Ankara,Keçiören,Büyük,177,171,4,6,2,1.39,21,8,8,1,0.0,3,5,1,0,9114.55,7379.98,67,35,Açık,0,0,1.21,96.61,3.39,1.13,17.54,8.14,22.12,51.49
2026-01-10,S003,İstanbul Kadıköy,İstanbul,Kadıköy,Merkez,259,234,20,23,5,1.66,28,11,12,2,0.0,2,16,1,0,13901.46,10989.42,113,45,Yağmurlu,0,0,1.61,90.35,8.88,1.93,8.55,8.36,23.55,53.67
2026-01-10,S004,İstanbul Üsküdar,İstanbul,Üsküdar,Büyük,222,210,10,11,2,1.37,25,10,10,1,0.0,2,3,1,0,10740.58,8650.38,105,52,Bulutlu,0,0,1.26,94.59,4.95,0.9,9.52,8.4,22.2,48.38
2026-01-10,S005,İzmir Konak,İzmir,Konak,Merkez,231,220,9,9,2,1.23,23,9,9,2,0.0,0,5,0,1,10221.08,8048.07,98,33,Açık,0,0,1.22,95.24,3.9,0.87,0.0,9.57,25.67,44.25
2026-01-10,S006,Bursa Nilüfer,Bursa,Nilüfer,Büyük,186,164,17,17,5,1.8,19,7,7,2,0.0,3,10,1,0,8677.59,7148.15,79,27,Yağmurlu,0,0,1.04,88.17,9.14,2.69,18.29,8.63,26.57,46.65
2026-01-10,S007,Antalya Muratpaşa,Antalya,Muratpaşa,Büyük,174,163,8,9,3,1.23,20,8,7,2,0.0,3,5,1,0,8410.85,6626.16,81,43,Açık,0,0,1.06,93.68,5.17,1.72,18.4,8.15,21.75,48.34
2026-01-10,S008,Konya Selçuklu,Konya,Selçuklu,Orta,193,183,7,7,3,1.62,16,6,5,1,0.5,1,7,1,1,9936.13,7894.3,95,34,Açık,0,0,0.94,94.82,3.63,1.55,5.46,11.44,32.17,51.48
2026-01-10,S009,Samsun İlkadım,Samsun,İlkadım,Orta,204,187,15,17,2,1.97,15,6,4,2,5.4,4,14,1,0,10542.31,8495.16,77,32,Yağmurlu,0,0,0.85,91.67,8.33,0.98,21.39,12.47,34.0,51.68
2026-01-10,S010,Erzurum Yakutiye,Erzurum,Yakutiye,Orta,120,101,16,17,3,2.35,14,5,4,3,9.0,2,13,0,1,5984.41,4652.17,59,26,Karlı,0,0,0.82,84.17,14.17,2.5,19.8,7.21,24.0,49.87
2026-01-11,S001,Ankara Çankaya,Ankara,Çankaya,Merkez,169,155,11,12,3,1.57,24,9,10,1,0.0,0,10,1,0,8632.84,7292.72,69,25,Yağmurlu,0,0,1.27,91.72,7.1,1.78,0.0,6.46,18.78,51.08
2026-01-11,S002,Ankara Keçiören,Ankara,Keçiören,Büyük,171,156,11,11,4,1.53,21,8,8,4,4.1,3,5,0,0,8516.99,6970.78,73,35,Bulutlu,0,0,1.19,91.23,6.43,2.34,19.23,7.43,21.38,49.81
2026-01-11,S003,İstanbul Kadıköy,İstanbul,Kadıköy,Merkez,240,224,13,17,3,1.38,28,11,12,1,0.0,1,6,1,1,12817.69,10178.84,113,52,Açık,0,0,1.44,93.33,7.08,1.25,4.46,8.0,21.82,53.41
2026-01-11,S004,İstanbul Üsküdar,İstanbul,Üsküdar,Büyük,175,165,7,10,3,1.48,25,10,10,1,0.0,0,3,1,0,8547.7,7223.75,56,26,Açık,0,0,1.34,94.29,5.71,1.71,0.0,6.6,17.5,48.84
2026-01-11,S005,İzmir Konak,İzmir,Konak,Merkez,194,181,7,10,6,1.32,23,9,9,3,0.0,2,6,1,1,9550.11,7456.94,91,34,Açık,0,0,1.06,93.3,5.15,3.09,11.05,7.87,21.56,49.23
2026-01-11,S006,Bursa Nilüfer,Bursa,Nilüfer,Büyük,197,185,7,8,5,1.41,19,7,7,2,0.0,3,5,1,0,11579.86,8870.11,107,35,Açık,0,0,1.09,93.91,4.06,2.54,16.22,9.74,28.14,58.78
2026-01-11,S007,Antalya Muratpaşa,Antalya,Muratpaşa,Büyük,162,147,12,15,3,1.69,20,8,7,1,0.0,2,9,1,0,7905.72,6362.89,76,41,Yağmurlu,0,0,1.14,90.74,9.26,1.85,13.61,7.35,20.25,48.8
2026-01-11,S008,Konya Selçuklu,Konya,Selçuklu,Orta,117,111,5,6,1,1.35,16,6,5,3,0.8,1,2,1,0,5262.46,4240.08,48,23,Açık,0,0,0.87,94.87,5.13,0.85,9.01,6.94,19.5,44.98
2026-01-11,S009,Samsun İlkadım,Samsun,İlkadım,Orta,95,87,7,8,1,1.64,15,6,4,2,0.0,0,5,0,0,4250.29,3390.52,32,16,Yağmurlu,0,0,0.7,91.58,8.42,1.05,0.0,5.8,15.83,44.74
2026-01-11,S010,Erzurum Yakutiye,Erzurum,Yakutiye,Orta,166,139,22,23,5,2.22,14,5,4,2,9.1,5,19,1,0,6606.05,5400.76,56,22,Karlı,0,0,0.83,83.73,13.86,3.01,35.97,9.93,33.2,39.8
2026-01-12,S001,Ankara Çankaya,Ankara,Çankaya,Merkez,505,457,37,41,11,1.84,24,9,10,1,16.9,6,13,2,1,25413.52,21601.35,198,72,Bulutlu,0,0,1.3,90.5,8.12,2.18,13.13,19.04,56.11,50.32
2026-01-12,S002,Ankara Keçiören,Ankara,Keçiören,Büyük,513,474,35,43,4,1.55,21,8,8,0,15.6,7,19,3,2,28574.96,22021.1,260,84,Açık,0,0,1.33,92.4,8.38,0.78,14.77,22.57,64.12,55.7
2026-01-12,S003,İstanbul Kadıköy,İstanbul,Kadıköy,Merkez,597,525,61,62,11,1.84,28,11,12,0,13.5,9,33,4,1,28617.01,20974.16,325,160,Yağmurlu,0,0,1.48,87.94,10.39,1.84,17.14,18.75,54.27,47.93
2026-01-12,S004,İstanbul Üsküdar,İstanbul,Üsküdar,Büyük,524,460,56,59,8,1.9,25,10,10,1,12.6,10,29,2,2,24028.17,18169.46,235,88,Yağmurlu,0,0,1.29,87.79,11.26,1.53,21.74,18.4,52.4,45.86
2026-01-12,S005,İzmir Konak,İzmir,Konak,Merkez,521,448,65,77,8,2.18,23,9,9,2,23.8,11,32,3,2,24060.02,19730.82,188,103,Yağmurlu,0,0,1.3,85.99,14.78,1.54,24.55,19.48,57.89,46.18
2026-01-12,S006,Bursa Nilüfer,Bursa,Nilüfer,Büyük,417,372,37,42,8,1.59,19,7,7,1,17.1,8,11,3,1,21898.62,16794.58,201,67,Açık,0,0,1.03,89.21,10.07,1.92,21.51,19.58,59.57,52.51
2026-01-12,S007,Antalya Muratpaşa,Antalya,Muratpaşa,Büyük,443,374,55,60,14,1.94,20,8,7,2,22.6,8,28,2,1,19081.28,14759.13,172,82,Yağmurlu,0,0,1.16,84.42,13.54,3.16,21.39,18.7,55.38,43.07
2026-01-12,S008,Konya Selçuklu,Konya,Selçuklu,Orta,358,254,100,86,4,3.33,16,6,5,4,65.6,13,23,1,1,13643.19,10613.78,138,72,Yağmurlu,0,0,0.94,70.95,24.02,1.12,51.18,15.88,59.67,38.11
2026-01-12,S009,Samsun İlkadım,Samsun,İlkadım,Orta,345,276,61,62,8,2.38,15,6,4,3,37.0,8,19,1,1,14493.74,11662.52,112,40,Yağmurlu,0,0,0.92,80.0,17.97,2.32,28.99,18.4,57.5,42.01
2026-01-12,S010,Erzurum Yakutiye,Erzurum,Yakutiye,Orta,320,240,75,77,5,2.96,14,5,4,3,49.3,9,9,1,1,14183.11,10586.32,150,45,Açık,0,0,0.87,75.0,24.06,1.56,37.5,17.14,64.0,44.32
2026-01-13,S001,Ankara Çankaya,Ankara,Çankaya,Merkez,366,342,17,26,7,1.24,24,9,10,2,9.0,2,9,2,1,18432.25,14116.56,172,58,Açık,0,0,1.17,93.44,7.1,1.91,5.85,14.25,40.67,50.36
2026-01-13,S002,Ankara Keçiören,Ankara,Keçiören,Büyük,417,378,28,32,11,1.44,21,8,8,2,22.2,3,11,2,1,21551.24,17795.66,203,94,Açık,0,0,1.22,90.65,7.67,2.64,7.94,18.0,52.12,51.68
2026-01-13,S003,İstanbul Kadıköy,İstanbul,Kadıköy,Merkez,535,496,29,39,10,1.4,28,11,12,2,17.9,6,14,3,2,24034.46,19165.26,253,118,Açık,0,0,1.46,92.71,7.29,1.87,12.1,17.71,48.64,44.92
2026-01-13,S004,İstanbul Üsküdar,İstanbul,Üsküdar,Büyük,404,373,27,33,4,1.75,25,10,10,2,5.2,5,23,2,1,20942.68,17342.94,141,74,Yağmurlu,0,0,1.23,92.33,8.17,0.99,13.4,14.92,40.4,51.84
2026-01-13,S005,İzmir Konak,İzmir,Konak,Merkez,430,408,17,19,5,1.57,23,9,9,0,5.9,5,10,2,1,20577.62,16859.19,169,81,Açık,0,0,1.36,94.88,4.42,1.16,12.25,17.74,47.78,47.85
2026-01-13,S006,Bursa Nilüfer,Bursa,Nilüfer,Büyük,327,296,26,30,5,1.75,19,7,7,0,4.2,4,19,1,0,15046.76,11629.84,155,60,Yağmurlu,0,0,1.08,90.52,9.17,1.53,13.51,15.58,46.71,46.01
2026-01-13,S007,Antalya Muratpaşa,Antalya,Muratpaşa,Büyük,427,389,30,31,8,1.43,20,8,7,2,20.1,2,8,1,1,20532.41,17184.11,172,66,Açık,0,0,1.18,91.1,7.26,1.87,5.14,19.45,53.38,48.09
2026-01-13,S008,Konya Selçuklu,Konya,Selçuklu,Orta,300,252,40,44,8,2.04,16,6,5,3,27.5,6,9,1,1,13334.4,11000.32,120,41,Açık,0,0,0.97,84.0,14.67,2.67,23.81,15.75,50.0,44.45
2026-01-13,S009,Samsun İlkadım,Samsun,İlkadım,Orta,225,211,11,12,3,1.45,15,6,4,2,9.5,3,3,0,1,9857.21,7667.04,120,44,Açık,0,0,0.83,93.78,5.33,1.33,14.22,14.07,37.5,43.81
2026-01-13,S010,Erzurum Yakutiye,Erzurum,Yakutiye,Orta,292,280,9,11,3,1.54,14,5,4,0,8.8,3,6,1,0,15214.27,12230.31,123,51,Açık,0,0,0.74,95.89,3.77,1.03,10.71,20.0,58.4,52.1
2026-01-14,S001,Ankara Çankaya,Ankara,Çankaya,Merkez,437,415,14,18,8,1.08,24,9,10,0,5.6,4,10,1,1,18753.9,15998.4,148,58,Açık,0,0,1.29,94.97,4.12,1.83,9.64,17.29,48.56,42.92
2026-01-14,S002,Ankara Keçiören,Ankara,Keçiören,Büyük,334,317,13,18,4,1.52,21,8,8,2,9.7,5,7,1,1,16188.85,13079.09,140,48,Açık,0,0,1.04,94.91,5.39,1.2,15.77,15.1,41.75,48.47
2026-01-14,S003,İstanbul Kadıköy,İstanbul,Kadıköy,Merkez,519,495,15,20,9,1.28,28,11,12,0,5.7,4,15,2,1,24426.72,19625.81,193,99,Açık,0,0,1.53,95.38,3.85,1.73,8.08,17.68,47.18,47.06
2026-01-14,S004,İstanbul Üsküdar,İstanbul,Üsküdar,Büyük,448,422,18,22,8,1.32,25,10,10,1,8.6,5,14,1,1,21580.68,16576.6,208,106,Açık,0,0,1.33,94.2,4.91,1.79,11.85,16.88,44.8,48.17
2026-01-14,S005,İzmir Konak,İzmir,Konak,Merkez,458,430,21,24,7,1.53,23,9,9,1,13.1,2,12,3,1,20771.06,16773.61,174,89,Açık,0,0,1.39,93.89,5.24,1.53,4.65,18.7,50.89,45.35
2026-01-14,S006,Bursa Nilüfer,Bursa,Nilüfer,Büyük,435,395,32,34,8,1.58,19,7,7,0,11.9,5,10,2,2,22849.0,18317.14,232,116,Açık,0,0,1.2,90.8,7.82,1.84,12.66,20.79,62.14,52.53
2026-01-14,S007,Antalya Muratpaşa,Antalya,Muratpaşa,Büyük,432,409,16,20,7,1.48,20,8,7,0,9.6,4,13,3,1,20834.08,17140.62,157,75,Açık,0,0,1.23,94.68,4.63,1.62,9.78,20.45,54.0,48.23
2026-01-14,S008,Konya Selçuklu,Konya,Selçuklu,Orta,346,275,64,68,7,2.62,16,6,5,3,38.3,9,22,1,1,13418.75,11035.58,112,41,Yağmurlu,0,0,0.97,79.48,19.65,2.02,32.73,17.19,57.67,38.78
2026-01-14,S009,Samsun İlkadım,Samsun,İlkadım,Orta,336,294,33,39,9,1.59,15,6,4,1,13.6,4,10,1,1,17582.88,13609.88,183,87,Bulutlu,0,0,1.0,87.5,11.61,2.68,13.61,19.6,56.0,52.33
2026-01-14,S010,Erzurum Yakutiye,Erzurum,Yakutiye,Orta,328,246,74,79,8,3.12,14,5,4,3,50.0,9,8,1,1,13970.06,10298.84,150,51,Açık,0,0,0.91,75.0,24.09,2.44,36.59,17.57,65.6,42.59
2026-01-15,S001,Ankara Çankaya,Ankara,Çankaya,Merkez,490,438,45,45,7,1.77,24,9,10,3,31.1,7,12,2,1,20821.2,15825.68,208,68,Açık,0,0,1.4,89.39,9.18,1.43,15.98,18.25,54.44,42.49
2026-01-15,S002,Ankara Keçiören,Ankara,Keçiören,Büyük,436,399,29,32,8,1.39,21,8,8,2,21.1,6,12,1,1,19036.61,14502.61,172,65,Açık,0,0,1.22,91.51,7.34,1.83,15.04,19.0,54.5,43.66
2026-01-15,S003,İstanbul Kadıköy,İstanbul,Kadıköy,Merkez,459,433,18,27,8,1.41,28,11,12,3,15.3,3,11,2,2,24902.88,20609.02,173,85,Açık,0,0,1.37,94.34,5.88,1.74,6.93,15.46,41.73,54.25
2026-01-15,S004,İstanbul Üsküdar,İstanbul,Üsküdar,Büyük,477,439,25,27,13,1.58,25,10,10,2,15.8,6,14,2,2,23806.26,18794.23,240,120,Açık,0,0,1.43,92.03,5.66,2.73,13.67,17.56,47.7,49.91
2026-01-15,S005,İzmir Konak,İzmir,Konak,Merkez,455,421,29,32,5,1.65,23,9,9,2,18.3,5,7,1,2,21537.18,17394.73,198,67,Açık,0,0,1.32,92.53,7.03,1.1,11.88,18.3,50.56,47.33
2026-01-15,S006,Bursa Nilüfer,Bursa,Nilüfer,Büyük,394,342,43,46,9,1.87,19,7,7,2,23.9,7,11,1,1,19317.05,14526.59,210,95,Açık,0,0,1.1,86.8,11.68,2.28,20.47,18.0,56.29,49.03
2026-01-15,S007,Antalya Muratpaşa,Antalya,Muratpaşa,Büyük,406,357,40,43,9,1.59,20,8,7,1,11.3,7,22,2,1,17864.82,12872.51,204,96,Yağmurlu,0,0,1.16,87.93,10.59,2.22,19.61,17.85,50.75,44.0
2026-01-15,S008,Konya Selçuklu,Konya,Selçuklu,Orta,360,293,62,67,5,2.36,16,6,5,3,39.2,7,10,2,2,14598.72,11233.22,128,67,Bulutlu,0,0,1.07,81.39,18.61,1.39,23.89,18.31,60.0,40.55
2026-01-15,S009,Samsun İlkadım,Samsun,İlkadım,Orta,329,307,13,15,9,1.33,15,6,4,0,8.8,2,11,1,1,13536.53,11308.77,124,48,Açık,0,0,0.98,93.31,4.56,2.74,6.51,20.47,54.83,41.14
2026-01-15,S010,Erzurum Yakutiye,Erzurum,Yakutiye,Orta,281,254,22,25,5,1.78,14,5,4,1,11.6,3,6,1,0,14244.84,10790.74,134,46,Açık,0,0,0.85,90.39,8.9,1.78,11.81,18.14,56.2,50.69
2026-01-16,S001,Ankara Çankaya,Ankara,Çankaya,Merkez,453,422,26,30,5,1.55,24,9,10,1,11.8,6,15,1,0,21476.97,18104.31,177,75,Açık,0,0,1.32,93.16,6.62,1.1,14.22,17.58,50.33,47.41
2026-01-16,S002,Ankara Keçiören,Ankara,Keçiören,Büyük,432,387,32,34,13,1.67,21,8,8,2,19.8,5,13,2,2,22196.43,17090.72,206,99,Açık,0,0,1.24,89.58,7.87,3.01,12.92,18.43,54.0,51.38
2026-01-16,S003,İstanbul Kadıköy,İstanbul,Kadıköy,Merkez,503,479,15,17,9,1.47,28,11,12,0,4.2,3,19,1,2,25938.64,20137.66,270,136,Açık,0,0,1.5,95.23,3.38,1.79,6.26,17.11,45.73,51.57
2026-01-16,S004,İstanbul Üsküdar,İstanbul,Üsküdar,Büyük,443,427,12,16,4,1.24,25,10,10,0,1.9,4,11,2,1,23850.22,19943.58,172,79,Açık,0,0,1.34,96.39,3.61,0.9,9.37,17.08,44.3,53.84
2026-01-16,S005,İzmir Konak,İzmir,Konak,Merkez,391,378,10,15,3,1.43,23,9,9,1,8.1,4,12,1,1,17013.08,14208.14,144,78,Açık,0,0,1.2,96.68,3.84,0.77,10.58,16.43,43.44,43.51
2026-01-16,S006,Bursa Nilüfer,Bursa,Nilüfer,Büyük,441,385,48,54,8,1.79,19,7,7,2,25.4,4,10,2,1,19122.89,14156.89,197,86,Açık,0,0,1.19,87.3,12.24,1.81,10.39,20.26,63.0,43.36
2026-01-16,S007,Antalya Muratpaşa,Antalya,Muratpaşa,Büyük,414,385,20,21,9,1.41,20,8,7,1,12.7,3,9,2,1,20184.18,16731.22,173,69,Açık,0,0,1.13,93.0,5.07,2.17,7.79,19.25,51.75,48.75
2026-01-16,S008,Konya Selçuklu,Konya,Selçuklu,Orta,258,235,18,20,5,1.36,16,6,5,2,13.1,1,6,1,0,11255.5,9420.34,87,41,Açık,0,0,0.88,91.09,7.75,1.94,4.26,14.69,43.0,43.63
2026-01-16,S009,Samsun İlkadım,Samsun,İlkadım,Orta,225,210,10,14,5,1.62,15,6,4,2,9.6,1,5,1,0,11647.79,9579.45,80,39,Açık,0,0,0.74,93.33,6.22,2.22,4.76,14.0,37.5,51.77
2026-01-16,S010,Erzurum Yakutiye,Erzurum,Yakutiye,Orta,247,199,43,44,5,2.49,14,5,4,2,19.9,9,29,1,1,10509.19,8778.92,88,44,Karlı,0,0,0.73,80.57,17.81,2.02,45.23,14.21,49.4,42.55
2026-01-17,S001,Ankara Çankaya,Ankara,Çankaya,Merkez,241,231,6,8,4,1.35,24,9,10,3,0.0,0,6,1,1,10556.23,8931.61,93,29,Bulutlu,0,0,1.44,95.85,3.32,1.66,0.0,9.62,26.78,43.8
2026-01-17,S002,Ankara Keçiören,Ankara,Keçiören,Büyük,217,204,9,10,4,1.47,21,8,8,3,3.0,1,8,1,1,10066.28,8345.94,77,24,Bulutlu,0,0,1.32,94.01,4.61,1.84,4.9,9.71,27.12,46.39
2026-01-17,S003,İstanbul Kadıköy,İstanbul,Kadıköy,Merkez,265,254,5,6,6,1.41,28,11,12,2,0.0,2,8,1,0,11116.28,9411.33,86,28,Açık,0,0,1.51,95.85,2.26,2.26,7.87,9.07,24.09,41.95
2026-01-17,S004,İstanbul Üsküdar,İstanbul,Üsküdar,Büyük,226,213,9,12,4,1.22,25,10,10,1,0.0,2,10,1,0,11090.36,9240.38,88,39,Bulutlu,0,0,1.38,94.25,5.31,1.77,9.39,8.52,22.6,49.07
2026-01-17,S005,İzmir Konak,İzmir,Konak,Merkez,177,164,8,9,5,1.51,23,9,9,1,0.0,1,5,0,0,8958.01,7296.52,80,32,Bulutlu,0,0,1.42,92.66,5.08,2.82,6.1,7.13,19.67,50.61
2026-01-17,S006,Bursa Nilüfer,Bursa,Nilüfer,Büyük,117,107,9,10,1,1.48,19,7,7,0,0.0,1,7,1,0,6135.1,5097.07,44,21,Yağmurlu,0,0,1.08,91.45,8.55,0.85,9.35,5.63,16.71,52.44
2026-01-17,S007,Antalya Muratpaşa,Antalya,Muratpaşa,Büyük,189,176,9,11,4,1.27,20,8,7,0,0.0,0,6,0,0,9595.81,7804.42,86,30,Açık,0,0,1.05,93.12,5.82,2.12,0.0,8.8,23.62,50.77
2026-01-17,S008,Konya Selçuklu,Konya,Selçuklu,Orta,152,144,5,6,3,1.48,16,6,5,2,0.0,3,6,1,0,6981.09,5535.9,56,24,Bulutlu,0,0,0.96,94.74,3.95,1.97,20.83,9.0,25.33,45.93
2026-01-17,S009,Samsun İlkadım,Samsun,İlkadım,Orta,148,134,12,14,2,1.63,15,6,4,4,16.3,1,4,0,0,7911.52,6296.47,61,30,Açık,0,0,1.01,90.54,9.46,1.35,7.46,8.93,24.67,53.46
2026-01-17,S010,Erzurum Yakutiye,Erzurum,Yakutiye,Orta,117,109,5,6,3,1.24,14,5,4,2,0.4,1,5,0,0,5681.39,4613.69,49,27,Açık,0,0,0.77,93.16,5.13,2.56,9.17,7.79,23.4,48.56
2026-01-18,S001,Ankara Çankaya,Ankara,Çankaya,Merkez,217,198,15,18,4,1.73,24,9,10,3,0.0,2,14,0,0,11234.17,8711.0,109,33,Yağmurlu,0,0,1.23,91.24,8.29,1.84,10.1,8.25,24.11,51.77
2026-01-18,S002,Ankara Keçiören,Ankara,Keçiören,Büyük,260,245,9,10,6,1.17,21,8,8,2,1.4,2,6,0,1,11960.14,9185.21,117,61,Açık,0,0,1.35,94.23,3.85,2.31,8.16,11.67,32.5,46.0
2026-01-18,S003,İstanbul Kadıköy,İstanbul,Kadıköy,Merkez,227,213,10,11,4,1.29,28,11,12,1,0.0,0,5,1,1,10248.28,8354.37,76,28,Açık,0,0,1.34,93.83,4.85,1.76,0.0,7.61,20.64,45.15
2026-01-18,S004,İstanbul Üsküdar,İstanbul,Üsküdar,Büyük,218,203,8,10,7,1.51,25,10,10,0,0.0,3,7,1,1,11314.19,9082.46,85,38,Açık,0,0,1.41,93.12,4.59,3.21,14.78,8.12,21.8,51.9
2026-01-18,S005,İzmir Konak,İzmir,Konak,Merkez,252,233,15,17,4,1.43,23,9,9,4,6.6,2,5,1,1,13262.66,10931.77,106,48,Açık,0,0,1.4,92.46,6.75,1.59,8.58,10.13,28.0,52.63
2026-01-18,S006,Bursa Nilüfer,Bursa,Nilüfer,Büyük,160,148,9,10,3,1.41,19,7,7,1,0.0,0,3,1,1,7334.09,5864.59,59,20,Açık,0,0,1.12,92.5,6.25,1.88,0.0,7.79,22.86,45.84
2026-01-18,S007,Antalya Muratpaşa,Antalya,Muratpaşa,Büyük,231,218,10,13,3,1.25,20,8,7,2,0.0,2,5,1,1,10547.09,8513.66,92,38,Açık,0,0,1.19,94.37,5.63,1.3,9.17,10.9,28.88,45.66
2026-01-18,S008,Konya Selçuklu,Konya,Selçuklu,Orta,221,206,12,12,3,1.67,16,6,5,1,2.9,3,6,1,0,10830.82,8323.42,117,37,Açık,0,0,1.13,93.21,5.43,1.36,14.56,12.88,36.83,49.01
2026-01-18,S009,Samsun İlkadım,Samsun,İlkadım,Orta,114,108,3,4,3,1.49,15,6,4,1,0.0,0,3,0,0,6215.97,4804.1,55,18,Açık,0,0,0.74,94.74,3.51,2.63,0.0,7.2,19.0,54.53
2026-01-18,S010,Erzurum Yakutiye,Erzurum,Yakutiye,Orta,179,169,6,9,4,1.43,14,5,4,0,0.4,1,6,1,0,8572.67,7014.39,79,27,Açık,0,0,0.91,94.41,5.03,2.23,5.92,12.07,35.8,47.89
2026-01-19,S001,Ankara Çankaya,Ankara,Çankaya,Merkez,509,465,35,39,9,1.51,24,9,10,2,23.1,7,21,3,2,22845.62,19284.82,168,64,Bulutlu,0,0,1.27,91.36,7.66,1.77,15.05,19.38,56.56,44.88
2026-01-19,S002,Ankara Keçiören,Ankara,Keçiören,Büyük,533,469,51,54,13,1.88,21,8,8,1,24.1,8,18,3,1,23874.42,18322.34,226,108,Bulutlu,0,0,1.3,87.99,10.13,2.44,17.06,22.33,66.62,44.79
2026-01-19,S003,İstanbul Kadıköy,İstanbul,Kadıköy,Merkez,586,509,69,74,8,2.01,28,11,12,3,29.7,10,32,2,2,25157.66,20344.23,188,97,Yağmurlu,0,0,1.5,86.86,12.63,1.37,19.65,18.18,53.27,42.93
2026-01-19,S004,İstanbul Üsküdar,İstanbul,Üsküdar,Büyük,538,497,28,32,13,1.63,25,10,10,1,15.4,6,13,2,0,23242.88,18006.32,204,96,Açık,0,0,1.37,92.38,5.95,2.42,12.07,19.88,53.8,43.2
2026-01-19,S005,İzmir Konak,İzmir,Konak,Merkez,497,448,41,49,8,1.87,23,9,9,2,22.7,7,11,1,1,25023.24,21042.89,163,61,Bulutlu,0,0,1.21,90.14,9.86,1.61,15.62,19.48,55.22,50.35
2026-01-19,S006,Bursa Nilüfer,Bursa,Nilüfer,Büyük,409,363,39,43,7,1.68,19,7,7,2,24.0,5,7,1,1,18244.38,14199.87,166,58,Açık,0,0,1.04,88.75,10.51,1.71,13.77,19.11,58.43,44.61
2026-01-19,S007,Antalya Muratpaşa,Antalya,Muratpaşa,Büyük,477,437,31,37,9,1.41,20,8,7,0,13.8,3,14,2,1,22416.48,17169.24,200,90,Açık,0,0,1.2,91.61,7.76,1.89,6.86,21.85,59.62,46.99
2026-01-19,S008,Konya Selçuklu,Konya,Selçuklu,Orta,375,308,63,66,4,2.5,16,6,5,3,41.3,9,13,1,1,17571.15,13514.65,196,105,Açık,0,0,0.96,82.13,17.6,1.07,29.22,19.25,62.5,46.86
2026-01-19,S009,Samsun İlkadım,Samsun,İlkadım,Orta,358,295,55,59,8,2.15,15,6,4,3,38.4,6,8,0,1,17802.85,14055.47,169,78,Bulutlu,0,0,0.92,82.4,16.48,2.23,20.34,19.67,59.67,49.73
2026-01-19,S010,Erzurum Yakutiye,Erzurum,Yakutiye,Orta,348,254,89,84,5,3.11,14,5,4,2,30.1,12,38,1,1,14727.62,12091.05,115,36,Karlı,0,0,0.78,72.99,24.14,1.44,47.24,18.14,69.6,42.32
2026-01-20,S001,Ankara Çankaya,Ankara,Çankaya,Merkez,436,400,27,30,9,1.42,24,9,10,1,11.0,5,16,2,1,23691.11,18158.84,215,116,Açık,0,0,1.36,91.74,6.88,2.06,12.5,16.67,48.44,54.34
2026-01-20,S002,Ankara Keçiören,Ankara,Keçiören,Büyük,419,375,35,38,9,1.86,21,8,8,2,16.8,6,9,2,2,20071.85,16674.03,153,67,Bulutlu,0,0,1.23,89.5,9.07,2.15,16.0,17.86,52.38,47.9
2026-01-20,S003,İstanbul Kadıköy,İstanbul,Kadıköy,Merkez,456,426,23,30,7,1.37,28,11,12,0,3.1,5,15,2,2,23344.71,18214.84,215,89,Açık,0,0,1.38,93.42,6.58,1.54,11.74,15.21,41.45,51.19
2026-01-20,S004,İstanbul Üsküdar,İstanbul,Üsküdar,Büyük,439,407,27,30,5,1.35,25,10,10,2,10.9,3,12,2,1,23395.54,17817.74,228,123,Bulutlu,0,0,1.36,92.71,6.83,1.14,7.37,16.28,43.9,53.29
2026-01-20,S005,İzmir Konak,İzmir,Konak,Merkez,478,440,31,34,7,1.51,23,9,9,1,15.1,3,13,2,0,26191.41,20362.81,263,140,Açık,0,0,1.29,92.05,7.11,1.46,6.82,19.13,53.11,54.79
2026-01-20,S006,Bursa Nilüfer,Bursa,Nilüfer,Büyük,405,373,26,30,6,1.3,19,7,7,0,9.2,4,10,2,1,18939.64,14731.8,221,95,Bulutlu,0,0,1.2,92.1,7.41,1.48,10.72,19.63,57.86,46.76
2026-01-20,S007,Antalya Muratpaşa,Antalya,Muratpaşa,Büyük,375,346,24,29,5,1.54,20,8,7,2,14.8,6,6,1,1,18494.44,14217.69,190,65,Bulutlu,0,0,1.12,92.27,7.73,1.33,17.34,17.3,46.88,49.32
2026-01-20,S008,Konya Selçuklu,Konya,Selçuklu,Orta,397,353,37,38,7,1.87,16,6,5,1,18.4,4,14,0,1,17727.84,13413.68,163,73,Açık,0,0,1.13,88.92,9.57,1.76,11.33,22.06,66.17,44.65
2026-01-20,S009,Samsun İlkadım,Samsun,İlkadım,Orta,422,325,89,93,8,2.67,15,6,4,3,47.3,9,10,2,1,16582.48,12249.92,195,63,Açık,0,0,1.08,77.01,22.04,1.9,27.69,21.67,70.33,39.29
2026-01-20,S010,Erzurum Yakutiye,Erzurum,Yakutiye,Orta,327,257,64,65,6,2.53,14,5,4,1,16.1,10,37,1,0,13730.06,10281.7,159,59,Karlı,0,0,0.87,78.59,19.88,1.83,38.91,18.36,65.4,41.99
2026-01-21,S001,Ankara Çankaya,Ankara,Çankaya,Merkez,451,411,32,36,8,1.52,24,9,10,2,19.9,4,17,2,1,22974.27,19159.82,176,76,Bulutlu,0,0,1.32,91.13,7.98,1.77,9.73,17.12,50.11,50.94
2026-01-21,S002,Ankara Keçiören,Ankara,Keçiören,Büyük,452,413,34,39,5,1.81,21,8,8,0,9.2,7,28,0,2,19825.7,15968.92,166,90,Yağmurlu,0,0,1.3,91.37,8.63,1.11,16.95,19.67,56.5,43.86
2026-01-21,S003,İstanbul Kadıköy,İstanbul,Kadıköy,Merkez,512,458,46,55,8,1.69,28,11,12,2,17.7,8,32,3,1,21535.5,16614.44,199,88,Yağmurlu,0,0,1.45,89.45,10.74,1.56,17.47,16.36,46.55,42.06
2026-01-21,S004,İstanbul Üsküdar,İstanbul,Üsküdar,Büyük,452,415,27,27,10,1.42,25,10,10,3,20.6,7,11,2,1,20274.23,15569.92,212,83,Açık,0,0,1.42,91.81,5.97,2.21,16.87,16.6,45.2,44.85
2026-01-21,S005,İzmir Konak,İzmir,Konak,Merkez,498,446,43,48,9,1.84,23,9,9,3,31.9,7,13,1,2,23100.83,19682.28,178,76,Bulutlu,0,0,1.38,89.56,9.64,1.81,15.7,19.39,55.33,46.39
2026-01-21,S006,Bursa Nilüfer,Bursa,Nilüfer,Büyük,418,380,28,33,10,1.72,19,7,7,1,18.6,4,12,2,1,19543.8,14994.09,199,88,Açık,0,0,1.3,90.91,7.89,2.39,10.53,20.0,59.71,46.76
2026-01-21,S007,Antalya Muratpaşa,Antalya,Muratpaşa,Büyük,405,378,20,27,7,1.39,20,8,7,0,6.9,5,13,1,1,20033.7,16083.59,171,89,Bulutlu,0,0,1.15,93.33,6.67,1.73,13.23,18.9,50.62,49.47
2026-01-21,S008,Konya Selçuklu,Konya,Selçuklu,Orta,324,290,28,30,6,1.76,16,6,5,2,20.1,4,6,2,0,16208.15,13126.04,142,71,Açık,0,0,0.86,89.51,9.26,1.85,13.79,18.12,54.0,50.03
2026-01-21,S009,Samsun İlkadım,Samsun,İlkadım,Orta,347,322,17,20,8,1.54,15,6,4,0,7.7,6,9,2,1,16464.79,12538.32,159,74,Bulutlu,0,0,0.97,92.8,5.76,2.31,18.63,21.47,57.83,47.45
2026-01-21,S010,Erzurum Yakutiye,Erzurum,Yakutiye,Orta,280,242,34,38,4,1.95,14,5,4,2,22.2,4,5,1,1,13013.3,9407.47,137,61,Açık,0,0,0.8,86.43,13.57,1.43,16.53,17.29,56.0,46.48
2026-01-22,S001,Ankara Çankaya,Ankara,Çankaya,Merkez,425,393,23,30,9,1.62,24,9,10,1,9.9,2,13,2,1,21317.09,16579.7,225,81,Bulutlu,0,0,1.37,92.47,7.06,2.12,5.09,16.38,47.22,50.16
2026-01-22,S002,Ankara Keçiören,Ankara,Keçiören,Büyük,429,389,31,35,9,1.88,21,8,8,2,19.8,7,10,2,1,23442.76,18435.44,196,95,Açık,0,0,1.22,90.68,8.16,2.1,17.99,18.52,53.62,54.65
2026-01-22,S003,İstanbul Kadıköy,İstanbul,Kadıköy,Merkez,532,501,24,28,7,1.61,28,11,12,2,14.9,4,14,1,0,22105.86,18351.94,204,71,Açık,0,0,1.54,94.17,5.26,1.32,7.98,17.89,48.36,41.55
2026-01-22,S004,İstanbul Üsküdar,İstanbul,Üsküdar,Büyük,515,467,40,47,8,1.61,25,10,10,3,28.2,6,13,3,2,23185.65,18832.58,188,69,Açık,0,0,1.49,90.68,9.13,1.55,12.85,18.68,51.5,45.02
2026-01-22,S005,İzmir Konak,İzmir,Konak,Merkez,408,387,17,22,4,1.35,23,9,9,0,4.4,4,14,0,0,24100.87,18480.88,197,108,Açık,0,0,1.26,94.85,5.39,0.98,10.34,16.83,45.33,59.07
2026-01-22,S006,Bursa Nilüfer,Bursa,Nilüfer,Büyük,437,388,42,47,7,1.97,19,7,7,0,12.4,8,21,1,2,23091.27,17530.87,220,119,Yağmurlu,0,0,1.09,88.79,10.76,1.6,20.62,20.42,62.43,52.84
2026-01-22,S007,Antalya Muratpaşa,Antalya,Muratpaşa,Büyük,393,355,32,35,6,1.7,20,8,7,2,14.5,3,9,2,1,16990.35,14004.49,127,45,Açık,0,0,1.2,90.33,8.91,1.53,8.45,17.75,49.12,43.23
2026-01-22,S008,Konya Selçuklu,Konya,Selçuklu,Orta,327,300,23,27,4,1.64,16,6,5,1,11.9,3,4,2,0,17384.73,13629.39,145,69,Açık,0,0,0.9,91.74,8.26,1.22,10.0,18.75,54.5,53.16
2026-01-22,S009,Samsun İlkadım,Samsun,İlkadım,Orta,302,280,19,25,3,1.55,15,6,4,1,10.2,4,10,1,1,15239.6,12942.93,98,34,Açık,0,0,0.92,92.72,8.28,0.99,14.29,18.67,50.33,50.46
2026-01-22,S010,Erzurum Yakutiye,Erzurum,Yakutiye,Orta,278,252,22,27,4,1.65,14,5,4,1,12.4,4,5,1,1,12109.94,9144.33,141,54,Açık,0,0,0.85,90.65,9.71,1.44,15.87,18.0,55.6,43.56
2026-01-23,S001,Ankara Çankaya,Ankara,Çankaya,Merkez,531,456,66,75,9,1.74,24,9,10,3,34.8,10,15,1,1,24098.23,17425.02,248,128,Açık,0,0,1.48,85.88,14.12,1.69,21.93,19.0,59.0,45.38
2026-01-23,S002,Ankara Keçiören,Ankara,Keçiören,Büyük,347,331,11,14,5,1.27,21,8,8,1,5.8,5,12,2,1,17195.89,13240.06,158,49,Açık,0,0,1.18,95.39,4.03,1.44,15.11,15.76,43.38,49.56
2026-01-23,S003,İstanbul Kadıköy,İstanbul,Kadıköy,Merkez,514,481,24,25,9,1.4,28,11,12,0,4.8,4,12,2,2,24979.23,20207.48,229,81,Açık,0,0,1.55,93.58,4.86,1.75,8.32,17.18,46.73,48.6
2026-01-23,S004,İstanbul Üsküdar,İstanbul,Üsküdar,Büyük,522,484,24,31,14,1.24,25,10,10,1,13.2,5,16,4,1,24233.98,19436.05,227,92,Açık,0,0,1.58,92.72,5.94,2.68,10.33,19.36,52.2,46.43
2026-01-23,S005,İzmir Konak,İzmir,Konak,Merkez,428,409,13,15,6,1.41,23,9,9,1,10.5,2,8,3,2,19923.11,16076.88,159,84,Açık,0,0,1.23,95.56,3.5,1.4,4.89,17.78,47.56,46.55
2026-01-23,S006,Bursa Nilüfer,Bursa,Nilüfer,Büyük,359,331,24,28,4,1.58,19,7,7,1,11.9,4,9,1,0,18800.13,15126.23,177,61,Açık,0,0,0.96,92.2,7.8,1.11,12.08,17.42,51.29,52.37
2026-01-23,S007,Antalya Muratpaşa,Antalya,Muratpaşa,Büyük,446,386,51,52,9,2.07,20,8,7,2,22.2,9,26,1,0,19618.31,14530.15,196,62,Yağmurlu,0,0,1.33,86.55,11.66,2.02,23.32,19.3,55.75,43.99
2026-01-23,S008,Konya Selçuklu,Konya,Selçuklu,Orta,334,245,83,80,6,2.72,16,6,5,4,62.2,8,10,1,1,15115.11,11169.55,149,76,Açık,0,0,0.98,73.35,23.95,1.8,32.65,15.31,55.67,45.25
2026-01-23,S009,Samsun İlkadım,Samsun,İlkadım,Orta,303,276,22,27,5,1.62,15,6,4,0,5.4,5,17,1,1,15004.95,11948.18,138,46,Yağmurlu,0,0,0.83,91.09,8.91,1.65,18.12,18.4,50.5,49.52
2026-01-23,S010,Erzurum Yakutiye,Erzurum,Yakutiye,Orta,297,209,83,71,5,4.5,14,5,4,4,102.5,9,5,1,1,11428.36,8496.68,114,59,Açık,0,0,0.86,70.37,23.91,1.68,43.06,14.93,59.4,38.48
2026-01-24,S001,Ankara Çankaya,Ankara,Çankaya,Merkez,199,189,6,9,4,1.35,24,9,10,1,0.0,0,5,1,0,9440.75,7116.33,105,34,Bulutlu,0,0,1.35,94.97,4.52,2.01,0.0,7.88,22.11,47.44
2026-01-24,S002,Ankara Keçiören,Ankara,Keçiören,Büyük,226,213,7,9,6,1.56,21,8,8,3,2.8,0,6,1,1,10089.31,7698.86,103,51,Bulutlu,0,0,1.19,94.25,3.98,2.65,0.0,10.14,28.25,44.64
2026-01-24,S003,İstanbul Kadıköy,İstanbul,Kadıköy,Merkez,201,190,9,10,2,1.65,28,11,12,1,0.0,2,5,1,0,9831.65,7798.37,89,32,Bulutlu,0,0,1.36,94.53,4.98,1.0,10.53,6.79,18.27,48.91
2026-01-24,S004,İstanbul Üsküdar,İstanbul,Üsküdar,Büyük,235,212,17,20,6,1.69,25,10,10,3,0.0,3,13,1,1,10776.62,7699.83,119,59,Yağmurlu,0,0,1.43,90.21,8.51,2.55,14.15,8.48,23.5,45.86
2026-01-24,S005,İzmir Konak,İzmir,Konak,Merkez,209,198,8,9,3,1.35,23,9,9,3,0.0,3,6,1,1,10056.69,8048.92,106,37,Açık,0,0,1.24,94.74,4.31,1.44,15.15,8.61,23.22,48.12
2026-01-24,S006,Bursa Nilüfer,Bursa,Nilüfer,Büyük,171,164,4,5,3,1.04,19,7,7,2,0.0,1,5,1,0,8583.53,6845.03,91,36,Açık,0,0,1.01,95.91,2.92,1.75,6.1,8.63,24.43,50.2
2026-01-24,S007,Antalya Muratpaşa,Antalya,Muratpaşa,Büyük,184,168,13,15,3,1.55,20,8,7,0,0.0,3,10,1,0,9035.61,7696.89,74,26,Yağmurlu,0,0,1.18,91.3,8.15,1.63,17.86,8.4,23.0,49.11
2026-01-24,S008,Konya Selçuklu,Konya,Selçuklu,Orta,184,169,12,13,3,1.54,16,6,5,0,0.0,1,5,1,1,7986.36,6688.67,60,33,Bulutlu,0,0,1.0,91.85,7.07,1.63,5.92,10.56,30.67,43.4
2026-01-24,S009,Samsun İlkadım,Samsun,İlkadım,Orta,136,128,6,8,2,1.32,15,6,4,1,0.0,0,5,1,0,7103.69,6058.51,49,16,Açık,0,0,0.87,94.12,5.88,1.47,0.0,8.53,22.67,52.23
2026-01-24,S010,Erzurum Yakutiye,Erzurum,Yakutiye,Orta,131,122,7,10,2,1.35,14,5,4,1,0.0,1,4,1,0,6102.96,4563.74,62,31,Açık,0,0,0.72,93.13,7.63,1.53,8.2,8.71,26.2,46.59
2026-01-25,S001,Ankara Çankaya,Ankara,Çankaya,Merkez,259,246,10,11,3,1.46,24,9,10,0,0.0,0,8,1,0,13212.45,10266.29,125,67,Açık,0,0,1.33,94.98,4.25,1.16,0.0,10.25,28.78,51.01
2026-01-25,S002,Ankara Keçiören,Ankara,Keçiören,Büyük,177,161,13,13,3,1.65,21,8,8,2,0.0,3,10,1,1,9260.1,7660.58,84,30,Yağmurlu,0,0,1.14,90.96,7.34,1.69,18.63,7.67,22.12,52.32
2026-01-25,S003,İstanbul Kadıköy,İstanbul,Kadıköy,Merkez,241,219,20,23,2,1.71,28,11,12,1,0.0,4,14,0,0,12748.13,9807.13,131,62,Yağmurlu,0,0,1.51,90.87,9.54,0.83,18.26,7.82,21.91,52.9
2026-01-25,S004,İstanbul Üsküdar,İstanbul,Üsküdar,Büyük,234,222,9,12,3,1.46,25,10,10,0,0.0,3,6,1,1,10458.67,8418.58,100,52,Açık,0,0,1.41,94.87,5.13,1.28,13.51,8.88,23.4,44.7
2026-01-25,S005,İzmir Konak,İzmir,Konak,Merkez,241,224,13,12,4,1.1,23,9,9,2,0.0,0,7,1,0,11555.42,9044.28,104,51,Açık,0,0,1.33,92.95,4.98,1.66,0.0,9.74,26.78,47.95
2026-01-25,S006,Bursa Nilüfer,Bursa,Nilüfer,Büyük,151,138,10,13,3,2.03,19,7,7,1,0.0,0,9,1,0,6584.14,4989.19,61,33,Yağmurlu,0,0,1.18,91.39,8.61,1.99,0.0,7.26,21.57,43.6
2026-01-25,S007,Antalya Muratpaşa,Antalya,Muratpaşa,Büyük,202,187,10,12,5,1.23,20,8,7,2,0.0,2,5,1,0,8398.52,6923.45,81,36,Açık,0,0,1.29,92.57,5.94,2.48,10.7,9.35,25.25,41.58
2026-01-25,S008,Konya Selçuklu,Konya,Selçuklu,Orta,141,133,5,6,3,1.46,16,6,5,0,0.0,0,3,1,0,6758.06,5607.21,57,30,Açık,0,0,0.93,94.33,4.26,2.13,0.0,8.31,23.5,47.93
2026-01-25,S009,Samsun İlkadım,Samsun,İlkadım,Orta,149,129,19,21,1,2.05,15,6,4,4,17.1,4,10,0,0,7278.11,5931.55,59,19,Yağmurlu,0,0,0.91,86.58,14.09,0.67,31.01,8.6,24.83,48.85
2026-01-25,S010,Erzurum Yakutiye,Erzurum,Yakutiye,Orta,141,123,15,17,3,2.13,14,5,4,0,0.0,4,17,1,0,6310.9,5254.82,50,22,Karlı,0,0,0.79,87.23,12.06,2.13,32.52,8.79,28.2,44.76
2026-01-26,S001,Ankara Çankaya,Ankara,Çankaya,Merkez,541,499,31,34,11,1.3,24,9,10,0,13.8,5,16,1,2,28304.84,23451.56,205,100,Açık,0,0,1.38,92.24,6.28,2.03,10.02,20.79,60.11,52.32
2026-01-26,S002,Ankara Keçiören,Ankara,Keçiören,Büyük,527,451,67,69,9,1.97,21,8,8,1,24.3,7,32,1,1,24750.67,16775.57,271,147,Yağmurlu,0,0,1.32,85.58,13.09,1.71,15.52,21.48,65.88,46.97
2026-01-26,S003,İstanbul Kadıköy,İstanbul,Kadıköy,Merkez,681,608,59,63,14,1.91,28,11,12,0,19.6,8,37,4,0,31672.19,26276.58,232,119,Yağmurlu,0,0,1.67,89.28,9.25,2.06,13.16,21.71,61.91,46.51
2026-01-26,S004,İstanbul Üsküdar,İstanbul,Üsküdar,Büyük,560,524,26,27,10,1.68,25,10,10,1,17.7,4,21,4,2,27533.74,21790.62,249,115,Açık,0,0,1.37,93.57,4.82,1.79,7.63,20.96,56.0,49.17
2026-01-26,S005,İzmir Konak,İzmir,Konak,Merkez,581,526,42,51,13,1.57,23,9,9,2,32.0,5,19,2,1,27680.46,21998.03,269,113,Açık,0,0,1.44,90.53,8.78,2.24,9.51,22.87,64.56,47.64
2026-01-26,S006,Bursa Nilüfer,Bursa,Nilüfer,Büyük,481,414,59,71,8,2.03,19,7,7,2,32.6,8,10,2,2,22830.39,17397.77,242,127,Açık,0,0,1.2,86.07,14.76,1.66,19.32,21.79,68.71,47.46
2026-01-26,S007,Antalya Muratpaşa,Antalya,Muratpaşa,Büyük,476,432,34,36,10,1.63,20,8,7,1,17.3,5,12,3,1,22990.35,18362.31,189,103,Açık,0,0,1.23,90.76,7.56,2.1,11.57,21.6,59.5,48.3
2026-01-26,S008,Konya Selçuklu,Konya,Selçuklu,Orta,416,354,57,62,5,2.04,16,6,5,2,29.5,9,16,2,1,19287.59,16106.15,139,53,Bulutlu,0,0,1.02,85.1,14.9,1.2,25.42,22.12,69.33,46.36
2026-01-26,S009,Samsun İlkadım,Samsun,İlkadım,Orta,324,302,14,18,8,1.37,15,6,4,0,9.0,3,9,1,1,18210.77,13782.66,170,76,Açık,0,0,0.85,93.21,5.56,2.47,9.93,20.13,54.0,56.21
2026-01-26,S010,Erzurum Yakutiye,Erzurum,Yakutiye,Orta,328,262,60,68,6,2.65,14,5,4,1,18.1,10,34,2,1,15292.28,11643.73,141,67,Karlı,0,0,0.75,79.88,20.73,1.83,38.17,18.71,65.6,46.62
2026-01-27,S001,Ankara Çankaya,Ankara,Çankaya,Merkez,535,479,50,56,6,1.97,24,9,10,1,19.1,7,29,2,2,27961.3,22930.81,195,74,Yağmurlu,0,0,1.48,89.53,10.47,1.12,14.61,19.96,59.44,52.26
2026-01-27,S002,Ankara Keçiören,Ankara,Keçiören,Büyük,448,411,32,35,5,1.82,21,8,8,1,16.5,5,11,1,0,21559.83,16804.43,190,83,Açık,0,0,1.34,91.74,7.81,1.12,12.17,19.57,56.0,48.12
2026-01-27,S003,İstanbul Kadıköy,İstanbul,Kadıköy,Merkez,512,454,45,48,13,2.0,28,11,12,3,20.7,6,35,1,2,25315.5,21181.91,179,59,Yağmurlu,0,0,1.54,88.67,9.38,2.54,13.22,16.21,46.55,49.44
2026-01-27,S004,İstanbul Üsküdar,İstanbul,Üsküdar,Büyük,535,503,24,26,8,1.29,25,10,10,0,9.1,4,15,2,2,25498.79,20106.85,277,127,Açık,0,0,1.6,94.02,4.86,1.5,7.95,20.12,53.5,47.66
2026-01-27,S005,İzmir Konak,İzmir,Konak,Merkez,488,435,48,54,5,1.81,23,9,9,3,27.9,6,16,1,0,24439.2,18327.46,261,127,Bulutlu,0,0,1.4,89.14,11.07,1.02,13.79,18.91,54.22,50.08
2026-01-27,S006,Bursa Nilüfer,Bursa,Nilüfer,Büyük,389,347,37,40,5,1.51,19,7,7,2,23.2,3,9,2,1,18101.49,14828.15,149,73,Açık,0,0,1.22,89.2,10.28,1.29,8.65,18.26,55.57,46.53
2026-01-27,S007,Antalya Muratpaşa,Antalya,Muratpaşa,Büyük,389,363,19,25,7,1.53,20,8,7,2,13.3,3,8,2,1,19089.41,15610.98,162,76,Açık,0,0,1.12,93.32,6.43,1.8,8.26,18.15,48.62,49.07
2026-01-27,S008,Konya Selçuklu,Konya,Selçuklu,Orta,314,285,21,22,8,1.68,16,6,5,1,14.4,3,10,2,1,16187.75,12998.74,115,52,Bulutlu,0,0,0.96,90.76,7.01,2.55,10.53,17.81,52.33,51.55
2026-01-27,S009,Samsun İlkadım,Samsun,İlkadım,Orta,317,227,84,76,6,2.86,15,6,4,4,57.1,7,17,1,1,10661.49,8422.13,102,46,Yağmurlu,0,0,0.96,71.61,23.97,1.89,30.84,15.13,52.83,33.63
2026-01-27,S010,Erzurum Yakutiye,Erzurum,Yakutiye,Orta,197,171,22,24,4,2.19,14,5,4,1,5.3,4,21,1,0,8843.58,7272.61,83,29,Karlı,0,0,0.64,86.8,12.18,2.03,23.39,12.21,39.4,44.89
2026-01-28,S001,Ankara Çankaya,Ankara,Çankaya,Merkez,441,395,39,45,7,1.64,24,9,10,1,12.5,6,23,2,1,21150.82,17252.65,181,86,Yağmurlu,0,0,1.31,89.57,10.2,1.59,15.19,16.46,49.0,47.96
2026-01-28,S002,Ankara Keçiören,Ankara,Keçiören,Büyük,399,360,32,34,7,1.83,21,8,8,1,11.9,7,24,2,1,15627.8,13003.56,153,55,Yağmurlu,0,0,1.18,90.23,8.52,1.75,19.44,17.14,49.88,39.17
2026-01-28,S003,İstanbul Kadıköy,İstanbul,Kadıköy,Merkez,504,476,20,27,8,1.34,28,11,12,2,15.4,2,9,2,2,24437.94,18323.42,230,105,Açık,0,0,1.47,94.44,5.36,1.59,4.2,17.0,45.82,48.49
2026-01-28,S004,İstanbul Üsküdar,İstanbul,Üsküdar,Büyük,472,442,19,23,11,1.33,25,10,10,0,5.8,5,14,3,1,23426.43,17023.68,258,96,Açık,0,0,1.47,93.64,4.87,2.33,11.31,17.68,47.2,49.63
2026-01-28,S005,İzmir Konak,İzmir,Konak,Merkez,490,451,34,41,5,1.85,23,9,9,2,21.6,4,13,2,1,24241.75,18975.38,225,81,Bulutlu,0,0,1.39,92.04,8.37,1.02,8.87,19.61,54.44,49.47
2026-01-28,S006,Bursa Nilüfer,Bursa,Nilüfer,Büyük,371,329,36,40,6,1.49,19,7,7,2,19.3,4,11,1,1,19949.06,15739.33,156,64,Açık,0,0,1.07,88.68,10.78,1.62,12.16,17.32,53.0,53.77
2026-01-28,S007,Antalya Muratpaşa,Antalya,Muratpaşa,Büyük,466,420,37,41,9,2.1,20,8,7,0,12.1,7,25,2,1,23536.3,19965.97,157,82,Yağmurlu,0,0,1.32,90.13,8.8,1.93,16.67,21.0,58.25,50.51
2026-01-28,S008,Konya Selçuklu,Konya,Selçuklu,Orta,354,304,43,50,7,2.0,16,6,5,1,15.4,7,19,2,1,15371.7,11741.99,158,49,Yağmurlu,0,0,1.04,85.88,14.12,1.98,23.03,19.0,59.0,43.42
2026-01-28,S009,Samsun İlkadım,Samsun,İlkadım,Orta,271,245,21,24,5,1.93,15,6,4,2,13.5,3,11,0,1,12355.22,9698.16,121,44,Açık,0,0,0.9,90.41,8.86,1.85,12.24,16.33,45.17,45.59
2026-01-28,S010,Erzurum Yakutiye,Erzurum,Yakutiye,Orta,267,213,47,51,7,2.24,14,5,4,3,38.9,4,8,1,1,11212.22,8621.72,123,42,Açık,0,0,0.75,79.78,19.1,2.62,18.78,15.21,53.4,41.99
2026-01-29,S001,Ankara Çankaya,Ankara,Çankaya,Merkez,450,411,30,40,9,1.41,24,9,10,2,16.5,6,19,2,2,23027.81,19408.5,173,93,Açık,0,0,1.25,91.33,8.89,2.0,14.6,17.12,50.0,51.17
2026-01-29,S002,Ankara Keçiören,Ankara,Keçiören,Büyük,409,380,24,29,5,1.39,21,8,8,2,21.6,3,13,1,2,17901.93,14943.1,138,55,Açık,0,0,1.25,92.91,7.09,1.22,7.89,18.1,51.12,43.77
2026-01-29,S003,İstanbul Kadıköy,İstanbul,Kadıköy,Merkez,511,471,31,34,9,1.52,28,11,12,2,13.8,6,15,3,1,24075.37,19812.95,196,62,Açık,0,0,1.56,92.17,6.65,1.76,12.74,16.82,46.45,47.11
2026-01-29,S004,İstanbul Üsküdar,İstanbul,Üsküdar,Büyük,546,485,54,56,7,2.01,25,10,10,2,22.2,8,32,2,1,28099.01,22809.24,230,102,Yağmurlu,0,0,1.49,88.83,10.26,1.28,16.49,19.4,54.6,51.46
2026-01-29,S005,İzmir Konak,İzmir,Konak,Merkez,520,473,38,40,9,1.75,23,9,9,2,25.7,4,11,2,2,25526.26,19801.62,232,121,Açık,0,0,1.39,90.96,7.69,1.73,8.46,20.57,57.78,49.09
2026-01-29,S006,Bursa Nilüfer,Bursa,Nilüfer,Büyük,452,383,58,67,11,2.25,19,7,7,2,26.5,8,20,1,2,21962.15,17161.33,206,74,Yağmurlu,0,0,1.18,84.73,14.82,2.43,20.89,20.16,64.57,48.59
2026-01-29,S007,Antalya Muratpaşa,Antalya,Muratpaşa,Büyük,421,393,18,23,10,1.34,20,8,7,0,9.2,3,13,2,2,21009.61,17108.75,179,72,Açık,0,0,1.23,93.35,5.46,2.38,7.63,19.65,52.62,49.9
2026-01-29,S008,Konya Selçuklu,Konya,Selçuklu,Orta,291,275,11,18,5,1.43,16,6,5,1,7.7,2,7,1,0,13519.95,10933.33,131,51,Açık,0,0,0.9,94.5,6.19,1.72,7.27,17.19,48.5,46.46
2026-01-29,S009,Samsun İlkadım,Samsun,İlkadım,Orta,361,332,25,30,4,1.46,15,6,4,0,10.0,4,11,1,1,16704.83,14440.69,118,47,Bulutlu,0,0,0.99,91.97,8.31,1.11,12.05,22.13,60.17,46.27
2026-01-29,S010,Erzurum Yakutiye,Erzurum,Yakutiye,Orta,306,257,45,47,4,2.45,14,5,4,0,8.6,8,36,2,1,12678.39,10326.12,112,49,Karlı,0,0,0.81,83.99,15.36,1.31,31.13,18.36,61.2,41.43
2026-01-30,S001,Ankara Çankaya,Ankara,Çankaya,Merkez,423,388,28,34,7,1.63,24,9,10,2,15.1,0,13,1,1,19886.81,15786.43,159,73,Bulutlu,0,0,1.26,91.73,8.04,1.65,0.0,16.17,47.0,47.01
2026-01-30,S002,Ankara Keçiören,Ankara,Keçiören,Büyük,488,451,29,40,8,1.38,21,8,8,0,14.6,3,11,2,1,21083.27,17907.47,161,61,Açık,0,0,1.35,92.42,8.2,1.64,6.65,21.48,61.0,43.2
2026-01-30,S003,İstanbul Kadıköy,İstanbul,Kadıköy,Merkez,466,450,10,16,6,1.34,28,11,12,0,1.9,4,12,2,2,26487.37,21326.31,200,101,Açık,0,0,1.38,96.57,3.43,1.29,8.89,16.07,42.36,56.84
2026-01-30,S004,İstanbul Üsküdar,İstanbul,Üsküdar,Büyük,479,442,27,32,10,1.46,25,10,10,2,17.4,6,15,2,1,24213.45,19661.2,254,90,Açık,0,0,1.48,92.28,6.68,2.09,13.57,17.68,47.9,50.55
2026-01-30,S005,İzmir Konak,İzmir,Konak,Merkez,458,411,37,38,10,1.7,23,9,9,3,25.8,6,10,3,2,18898.45,15084.47,199,83,Açık,0,0,1.35,89.74,8.3,2.18,14.6,17.87,50.89,41.26
2026-01-30,S006,Bursa Nilüfer,Bursa,Nilüfer,Büyük,399,354,36,38,9,1.91,19,7,7,0,10.1,7,27,3,1,20892.39,16744.68,187,89,Yağmurlu,0,0,1.16,88.72,9.52,2.26,19.77,18.63,57.0,52.36
2026-01-30,S007,Antalya Muratpaşa,Antalya,Muratpaşa,Büyük,332,312,14,18,6,1.29,20,8,7,2,9.6,3,8,2,1,16758.75,13756.1,112,59,Açık,0,0,1.01,93.98,5.42,1.81,9.62,15.6,41.5,50.48
2026-01-30,S008,Konya Selçuklu,Konya,Selçuklu,Orta,311,286,21,23,4,1.4,16,6,5,1,11.3,4,10,1,1,13299.63,10822.41,125,45,Açık,0,0,0.97,91.96,7.4,1.29,13.99,17.88,51.83,42.76
2026-01-30,S009,Samsun İlkadım,Samsun,İlkadım,Orta,317,270,43,50,4,1.94,15,6,4,3,32.4,5,12,2,1,15005.04,10417.57,174,82,Bulutlu,0,0,0.93,85.17,15.77,1.26,18.52,18.0,52.83,47.33
2026-01-30,S010,Erzurum Yakutiye,Erzurum,Yakutiye,Orta,283,264,13,17,6,1.35,14,5,4,0,7.8,5,7,1,1,15029.39,11988.18,125,40,Açık,0,0,0.8,93.29,6.01,2.12,18.94,18.86,56.6,53.11
2026-01-31,S001,Ankara Çankaya,Ankara,Çankaya,Merkez,220,208,8,10,4,1.44,24,9,10,0,0.0,1,5,1,1,11574.5,9880.24,78,32,Açık,0,0,1.33,94.55,4.55,1.82,4.81,8.67,24.44,52.61
2026-01-31,S002,Ankara Keçiören,Ankara,Keçiören,Büyük,214,201,9,13,4,1.31,21,8,8,0,0.0,0,8,1,0,8827.33,7470.92,69,32,Bulutlu,0,0,1.39,93.93,6.07,1.87,0.0,9.57,26.75,41.25
2026-01-31,S003,İstanbul Kadıköy,İstanbul,Kadıköy,Merkez,241,227,9,11,5,1.17,28,11,12,0,0.0,1,6,0,0,12265.8,10149.59,98,30,Açık,0,0,1.42,94.19,4.56,2.07,4.41,8.11,21.91,50.9
2026-01-31,S004,İstanbul Üsküdar,İstanbul,Üsküdar,Büyük,284,273,7,10,4,1.4,25,10,10,1,0.0,1,7,1,1,15046.37,11540.32,152,77,Bulutlu,0,0,1.46,96.13,3.52,1.41,3.66,10.92,28.4,52.98
2026-01-31,S005,İzmir Konak,İzmir,Konak,Merkez,212,202,6,7,4,1.31,23,9,9,1,0.0,1,7,1,0,11124.58,9231.9,96,43,Açık,0,0,1.28,95.28,3.3,1.89,4.95,8.78,23.56,52.47
2026-01-31,S006,Bursa Nilüfer,Bursa,Nilüfer,Büyük,196,184,9,10,3,1.29,19,7,7,2,0.0,1,4,1,0,9087.29,6741.85,100,45,Açık,0,0,1.18,93.88,5.1,1.53,5.43,9.68,28.0,46.36
2026-01-31,S007,Antalya Muratpaşa,Antalya,Muratpaşa,Büyük,237,213,18,20,6,1.56,20,8,7,1,0.0,5,15,1,1,10219.46,8311.59,77,37,Yağmurlu,0,0,1.31,89.87,8.44,2.53,23.47,10.65,29.62,43.12
2026-01-31,S008,Konya Selçuklu,Konya,Selçuklu,Orta,147,137,8,9,2,1.18,16,6,5,2,0.0,3,3,0,0,7594.47,6363.14,57,27,Açık,0,0,0.84,93.2,6.12,1.36,21.9,8.56,24.5,51.66
2026-01-31,S009,Samsun İlkadım,Samsun,İlkadım,Orta,148,140,6,8,2,1.26,15,6,4,2,0.0,2,4,1,0,7622.16,6002.4,79,37,Açık,0,0,0.92,94.59,5.41,1.35,14.29,9.33,24.67,51.5
2026-01-31,S010,Erzurum Yakutiye,Erzurum,Yakutiye,Orta,183,169,11,11,3,1.57,14,5,4,2,9.2,3,4,0,0,9862.95,7739.04,81,30,Açık,0,0,1.0,92.35,6.01,1.64,17.75,12.07,36.6,53.9
2026-02-01,S001,Ankara Çankaya,Ankara,Çankaya,Merkez,226,204,17,20,5,1.61,24,9,10,1,0.0,2,14,1,0,10848.16,8085.92,109,43,Yağmurlu,0,0,1.35,90.27,8.85,2.21,9.8,8.5,25.11,48.0
2026-02-01,S002,Ankara Keçiören,Ankara,Keçiören,Büyük,200,195,3,4,2,1.42,21,8,8,2,0.0,0,7,1,0,10991.54,8979.45,106,32,Açık,0,0,1.4,97.5,2.0,1.0,0.0,9.29,25.0,54.96
2026-02-01,S003,İstanbul Kadıköy,İstanbul,Kadıköy,Merkez,249,228,16,19,5,1.7,28,11,12,0,0.0,3,16,1,0,12139.87,9787.25,112,61,Yağmurlu,0,0,1.56,91.57,7.63,2.01,13.16,8.14,22.64,48.75
2026-02-01,S004,İstanbul Üsküdar,İstanbul,Üsküdar,Büyük,226,208,13,16,5,1.66,25,10,10,0,0.0,4,12,1,1,11960.89,9897.63,95,43,Yağmurlu,0,0,1.54,92.04,7.08,2.21,19.23,8.32,22.6,52.92
2026-02-01,S005,İzmir Konak,İzmir,Konak,Merkez,240,215,18,21,7,1.88,23,9,9,0,0.0,2,13,1,0,12315.57,10251.46,119,37,Yağmurlu,0,0,1.44,89.58,8.75,2.92,9.3,9.35,26.67,51.31
2026-02-01,S006,Bursa Nilüfer,Bursa,Nilüfer,Büyük,205,197,7,12,1,1.51,19,7,7,3,6.2,2,3,1,0,10992.35,9188.65,85,28,Açık,0,0,1.18,96.1,5.85,0.49,10.15,10.37,29.29,53.62
2026-02-01,S007,Antalya Muratpaşa,Antalya,Muratpaşa,Büyük,199,188,6,7,5,1.12,20,8,7,1,0.0,1,5,0,0,8344.24,6861.85,64,20,Açık,0,0,1.26,94.47,3.52,2.51,5.32,9.4,24.88,41.93
2026-02-01,S008,Konya Selçuklu,Konya,Selçuklu,Orta,163,153,6,7,4,1.22,16,6,5,2,2.0,1,4,1,0,8062.01,6541.25,69,38,Açık,0,0,0.99,93.87,4.29,2.45,6.54,9.56,27.17,49.46
2026-02-01,S009,Samsun İlkadım,Samsun,İlkadım,Orta,114,107,6,8,1,1.54,15,6,4,1,0.0,1,6,0,0,5926.7,4825.03,61,22,Yağmurlu,0,0,0.91,93.86,7.02,0.88,9.35,7.13,19.0,51.99
2026-02-01,S010,Erzurum Yakutiye,Erzurum,Yakutiye,Orta,105,97,6,7,2,1.31,14,5,4,1,0.0,1,3,1,0,5290.44,4367.41,45,21,Açık,0,0,0.82,92.38,6.67,1.9,10.31,6.93,21.0,50.39
2026-02-02,S001,Ankara Çankaya,Ankara,Çankaya,Merkez,588,516,62,72,10,2.01,24,9,10,2,32.8,9,21,3,1,22429.85,18798.23,194,62,Bulutlu,0,0,1.41,87.76,12.24,1.7,17.44,21.5,65.33,38.15
2026-02-02,S002,Ankara Keçiören,Ankara,Keçiören,Büyük,515,463,40,51,12,1.81,21,8,8,1,21.1,8,17,1,1,21142.8,17034.85,169,75,Açık,0,0,1.25,89.9,9.9,2.33,17.28,22.05,64.38,41.05
2026-02-02,S003,İstanbul Kadıköy,İstanbul,Kadıköy,Merkez,636,583,39,52,14,1.62,28,11,12,1,22.6,8,17,2,1,26143.14,21780.65,233,111,Açık,0,0,1.59,91.67,8.18,2.2,13.72,20.82,57.82,41.11
2026-02-02,S004,İstanbul Üsküdar,İstanbul,Üsküdar,Büyük,556,513,27,30,16,1.42,25,10,10,0,11.5,2,16,2,1,27386.95,21250.41,234,119,Açık,0,0,1.44,92.27,5.4,2.88,3.9,20.52,55.6,49.26
2026-02-02,S005,İzmir Konak,İzmir,Konak,Merkez,602,530,56,67,16,2.0,23,9,9,2,32.6,9,21,3,0,29708.06,23575.64,266,140,Açık,0,0,1.38,88.04,11.13,2.66,16.98,23.04,66.89,49.35
2026-02-02,S006,Bursa Nilüfer,Bursa,Nilüfer,Büyük,504,392,105,107,7,2.58,19,7,7,3,52.0,13,28,1,2,19712.54,15291.12,188,70,Yağmurlu,0,0,1.23,77.78,21.23,1.39,33.16,20.63,72.0,39.11
2026-02-02,S007,Antalya Muratpaşa,Antalya,Muratpaşa,Büyük,519,455,57,62,7,1.96,20,8,7,2,30.0,8,19,1,2,19726.08,16426.44,168,59,Bulutlu,0,0,1.24,87.67,11.95,1.35,17.58,22.75,64.88,38.01
2026-02-02,S008,Konya Selçuklu,Konya,Selçuklu,Orta,352,252,97,84,3,2.89,16,6,5,4,63.3,9,11,1,1,13465.33,10240.63,151,62,Bulutlu,0,0,0.86,71.59,23.86,0.85,35.71,15.75,58.67,38.25
2026-02-02,S009,Samsun İlkadım,Samsun,İlkadım,Orta,333,301,24,32,8,1.66,15,6,4,1,14.1,4,8,2,0,15425.18,11345.64,155,72,Bulutlu,0,0,0.91,90.39,9.61,2.4,13.29,20.07,55.5,46.32
2026-02-02,S010,Erzurum Yakutiye,Erzurum,Yakutiye,Orta,297,244,48,54,5,2.47,14,5,4,1,16.1,10,31,1,1,12353.98,10058.17,105,52,Karlı,0,0,0.8,82.15,18.18,1.68,40.98,17.43,59.4,41.6
2026-02-03,S001,Ankara Çankaya,Ankara,Çankaya,Merkez,426,381,37,41,8,1.6,24,9,10,3,22.5,4,13,3,1,21722.97,17665.03,194,103,Bulutlu,0,0,1.31,89.44,9.62,1.88,10.5,15.88,47.33,50.99
2026-02-03,S002,Ankara Keçiören,Ankara,Keçiören,Büyük,429,398,24,26,7,1.44,21,8,8,1,12.9,4,11,3,0,19387.49,14841.65,198,93,Açık,0,0,1.3,92.77,6.06,1.63,10.05,18.95,53.62,45.19
2026-02-03,S003,İstanbul Kadıköy,İstanbul,Kadıköy,Merkez,499,466,25,32,8,1.49,28,11,12,2,13.0,3,12,2,2,26604.89,21935.05,233,77,Açık,0,0,1.44,93.39,6.41,1.6,6.44,16.64,45.36,53.32
2026-02-03,S004,İstanbul Üsküdar,İstanbul,Üsküdar,Büyük,516,473,34,37,9,1.43,25,10,10,2,20.3,3,14,2,0,27693.47,22340.27,259,87,Açık,0,0,1.48,91.67,7.17,1.74,6.34,18.92,51.6,53.67
2026-02-03,S005,İzmir Konak,İzmir,Konak,Merkez,397,339,52,54,6,1.98,23,9,9,5,42.6,6,8,2,1,20500.74,15590.13,194,90,Açık,0,0,1.16,85.39,13.6,1.51,17.7,14.74,44.11,51.64
2026-02-03,S006,Bursa Nilüfer,Bursa,Nilüfer,Büyük,342,322,16,21,4,1.53,19,7,7,1,8.1,4,11,2,0,18309.39,15018.83,147,79,Açık,0,0,1.1,94.15,6.14,1.17,12.42,16.95,48.86,53.54
2026-02-03,S007,Antalya Muratpaşa,Antalya,Muratpaşa,Büyük,370,324,38,43,8,1.88,20,8,7,2,13.6,6,27,1,1,18360.7,14054.87,172,56,Yağmurlu,0,0,1.18,87.57,11.62,2.16,18.52,16.2,46.25,49.62
2026-02-03,S008,Konya Selçuklu,Konya,Selçuklu,Orta,282,266,11,17,5,1.24,16,6,5,0,4.4,4,5,1,1,13774.85,11717.21,108,36,Açık,0,0,0.94,94.33,6.03,1.77,15.04,16.62,47.0,48.85
2026-02-03,S009,Samsun İlkadım,Samsun,İlkadım,Orta,265,249,10,11,6,1.29,15,6,4,1,8.9,2,6,2,0,11684.6,9511.27,101,31,Açık,0,0,0.95,93.96,4.15,2.26,8.03,16.6,44.17,44.09
2026-02-03,S010,Erzurum Yakutiye,Erzurum,Yakutiye,Orta,325,283,35,39,7,1.95,14,5,4,1,15.8,4,8,0,1,15691.03,12410.59,151,57,Açık,0,0,0.92,87.08,12.0,2.15,14.13,20.21,65.0,48.28
2026-02-04,S001,Ankara Çankaya,Ankara,Çankaya,Merkez,495,462,26,36,7,1.54,24,9,10,1,18.4,6,12,2,2,22250.53,18774.71,170,91,Açık,0,0,1.39,93.33,7.27,1.41,12.99,19.25,55.0,44.95
2026-02-04,S002,Ankara Keçiören,Ankara,Keçiören,Büyük,447,399,40,42,8,1.75,21,8,8,2,20.4,6,15,2,1,20094.51,17265.58,153,51,Bulutlu,0,0,1.38,89.26,9.4,1.79,15.04,19.0,55.88,44.95
2026-02-04,S003,İstanbul Kadıköy,İstanbul,Kadıköy,Merkez,517,481,28,35,8,1.36,28,11,12,2,16.3,6,13,2,2,28722.28,22932.89,257,108,Açık,0,0,1.54,93.04,6.77,1.55,12.47,17.18,47.0,55.56
2026-02-04,S004,İstanbul Üsküdar,İstanbul,Üsküdar,Büyük,524,488,29,36,7,1.66,25,10,10,2,20.8,5,10,2,2,23084.3,18154.17,276,87,Açık,0,0,1.49,93.13,6.87,1.34,10.25,19.52,52.4,44.05
2026-02-04,S005,İzmir Konak,İzmir,Konak,Merkez,509,458,45,49,6,1.82,23,9,9,2,23.8,7,14,1,2,24798.92,18531.19,272,110,Bulutlu,0,0,1.34,89.98,9.63,1.18,15.28,19.91,56.56,48.72
2026-02-04,S006,Bursa Nilüfer,Bursa,Nilüfer,Büyük,396,362,27,32,7,1.48,19,7,7,1,14.2,4,8,1,1,19409.83,14193.1,217,95,Açık,0,0,1.18,91.41,8.08,1.77,11.05,19.05,56.57,49.01
2026-02-04,S007,Antalya Muratpaşa,Antalya,Muratpaşa,Büyük,336,312,18,22,6,1.58,20,8,7,2,11.9,3,13,2,1,17125.67,14109.52,111,56,Bulutlu,0,0,1.16,92.86,6.55,1.79,9.62,15.6,42.0,50.97
2026-02-04,S008,Konya Selçuklu,Konya,Selçuklu,Orta,295,264,26,26,5,1.9,16,6,5,2,15.9,3,9,1,1,12177.97,9700.95,122,50,Açık,0,0,0.9,89.49,8.81,1.69,11.36,16.5,49.17,41.28
2026-02-04,S009,Samsun İlkadım,Samsun,İlkadım,Orta,294,271,18,21,5,1.63,15,6,4,0,5.7,2,16,1,1,16394.03,12212.99,154,64,Yağmurlu,0,0,0.81,92.18,7.14,1.7,7.38,18.07,49.0,55.76
2026-02-04,S010,Erzurum Yakutiye,Erzurum,Yakutiye,Orta,350,244,98,84,8,4.5,14,5,4,4,124.8,9,12,1,1,13720.37,11159.01,121,40,Açık,0,0,0.97,69.71,24.0,2.29,36.89,17.43,70.0,39.2
2026-02-05,S001,Ankara Çankaya,Ankara,Çankaya,Merkez,435,394,35,40,6,1.69,24,9,10,1,10.4,5,25,2,2,20253.16,16129.77,157,86,Yağmurlu,0,0,1.24,90.57,9.2,1.38,12.69,16.42,48.33,46.56
2026-02-05,S002,Ankara Keçiören,Ankara,Keçiören,Büyük,431,384,39,46,8,1.71,21,8,8,2,19.7,6,12,2,0,18009.44,14100.97,174,91,Açık,0,0,1.29,89.1,10.67,1.86,15.62,18.29,53.88,41.79
2026-02-05,S003,İstanbul Kadıköy,İstanbul,Kadıköy,Merkez,498,464,29,30,5,1.43,28,11,12,2,12.8,3,12,2,2,23866.33,19360.61,229,91,Bulutlu,0,0,1.46,93.17,6.02,1.0,6.47,16.57,45.27,47.92
2026-02-05,S004,İstanbul Üsküdar,İstanbul,Üsküdar,Büyük,540,479,49,54,12,1.75,25,10,10,3,29.7,6,14,1,2,22892.11,18817.57,198,60,Açık,0,0,1.46,88.7,10.0,2.22,12.53,19.16,54.0,42.39
2026-02-05,S005,İzmir Konak,İzmir,Konak,Merkez,406,387,12,15,7,1.18,23,9,9,0,5.1,0,7,1,1,17183.03,13959.88,167,59,Açık,0,0,1.21,95.32,3.69,1.72,0.0,16.83,45.11,42.32
2026-02-05,S006,Bursa Nilüfer,Bursa,Nilüfer,Büyük,429,361,61,69,7,1.98,19,7,7,3,39.3,9,13,3,2,18252.98,15030.73,155,47,Açık,0,0,1.14,84.15,16.08,1.63,24.93,19.0,61.29,42.55
2026-02-05,S007,Antalya Muratpaşa,Antalya,Muratpaşa,Büyük,474,412,54,60,8,1.73,20,8,7,2,23.1,6,9,3,1,22401.33,16786.2,223,107,Açık,0,0,1.28,86.92,12.66,1.69,14.56,20.6,59.25,47.26
2026-02-05,S008,Konya Selçuklu,Konya,Selçuklu,Orta,266,251,10,13,5,1.37,16,6,5,0,3.6,0,9,1,1,13897.07,10233.65,144,76,Bulutlu,0,0,0.85,94.36,4.89,1.88,0.0,15.69,44.33,52.24
2026-02-05,S009,Samsun İlkadım,Samsun,İlkadım,Orta,305,274,26,30,5,1.87,15,6,4,0,3.6,6,21,1,0,14062.16,10778.19,159,70,Yağmurlu,0,0,0.88,89.84,9.84,1.64,21.9,18.27,50.83,46.11
2026-02-05,S010,Erzurum Yakutiye,Erzurum,Yakutiye,Orta,289,247,36,40,6,1.87,14,5,4,2,22.8,5,6,1,1,12576.79,10538.5,100,39,Açık,0,0,0.91,85.47,13.84,2.08,20.24,17.64,57.8,43.52
2026-02-06,S001,Ankara Çankaya,Ankara,Çankaya,Merkez,481,432,37,44,12,1.69,24,9,10,0,11.0,8,32,0,1,23430.71,18559.94,243,108,Yağmurlu,0,0,1.53,89.81,9.15,2.49,18.52,18.0,53.44,48.71
2026-02-06,S002,Ankara Keçiören,Ankara,Keçiören,Büyük,432,400,26,32,6,1.39,21,8,8,1,14.3,5,11,2,2,21250.91,16801.22,224,111,Açık,0,0,1.27,92.59,7.41,1.39,12.5,19.05,54.0,49.19
2026-02-06,S003,İstanbul Kadıköy,İstanbul,Kadıköy,Merkez,494,441,44,51,9,2.13,28,11,12,3,18.7,8,26,3,1,21830.7,17695.41,173,85,Yağmurlu,0,0,1.52,89.27,10.32,1.82,18.14,15.75,44.91,44.19
2026-02-06,S004,İstanbul Üsküdar,İstanbul,Üsküdar,Büyük,546,497,37,42,12,1.5,25,10,10,1,17.4,7,19,3,3,23701.29,18747.3,234,86,Açık,0,0,1.55,91.03,7.69,2.2,14.08,19.88,54.6,43.41
2026-02-06,S005,İzmir Konak,İzmir,Konak,Merkez,441,388,44,50,9,1.71,23,9,9,3,24.4,7,15,2,1,20757.41,16112.99,214,117,Açık,0,0,1.25,87.98,11.34,2.04,18.04,16.87,49.0,47.07
2026-02-06,S006,Bursa Nilüfer,Bursa,Nilüfer,Büyük,317,292,20,21,5,1.35,19,7,7,2,12.6,3,12,1,1,16847.25,13599.62,148,68,Açık,0,0,0.96,92.11,6.62,1.58,10.27,15.37,45.29,53.15
2026-02-06,S007,Antalya Muratpaşa,Antalya,Muratpaşa,Büyük,421,395,21,25,5,1.47,20,8,7,1,12.7,2,12,1,1,19239.21,14490.71,217,68,Bulutlu,0,0,1.27,93.82,5.94,1.19,5.06,19.75,52.62,45.7
2026-02-06,S008,Konya Selçuklu,Konya,Selçuklu,Orta,373,301,67,69,5,2.36,16,6,5,3,42.0,9,8,2,1,15303.99,11989.32,121,59,Açık,0,0,1.02,80.7,18.5,1.34,29.9,18.81,62.17,41.03
2026-02-06,S009,Samsun İlkadım,Samsun,İlkadım,Orta,335,305,24,30,6,1.78,15,6,4,1,14.3,4,7,1,1,14924.47,11049.39,141,74,Açık,0,0,0.96,91.04,8.96,1.79,13.11,20.33,55.83,44.55
2026-02-06,S010,Erzurum Yakutiye,Erzurum,Yakutiye,Orta,290,250,33,34,7,1.97,14,5,4,2,22.8,3,7,1,1,12660.74,9676.79,117,55,Açık,0,0,0.77,86.21,11.72,2.41,12.0,17.86,58.0,43.66
2026-02-07,S001,Ankara Çankaya,Ankara,Çankaya,Merkez,230,215,10,10,5,1.38,24,9,10,1,0.0,2,5,1,1,10698.23,7814.36,112,40,Açık,0,0,1.43,93.48,4.35,2.17,9.3,8.96,25.56,46.51
2026-02-07,S002,Ankara Keçiören,Ankara,Keçiören,Büyük,246,233,10,12,3,1.5,21,8,8,1,0.0,1,8,1,1,13561.21,10796.63,113,54,Açık,0,0,1.36,94.72,4.88,1.22,4.29,11.1,30.75,55.13
2026-02-07,S003,İstanbul Kadıköy,İstanbul,Kadıköy,Merkez,258,244,9,12,5,1.4,28,11,12,2,0.0,2,8,1,1,11682.77,9165.52,118,39,Açık,0,0,1.57,94.57,4.65,1.94,8.2,8.71,23.45,45.28
2026-02-07,S004,İstanbul Üsküdar,İstanbul,Üsküdar,Büyük,158,147,6,8,5,1.17,25,10,10,1,0.0,1,5,1,0,8009.09,6551.07,53,28,Açık,0,0,1.28,93.04,5.06,3.16,6.8,5.88,15.8,50.69
2026-02-07,S005,İzmir Konak,İzmir,Konak,Merkez,247,239,5,9,3,1.42,23,9,9,1,0.0,2,7,1,0,13480.49,11180.06,106,51,Açık,0,0,1.4,96.76,3.64,1.21,8.37,10.39,27.44,54.58
2026-02-07,S006,Bursa Nilüfer,Bursa,Nilüfer,Büyük,147,133,12,15,2,1.96,19,7,7,2,0.0,2,10,1,0,6986.59,5698.41,54,25,Yağmurlu,0,0,1.05,90.48,10.2,1.36,15.04,7.0,21.0,47.53
2026-02-07,S007,Antalya Muratpaşa,Antalya,Muratpaşa,Büyük,216,206,8,10,2,1.3,20,8,7,0,0.0,1,5,2,1,10274.09,8086.55,94,37,Açık,0,0,1.24,95.37,4.63,0.93,4.85,10.3,27.0,47.57
2026-02-07,S008,Konya Selçuklu,Konya,Selçuklu,Orta,132,125,5,6,2,1.34,16,6,5,2,0.0,0,4,0,0,6741.43,5194.89,66,35,Açık,0,0,0.96,94.7,4.55,1.52,0.0,7.81,22.0,51.07
2026-02-07,S009,Samsun İlkadım,Samsun,İlkadım,Orta,125,114,8,9,3,1.59,15,6,4,2,0.0,3,8,0,0,6388.35,5229.21,49,19,Yağmurlu,0,0,0.74,91.2,7.2,2.4,26.32,7.6,20.83,51.11
2026-02-07,S010,Erzurum Yakutiye,Erzurum,Yakutiye,Orta,158,135,21,23,2,2.32,14,5,4,2,6.1,6,18,1,0,6388.39,5081.81,54,18,Karlı,0,0,0.83,85.44,14.56,1.27,44.44,9.64,31.6,40.43
2026-02-08,S001,Ankara Çankaya,Ankara,Çankaya,Merkez,242,228,9,11,5,1.17,24,9,10,3,2.1,0,9,1,1,12074.72,9843.62,107,48,Açık,0,0,1.31,94.21,4.55,2.07,0.0,9.5,26.89,49.9
2026-02-08,S002,Ankara Keçiören,Ankara,Keçiören,Büyük,212,202,8,8,2,1.38,21,8,8,2,0.0,0,5,1,1,10023.54,7829.61,107,41,Açık,0,0,1.32,95.28,3.77,0.94,0.0,9.62,26.5,47.28
2026-02-08,S003,İstanbul Kadıköy,İstanbul,Kadıköy,Merkez,257,243,9,10,5,1.36,28,11,12,2,0.0,2,5,1,1,13478.85,10750.85,107,56,Açık,0,0,1.58,94.55,3.89,1.95,8.23,8.68,23.36,52.45
2026-02-08,S004,İstanbul Üsküdar,İstanbul,Üsküdar,Büyük,296,280,14,16,2,1.55,25,10,10,2,0.0,2,9,1,1,14323.41,11238.95,147,76,Açık,0,0,1.46,94.59,5.41,0.68,7.14,11.2,29.6,48.39
2026-02-08,S005,İzmir Konak,İzmir,Konak,Merkez,227,206,18,20,3,1.73,23,9,9,3,0.0,4,13,1,1,9798.04,8058.52,88,32,Yağmurlu,0,0,1.41,90.75,8.81,1.32,19.42,8.96,25.22,43.16
2026-02-08,S006,Bursa Nilüfer,Bursa,Nilüfer,Büyük,156,149,5,8,2,1.42,19,7,7,2,0.0,2,4,1,0,7455.0,6358.88,52,20,Bulutlu,0,0,1.05,95.51,5.13,1.28,13.42,7.84,22.29,47.79
2026-02-08,S007,Antalya Muratpaşa,Antalya,Muratpaşa,Büyük,175,164,8,9,3,1.29,20,8,7,2,0.0,1,5,1,0,9243.16,6892.85,89,43,Bulutlu,0,0,1.1,93.71,5.14,1.71,6.1,8.2,21.88,52.82
2026-02-08,S008,Konya Selçuklu,Konya,Selçuklu,Orta,147,138,6,8,3,1.24,16,6,5,3,6.2,0,3,1,0,6471.19,4989.15,64,29,Açık,0,0,0.99,93.88,5.44,2.04,0.0,8.62,24.5,44.02
2026-02-08,S009,Samsun İlkadım,Samsun,İlkadım,Orta,108,102,4,6,2,1.66,15,6,4,0,0.0,1,4,0,0,4636.85,3907.69,42,14,Bulutlu,0,0,0.77,94.44,5.56,1.85,9.8,6.8,18.0,42.93
2026-02-08,S010,Erzurum Yakutiye,Erzurum,Yakutiye,Orta,122,107,14,16,1,2.13,14,5,4,0,0.0,3,13,0,0,5501.57,4432.84,44,23,Karlı,0,0,0.79,87.7,13.11,0.82,28.04,7.64,24.4,45.09
2026-02-09,S001,Ankara Çankaya,Ankara,Çankaya,Merkez,542,484,50,57,8,1.81,24,9,10,2,28.3,6,15,1,1,26001.08,19389.17,273,128,Açık,0,0,1.35,89.3,10.52,1.48,12.4,20.17,60.22,47.97
2026-02-09,S002,Ankara Keçiören,Ankara,Keçiören,Büyük,479,429,43,47,7,2.02,21,8,8,0,12.5,8,26,2,2,26398.43,19987.01,255,129,Yağmurlu,0,0,1.21,89.56,9.81,1.46,18.65,20.43,59.88,55.11
2026-02-09,S003,İstanbul Kadıköy,İstanbul,Kadıköy,Merkez,632,578,42,44,12,1.65,28,11,12,1,18.3,7,12,3,1,30999.92,23170.66,342,118,Açık,0,0,1.65,91.46,6.96,1.9,12.11,20.64,57.45,49.05
2026-02-09,S004,İstanbul Üsküdar,İstanbul,Üsküdar,Büyük,602,533,62,69,7,1.78,25,10,10,0,16.3,11,34,1,1,29570.01,24199.24,292,137,Yağmurlu,0,0,1.43,88.54,11.46,1.16,20.64,21.32,60.2,49.12
2026-02-09,S005,İzmir Konak,İzmir,Konak,Merkez,550,485,56,60,9,1.74,23,9,9,2,29.1,9,12,1,1,27897.15,22242.57,269,104,Açık,0,0,1.4,88.18,10.91,1.64,18.56,21.09,61.11,50.72
2026-02-09,S006,Bursa Nilüfer,Bursa,Nilüfer,Büyük,462,406,49,52,7,1.9,19,7,7,2,32.0,6,9,2,1,19575.44,16112.5,162,74,Açık,0,0,1.09,87.88,11.26,1.52,14.78,21.37,66.0,42.37
2026-02-09,S007,Antalya Muratpaşa,Antalya,Muratpaşa,Büyük,465,426,29,37,10,1.6,20,8,7,1,16.5,3,11,2,1,18353.56,15429.14,152,57,Bulutlu,0,0,1.14,91.61,7.96,2.15,7.04,21.3,58.12,39.47
2026-02-09,S008,Konya Selçuklu,Konya,Selçuklu,Orta,417,368,41,46,8,1.69,16,6,5,1,20.8,7,8,2,1,19934.13,13829.96,226,94,Açık,0,0,0.98,88.25,11.03,1.92,19.02,23.0,69.5,47.8
2026-02-09,S009,Samsun İlkadım,Samsun,İlkadım,Orta,386,340,38,41,8,1.85,15,6,4,1,17.9,5,9,1,1,20024.33,15172.37,179,76,Bulutlu,0,0,0.94,88.08,10.62,2.07,14.71,22.67,64.33,51.88
2026-02-09,S010,Erzurum Yakutiye,Erzurum,Yakutiye,Orta,283,246,31,32,6,1.97,14,5,4,2,20.2,4,7,1,1,13098.04,10342.49,104,44,Açık,0,0,0.78,86.93,11.31,2.12,16.26,17.57,56.6,46.28
2026-02-10,S001,Ankara Çankaya,Ankara,Çankaya,Merkez,416,374,34,35,8,1.6,24,9,10,1,8.4,6,26,2,1,20578.01,16764.11,168,92,Yağmurlu,0,0,1.24,89.9,8.41,1.92,16.04,15.58,46.22,49.47
2026-02-10,S002,Ankara Keçiören,Ankara,Keçiören,Büyük,411,387,19,19,5,1.36,21,8,8,0,7.8,4,15,2,1,18092.92,14665.9,151,61,Açık,0,0,1.23,94.16,4.62,1.22,10.34,18.43,51.38,44.02
2026-02-10,S003,İstanbul Kadıköy,İstanbul,Kadıköy,Merkez,465,437,20,21,8,1.59,28,11,12,2,9.3,5,12,3,1,23439.81,18435.66,223,75,Bulutlu,0,0,1.53,93.98,4.52,1.72,11.44,15.61,42.27,50.41
2026-02-10,S004,İstanbul Üsküdar,İstanbul,Üsküdar,Büyük,477,437,30,32,10,1.65,25,10,10,2,14.7,5,19,2,0,24685.72,20616.78,166,64,Bulutlu,0,0,1.49,91.61,6.71,2.1,11.44,17.48,47.7,51.75
2026-02-10,S005,İzmir Konak,İzmir,Konak,Merkez,372,350,15,16,7,1.42,23,9,9,1,5.5,3,9,1,0,17786.67,14388.57,153,47,Açık,0,0,1.23,94.09,4.3,1.88,8.57,15.22,41.33,47.81
2026-02-10,S006,Bursa Nilüfer,Bursa,Nilüfer,Büyük,378,340,32,37,6,1.89,19,7,7,2,19.5,5,9,2,2,17583.31,14051.6,172,83,Açık,0,0,1.08,89.95,9.79,1.59,14.71,17.89,54.0,46.52
2026-02-10,S007,Antalya Muratpaşa,Antalya,Muratpaşa,Büyük,382,338,37,43,7,1.73,20,8,7,3,23.3,5,8,1,1,15781.51,13203.43,146,47,Açık,0,0,1.1,88.48,11.26,1.83,14.79,16.9,47.75,41.31
2026-02-10,S008,Konya Selçuklu,Konya,Selçuklu,Orta,373,334,34,40,5,1.56,16,6,5,1,17.4,3,10,2,1,19117.15,15794.85,131,71,Açık,0,0,1.03,89.54,10.72,1.34,8.98,20.88,62.17,51.25
2026-02-10,S009,Samsun İlkadım,Samsun,İlkadım,Orta,288,266,15,19,7,1.59,15,6,4,1,10.7,5,7,1,0,12884.52,10866.57,93,43,Açık,0,0,0.87,92.36,6.6,2.43,18.8,17.73,48.0,44.74
2026-02-10,S010,Erzurum Yakutiye,Erzurum,Yakutiye,Orta,285,201,80,68,4,3.52,14,5,4,3,41.3,9,32,2,1,12953.35,9571.01,138,58,Karlı,0,0,0.88,70.53,23.86,1.4,44.78,14.36,57.0,45.45
2026-02-11,S001,Ankara Çankaya,Ankara,Çankaya,Merkez,455,428,17,21,10,1.59,24,9,10,1,12.9,5,14,1,1,21028.72,16092.83,213,90,Bulutlu,0,0,1.37,94.07,4.62,2.2,11.68,17.83,50.56,46.22
2026-02-11,S002,Ankara Keçiören,Ankara,Keçiören,Büyük,365,340,16,18,9,1.41,21,8,8,0,2.5,5,11,1,1,18838.63,15825.22,157,69,Açık,0,0,1.06,93.15,4.93,2.47,14.71,16.19,45.62,51.61
2026-02-11,S003,İstanbul Kadıköy,İstanbul,Kadıköy,Merkez,511,472,29,39,10,1.33,28,11,12,2,16.5,5,10,2,1,27070.21,21463.2,261,109,Açık,0,0,1.59,92.37,7.63,1.96,10.59,16.86,46.45,52.97
2026-02-11,S004,İstanbul Üsküdar,İstanbul,Üsküdar,Büyük,511,450,53,57,8,1.9,25,10,10,3,27.3,10,32,2,2,23128.83,18849.96,192,79,Yağmurlu,0,0,1.45,88.06,11.15,1.57,22.22,18.0,51.1,45.26
2026-02-11,S005,İzmir Konak,İzmir,Konak,Merkez,426,404,19,24,3,1.27,23,9,9,0,6.5,3,9,1,2,17692.07,14561.2,172,54,Açık,0,0,1.36,94.84,5.63,0.7,7.43,17.57,47.33,41.53
2026-02-11,S006,Bursa Nilüfer,Bursa,Nilüfer,Büyük,359,334,16,22,9,1.43,19,7,7,1,12.6,5,12,1,1,19838.4,15727.65,196,78,Açık,0,0,1.08,93.04,6.13,2.51,14.97,17.58,51.29,55.26
2026-02-11,S007,Antalya Muratpaşa,Antalya,Muratpaşa,Büyük,477,418,46,52,13,1.63,20,8,7,2,24.5,7,14,2,1,21434.0,17708.98,168,78,Açık,0,0,1.37,87.63,10.9,2.73,16.75,20.9,59.62,44.94
2026-02-11,S008,Konya Selçuklu,Konya,Selçuklu,Orta,334,306,25,28,3,1.54,16,6,5,1,15.0,4,13,1,1,14221.42,11062.56,131,69,Bulutlu,0,0,1.06,91.62,8.38,0.9,13.07,19.12,55.67,42.58
2026-02-11,S009,Samsun İlkadım,Samsun,İlkadım,Orta,283,219,60,64,4,2.42,15,6,4,4,50.4,5,6,2,1,12150.55,10072.96,94,38,Açık,0,0,0.85,77.39,22.61,1.41,22.83,14.6,47.17,42.93
2026-02-11,S010,Erzurum Yakutiye,Erzurum,Yakutiye,Orta,279,245,30,31,4,1.92,14,5,4,2,23.8,4,5,1,1,13682.7,10376.9,142,76,Açık,0,0,0.81,87.81,11.11,1.43,16.33,17.5,55.8,49.04
2026-02-12,S001,Ankara Çankaya,Ankara,Çankaya,Merkez,490,460,21,28,9,1.66,24,9,10,1,14.7,3,14,1,2,22408.67,17371.6,229,89,Açık,0,0,1.43,93.88,5.71,1.84,6.52,19.17,54.44,45.73
2026-02-12,S002,Ankara Keçiören,Ankara,Keçiören,Büyük,430,378,45,53,7,1.76,21,8,8,3,28.3,7,13,2,1,17977.42,14637.85,162,54,Açık,0,0,1.25,87.91,12.33,1.63,18.52,18.0,53.75,41.81
2026-02-12,S003,İstanbul Kadıköy,İstanbul,Kadıköy,Merkez,546,495,43,56,8,1.73,28,11,12,1,13.0,9,28,3,1,23531.68,18915.95,237,82,Yağmurlu,0,0,1.62,90.66,10.26,1.47,18.18,17.68,49.64,43.1
2026-02-12,S004,İstanbul Üsküdar,İstanbul,Üsküdar,Büyük,510,451,49,52,10,1.95,25,10,10,2,19.4,9,32,2,1,21178.67,16544.21,196,81,Yağmurlu,0,0,1.45,88.43,10.2,1.96,19.96,18.04,51.0,41.53
2026-02-12,S005,İzmir Konak,İzmir,Konak,Merkez,416,381,28,32,7,1.47,23,9,9,2,15.1,3,15,1,0,19938.89,16644.69,134,49,Bulutlu,0,0,1.3,91.59,7.69,1.68,7.87,16.57,46.22,47.93
2026-02-12,S006,Bursa Nilüfer,Bursa,Nilüfer,Büyük,444,397,39,41,8,1.68,19,7,7,1,18.9,5,14,1,1,20768.0,16916.66,161,88,Açık,0,0,1.22,89.41,9.23,1.8,12.59,20.89,63.43,46.77
2026-02-12,S007,Antalya Muratpaşa,Antalya,Muratpaşa,Büyük,413,362,42,47,9,2.01,20,8,7,2,18.4,6,26,1,1,22517.99,16113.38,220,120,Yağmurlu,0,0,1.28,87.65,11.38,2.18,16.57,18.1,51.62,54.52
2026-02-12,S008,Konya Selçuklu,Konya,Selçuklu,Orta,339,298,35,36,6,1.82,16,6,5,2,22.1,4,6,1,1,14134.45,11349.32,157,52,Açık,0,0,0.92,87.91,10.62,1.77,13.42,18.62,56.5,41.69
2026-02-12,S009,Samsun İlkadım,Samsun,İlkadım,Orta,250,235,9,15,6,1.21,15,6,4,1,6.9,2,6,1,1,12878.46,10044.98,128,63,Açık,0,0,0.76,94.0,6.0,2.4,8.51,15.67,41.67,51.51
2026-02-12,S010,Erzurum Yakutiye,Erzurum,Yakutiye,Orta,262,249,9,10,4,1.47,14,5,4,0,5.6,3,6,1,0,14261.85,11769.5,114,37,Açık,0,0,0.74,95.04,3.82,1.53,12.05,17.79,52.4,54.43
2026-02-13,S001,Ankara Çankaya,Ankara,Çankaya,Merkez,478,437,32,32,9,1.6,24,9,10,1,15.6,3,13,3,2,20271.99,15933.85,209,80,Bulutlu,0,0,1.4,91.42,6.69,1.88,6.86,18.21,53.11,42.41
2026-02-13,S002,Ankara Keçiören,Ankara,Keçiören,Büyük,364,340,15,22,9,1.25,21,8,8,0,3.0,5,13,2,1,16280.92,12912.61,142,58,Bulutlu,0,0,1.27,93.41,6.04,2.47,14.71,16.19,45.5,44.73
2026-02-13,S003,İstanbul Kadıköy,İstanbul,Kadıköy,Merkez,500,455,35,42,10,1.6,28,11,12,1,7.2,6,36,2,1,23674.78,19328.05,226,80,Yağmurlu,0,0,1.57,91.0,8.4,2.0,13.19,16.25,45.45,47.35
2026-02-13,S004,İstanbul Üsküdar,İstanbul,Üsküdar,Büyük,504,453,44,49,7,2.01,25,10,10,2,18.5,7,31,2,2,20351.82,16961.91,184,79,Yağmurlu,0,0,1.46,89.88,9.72,1.39,15.45,18.12,50.4,40.38
2026-02-13,S005,İzmir Konak,İzmir,Konak,Merkez,398,370,20,25,8,1.59,23,9,9,2,11.3,5,9,1,0,17016.72,13459.57,170,90,Açık,0,0,1.29,92.96,6.28,2.01,13.51,16.09,44.22,42.76
2026-02-13,S006,Bursa Nilüfer,Bursa,Nilüfer,Büyük,333,317,13,17,3,1.46,19,7,7,1,8.6,4,6,1,1,16401.18,14251.39,120,46,Açık,0,0,1.06,95.2,5.11,0.9,12.62,16.68,47.57,49.25
2026-02-13,S007,Antalya Muratpaşa,Antalya,Muratpaşa,Büyük,354,322,24,28,8,1.3,20,8,7,2,13.2,5,8,0,1,18410.17,15287.89,158,52,Açık,0,0,0.99,90.96,7.91,2.26,15.53,16.1,44.25,52.01
2026-02-13,S008,Konya Selçuklu,Konya,Selçuklu,Orta,310,286,19,19,5,1.45,16,6,5,0,1.4,5,10,1,1,15299.79,13012.23,111,36,Açık,0,0,0.89,92.26,6.13,1.61,17.48,17.88,51.67,49.35
2026-02-13,S009,Samsun İlkadım,Samsun,İlkadım,Orta,280,251,24,27,5,1.75,15,6,4,2,13.5,3,5,0,1,12912.58,9881.91,133,44,Açık,0,0,0.86,89.64,9.64,1.79,11.95,16.73,46.67,46.12
2026-02-13,S010,Erzurum Yakutiye,Erzurum,Yakutiye,Orta,270,258,8,11,4,1.51,14,5,4,0,6.8,1,10,1,1,12987.19,10036.27,109,50,Açık,0,0,0.83,95.56,4.07,1.48,3.88,18.43,54.0,48.1
2026-02-14,S001,Ankara Çankaya,Ankara,Çankaya,Merkez,249,234,11,12,4,1.4,24,9,10,2,0.0,2,9,1,1,12870.68,10432.46,129,40,Açık,0,0,1.4,93.98,4.82,1.61,8.55,9.75,27.67,51.69
2026-02-14,S002,Ankara Keçiören,Ankara,Keçiören,Büyük,194,182,8,8,4,1.39,21,8,8,2,0.0,0,8,1,0,8487.94,6761.24,82,28,Bulutlu,0,0,1.14,93.81,4.12,2.06,0.0,8.67,24.25,43.75
2026-02-14,S003,İstanbul Kadıköy,İstanbul,Kadıköy,Merkez,280,268,8,13,4,1.33,28,11,12,1,0.0,0,7,1,1,14565.29,11431.41,151,64,Açık,0,0,1.62,95.71,4.64,1.43,0.0,9.57,25.45,52.02
2026-02-14,S004,İstanbul Üsküdar,İstanbul,Üsküdar,Büyük,228,210,15,20,3,1.72,25,10,10,2,0.0,5,17,1,1,10475.85,8352.1,100,40,Yağmurlu,0,0,1.29,92.11,8.77,1.32,23.81,8.4,22.8,45.95
2026-02-14,S005,İzmir Konak,İzmir,Konak,Merkez,171,162,6,9,3,1.18,23,9,9,2,0.0,0,4,1,0,7962.12,6521.77,64,30,Açık,0,0,1.32,94.74,5.26,1.75,0.0,7.04,19.0,46.56
2026-02-14,S006,Bursa Nilüfer,Bursa,Nilüfer,Büyük,145,134,8,9,3,1.79,19,7,7,0,0.0,1,9,1,1,7070.78,6045.77,55,29,Yağmurlu,0,0,1.03,92.41,6.21,2.07,7.46,7.05,20.71,48.76
2026-02-14,S007,Antalya Muratpaşa,Antalya,Muratpaşa,Büyük,181,167,11,13,3,1.8,20,8,7,2,0.0,3,12,0,0,9262.42,7463.16,96,33,Yağmurlu,0,0,1.18,92.27,7.18,1.66,17.96,8.35,22.62,51.17
2026-02-14,S008,Konya Selçuklu,Konya,Selçuklu,Orta,150,142,5,5,3,1.36,16,6,5,2,0.3,2,3,1,1,6877.04,5228.68,81,37,Açık,0,0,0.81,94.67,3.33,2.0,14.08,8.88,25.0,45.85
2026-02-14,S009,Samsun İlkadım,Samsun,İlkadım,Orta,114,110,2,3,2,1.28,15,6,4,1,0.0,0,2,0,0,5645.14,4095.08,61,22,Açık,0,0,0.83,96.49,2.63,1.75,0.0,7.33,19.0,49.52
2026-02-14,S010,Erzurum Yakutiye,Erzurum,Yakutiye,Orta,122,89,31,29,2,3.14,14,5,4,4,32.0,3,13,0,0,4489.8,3288.01,56,27,Karlı,0,0,0.79,72.95,23.77,1.64,33.71,6.36,24.4,36.8
2026-02-15,S001,Ankara Çankaya,Ankara,Çankaya,Merkez,195,184,6,8,5,1.12,24,9,10,3,0.0,4,6,1,0,10588.56,8752.26,72,28,Açık,0,0,1.26,94.36,4.1,2.56,21.74,7.67,21.67,54.3
2026-02-15,S002,Ankara Keçiören,Ankara,Keçiören,Büyük,215,203,7,10,5,1.23,21,8,8,1,0.0,3,6,1,0,11350.47,8909.09,98,40,Açık,0,0,1.37,94.42,4.65,2.33,14.78,9.67,26.88,52.79
2026-02-15,S003,İstanbul Kadıköy,İstanbul,Kadıköy,Merkez,228,219,8,9,1,1.41,28,11,12,2,0.0,1,8,0,1,10082.19,7942.04,88,36,Bulutlu,0,0,1.61,96.05,3.95,0.44,4.57,7.82,20.73,44.22
2026-02-15,S004,İstanbul Üsküdar,İstanbul,Üsküdar,Büyük,151,142,5,7,4,1.33,25,10,10,4,0.0,2,5,1,0,6488.08,5291.88,56,30,Açık,0,0,1.17,94.04,4.64,2.65,14.08,5.68,15.1,42.97
2026-02-15,S005,İzmir Konak,İzmir,Konak,Merkez,177,166,9,13,2,1.33,23,9,9,3,0.0,1,3,1,1,10035.88,7802.6,79,43,Açık,0,0,1.15,93.79,7.34,1.13,6.02,7.22,19.67,56.7
2026-02-15,S006,Bursa Nilüfer,Bursa,Nilüfer,Büyük,155,147,7,9,1,1.38,19,7,7,1,0.0,0,5,1,0,7482.87,6029.25,59,24,Açık,0,0,1.06,94.84,5.81,0.65,0.0,7.74,22.14,48.28
2026-02-15,S007,Antalya Muratpaşa,Antalya,Muratpaşa,Büyük,157,146,8,8,3,1.39,20,8,7,3,0.0,1,5,1,0,6653.11,5533.65,54,25,Bulutlu,0,0,1.09,92.99,5.1,1.91,6.85,7.3,19.62,42.38
2026-02-15,S008,Konya Selçuklu,Konya,Selçuklu,Orta,173,164,7,9,2,1.49,16,6,5,2,1.4,0,4,1,0,9629.6,7824.82,95,47,Açık,0,0,1.0,94.8,5.2,1.16,0.0,10.25,28.83,55.66
2026-02-15,S009,Samsun İlkadım,Samsun,İlkadım,Orta,90,84,4,3,2,1.19,15,6,4,2,0.0,1,2,1,0,4539.44,3882.8,30,10,Açık,0,0,0.77,93.33,3.33,2.22,11.9,5.6,15.0,50.44
2026-02-15,S010,Erzurum Yakutiye,Erzurum,Yakutiye,Orta,128,108,17,17,3,2.15,14,5,4,1,0.0,3,14,0,0,5830.23,4830.25,43,19,Karlı,0,0,0.79,84.38,13.28,2.34,27.78,7.71,25.6,45.55
2026-02-16,S001,Ankara Çankaya,Ankara,Çankaya,Merkez,519,472,37,42,10,1.56,24,9,10,2,24.9,7,13,2,1,26444.45,22345.31,212,106,Bulutlu,0,0,1.27,90.94,8.09,1.93,14.83,19.67,57.67,50.95
2026-02-16,S002,Ankara Keçiören,Ankara,Keçiören,Büyük,453,417,27,31,9,1.55,21,8,8,0,11.2,4,12,0,1,21197.66,16325.94,204,70,Açık,0,0,1.15,92.05,6.84,1.99,9.59,19.86,56.62,46.79
2026-02-16,S003,İstanbul Kadıköy,İstanbul,Kadıköy,Merkez,614,567,31,38,16,1.52,28,11,12,0,15.4,6,19,3,1,29319.12,20954.67,337,170,Açık,0,0,1.47,92.35,6.19,2.61,10.58,20.25,55.82,47.75
2026-02-16,S004,İstanbul Üsküdar,İstanbul,Üsküdar,Büyük,548,517,18,20,13,1.56,25,10,10,0,9.7,4,13,2,1,29221.44,23697.17,251,89,Açık,0,0,1.27,94.34,3.65,2.37,7.74,20.68,54.8,53.32
2026-02-16,S005,İzmir Konak,İzmir,Konak,Merkez,563,513,39,47,11,1.35,23,9,9,0,18.1,6,11,2,1,24486.97,19947.62,259,93,Açık,0,0,1.33,91.12,8.35,1.95,11.7,22.3,62.56,43.49
2026-02-16,S006,Bursa Nilüfer,Bursa,Nilüfer,Büyük,437,375,56,57,6,1.94,19,7,7,1,19.4,8,19,1,1,20560.88,16233.8,196,64,Yağmurlu,0,0,1.06,85.81,13.04,1.37,21.33,19.74,62.43,47.05
2026-02-16,S007,Antalya Muratpaşa,Antalya,Muratpaşa,Büyük,491,431,51,55,9,1.64,20,8,7,2,25.8,8,11,1,2,23880.46,20342.55,158,62,Açık,0,0,1.18,87.78,11.2,1.83,18.56,21.55,61.38,48.64
2026-02-16,S008,Konya Selçuklu,Konya,Selçuklu,Orta,402,369,27,32,6,1.9,16,6,5,0,15.3,7,11,3,1,17956.31,14001.47,179,78,Açık,0,0,0.9,91.79,7.96,1.49,18.97,23.06,67.0,44.67
2026-02-16,S009,Samsun İlkadım,Samsun,İlkadım,Orta,369,341,20,22,8,1.49,15,6,4,0,10.0,2,10,1,1,17821.19,13639.92,201,96,Açık,0,0,0.92,92.41,5.96,2.17,5.87,22.73,61.5,48.3
2026-02-16,S010,Erzurum Yakutiye,Erzurum,Yakutiye,Orta,277,221,52,54,4,2.52,14,5,4,2,21.0,8,31,1,1,11445.1,8168.41,122,51,Karlı,0,0,0.68,79.78,19.49,1.44,36.2,15.79,55.4,41.32
2026-02-17,S001,Ankara Çankaya,Ankara,Çankaya,Merkez,418,388,20,26,10,1.3,24,9,10,1,9.0,5,11,2,1,21046.66,17998.07,135,50,Bulutlu,0,0,1.26,92.82,6.22,2.39,12.89,16.17,46.44,50.35
2026-02-17,S002,Ankara Keçiören,Ankara,Keçiören,Büyük,470,415,48,53,7,1.85,21,8,8,2,24.8,6,13,1,2,21006.73,16592.86,166,63,Açık,0,0,1.36,88.3,11.28,1.49,14.46,19.76,58.75,44.7
2026-02-17,S003,İstanbul Kadıköy,İstanbul,Kadıköy,Merkez,460,437,14,21,9,1.37,28,11,12,0,1.6,1,10,2,1,23874.07,18238.35,239,93,Açık,0,0,1.45,95.0,4.57,1.96,2.29,15.61,41.82,51.9
2026-02-17,S004,İstanbul Üsküdar,İstanbul,Üsküdar,Büyük,486,465,11,14,10,1.22,25,10,10,0,8.4,5,11,1,1,25077.47,20989.97,182,85,Açık,0,0,1.41,95.68,2.88,2.06,10.75,18.6,48.6,51.6
2026-02-17,S005,İzmir Konak,İzmir,Konak,Merkez,460,423,27,29,10,1.37,23,9,9,2,18.1,3,15,0,0,22924.41,18368.0,188,70,Açık,0,0,1.34,91.96,6.3,2.17,7.09,18.39,51.11,49.84
2026-02-17,S006,Bursa Nilüfer,Bursa,Nilüfer,Büyük,384,343,36,36,5,1.8,19,7,7,2,22.9,5,8,1,1,18125.06,13766.03,174,88,Açık,0,0,1.11,89.32,9.38,1.3,14.58,18.05,54.86,47.2
2026-02-17,S007,Antalya Muratpaşa,Antalya,Muratpaşa,Büyük,402,343,49,55,10,2.22,20,8,7,4,39.3,8,12,1,1,18130.13,14518.03,176,53,Bulutlu,0,0,1.19,85.32,13.68,2.49,23.32,17.15,50.25,45.1
2026-02-17,S008,Konya Selçuklu,Konya,Selçuklu,Orta,343,293,45,50,5,2.04,16,6,5,2,20.2,8,21,2,1,15895.89,12574.73,144,65,Yağmurlu,0,0,0.96,85.42,14.58,1.46,27.3,18.31,57.17,46.34
2026-02-17,S009,Samsun İlkadım,Samsun,İlkadım,Orta,285,273,8,13,4,1.36,15,6,4,0,3.9,2,7,1,0,12505.74,10706.04,94,30,Açık,0,0,0.85,95.79,4.56,1.4,7.33,18.2,47.5,43.88
2026-02-17,S010,Erzurum Yakutiye,Erzurum,Yakutiye,Orta,285,259,21,26,5,1.83,14,5,4,1,12.3,5,9,1,1,14960.42,11540.57,134,63,Açık,0,0,0.88,90.88,9.12,1.75,19.31,18.5,57.0,52.49
2026-02-18,S001,Ankara Çankaya,Ankara,Çankaya,Merkez,403,370,26,28,7,1.69,24,9,10,0,2.2,5,19,1,1,17555.7,13538.07,150,79,Yağmurlu,0,0,1.29,91.81,6.95,1.74,13.51,15.42,44.78,43.56
2026-02-18,S002,Ankara Keçiören,Ankara,Keçiören,Büyük,398,360,35,37,3,1.9,21,8,8,1,10.9,6,24,2,2,20506.61,16445.5,216,91,Yağmurlu,0,0,1.14,90.45,9.3,0.75,16.67,17.14,49.75,51.52
2026-02-18,S003,İstanbul Kadıköy,İstanbul,Kadıköy,Merkez,531,476,47,52,8,1.7,28,11,12,2,16.0,6,18,2,1,25156.1,20921.71,184,61,Bulutlu,0,0,1.46,89.64,9.79,1.51,12.61,17.0,48.27,47.37
2026-02-18,S004,İstanbul Üsküdar,İstanbul,Üsküdar,Büyük,483,461,16,22,6,1.32,25,10,10,1,9.8,2,16,1,1,24873.25,19846.9,261,83,Açık,0,0,1.4,95.45,4.55,1.24,4.34,18.44,48.3,51.5
2026-02-18,S005,İzmir Konak,İzmir,Konak,Merkez,459,427,21,27,11,1.56,23,9,9,0,8.3,1,16,2,1,21736.43,17552.94,179,67,Açık,0,0,1.34,93.03,5.88,2.4,2.34,18.57,51.0,47.36
2026-02-18,S006,Bursa Nilüfer,Bursa,Nilüfer,Büyük,339,319,13,13,7,1.35,19,7,7,0,3.2,3,10,2,1,15142.2,12721.13,110,59,Açık,0,0,1.06,94.1,3.83,2.06,9.4,16.79,48.43,44.67
2026-02-18,S007,Antalya Muratpaşa,Antalya,Muratpaşa,Büyük,351,336,10,13,5,1.52,20,8,7,0,0.9,1,12,2,1,19532.98,15295.51,172,65,Açık,0,0,1.02,95.73,3.7,1.42,2.98,16.8,43.88,55.65
2026-02-18,S008,Konya Selçuklu,Konya,Selçuklu,Orta,284,266,13,15,5,1.5,16,6,5,1,10.3,3,7,2,1,13597.46,9895.48,155,76,Açık,0,0,0.85,93.66,5.28,1.76,11.28,16.62,47.33,47.88
2026-02-18,S009,Samsun İlkadım,Samsun,İlkadım,Orta,317,297,15,19,5,1.75,15,6,4,1,12.0,3,7,2,0,16940.72,14152.07,113,59,Açık,0,0,0.9,93.69,5.99,1.58,10.1,19.8,52.83,53.44
2026-02-18,S010,Erzurum Yakutiye,Erzurum,Yakutiye,Orta,308,254,48,51,6,2.53,14,5,4,1,15.6,8,31,1,1,14279.4,11508.29,126,62,Karlı,0,0,0.82,82.47,16.56,1.95,31.5,18.14,61.6,46.36
2026-02-19,S001,Ankara Çankaya,Ankara,Çankaya,Merkez,442,409,27,28,6,1.8,24,9,10,2,17.8,3,13,2,1,24439.31,18747.73,236,124,Açık,0,0,1.31,92.53,6.33,1.36,7.33,17.04,49.11,55.29
2026-02-19,S002,Ankara Keçiören,Ankara,Keçiören,Büyük,454,418,27,33,9,1.51,21,8,8,1,17.1,4,16,2,1,21458.52,17481.69,175,55,Açık,0,0,1.33,92.07,7.27,1.98,9.57,19.9,56.75,47.27
2026-02-19,S003,İstanbul Kadıköy,İstanbul,Kadıköy,Merkez,486,461,16,15,9,1.44,28,11,12,1,6.9,1,9,2,1,26885.22,21105.56,216,96,Açık,0,0,1.46,94.86,3.09,1.85,2.17,16.46,44.18,55.32
2026-02-19,S004,İstanbul Üsküdar,İstanbul,Üsküdar,Büyük,438,403,27,35,8,1.69,25,10,10,0,2.6,6,24,2,1,20438.57,16419.79,182,56,Yağmurlu,0,0,1.33,92.01,7.99,1.83,14.89,16.12,43.8,46.66
2026-02-19,S005,İzmir Konak,İzmir,Konak,Merkez,431,400,25,32,6,1.25,23,9,9,2,14.6,3,6,1,1,19111.46,15385.48,186,92,Açık,0,0,1.21,92.81,7.42,1.39,7.5,17.39,47.89,44.34
2026-02-19,S006,Bursa Nilüfer,Bursa,Nilüfer,Büyük,378,349,23,29,6,1.65,19,7,7,1,13.9,3,9,1,1,20403.45,16696.77,146,70,Açık,0,0,1.07,92.33,7.67,1.59,8.6,18.37,54.0,53.98
2026-02-19,S007,Antalya Muratpaşa,Antalya,Muratpaşa,Büyük,365,338,18,21,9,1.39,20,8,7,1,3.7,4,13,1,1,16067.53,12377.64,188,65,Açık,0,0,1.15,92.6,5.75,2.47,11.83,16.9,45.62,44.02
2026-02-19,S008,Konya Selçuklu,Konya,Selçuklu,Orta,358,321,30,33,7,1.64,16,6,5,1,14.4,5,7,1,1,17607.0,15029.81,148,45,Açık,0,0,0.96,89.66,9.22,1.96,15.58,20.06,59.67,49.18
2026-02-19,S009,Samsun İlkadım,Samsun,İlkadım,Orta,294,262,26,28,6,1.77,15,6,4,2,16.9,5,9,2,1,13964.26,11526.83,96,48,Açık,0,0,0.88,89.12,9.52,2.04,19.08,17.47,49.0,47.5
2026-02-19,S010,Erzurum Yakutiye,Erzurum,Yakutiye,Orta,338,283,49,55,6,2.34,14,5,4,0,10.8,10,36,1,1,17001.36,13379.8,177,85,Karlı,0,0,0.92,83.73,16.27,1.78,35.34,20.21,67.6,50.3
2026-02-20,S001,Ankara Çankaya,Ankara,Çankaya,Merkez,441,396,41,39,4,1.64,24,9,10,3,24.2,7,15,2,1,22791.71,18704.94,195,59,Bulutlu,0,0,1.37,89.8,8.84,0.91,17.68,16.5,49.0,51.68
2026-02-20,S002,Ankara Keçiören,Ankara,Keçiören,Büyük,405,367,27,30,11,1.47,21,8,8,1,12.2,3,11,2,2,19565.95,15199.96,165,86,Bulutlu,0,0,1.18,90.62,7.41,2.72,8.17,17.48,50.62,48.31
2026-02-20,S003,İstanbul Kadıköy,İstanbul,Kadıköy,Merkez,461,437,14,19,10,1.27,28,11,12,0,1.4,3,10,2,1,21439.54,17828.41,179,70,Açık,0,0,1.44,94.79,4.12,2.17,6.86,15.61,41.91,46.51
2026-02-20,S004,İstanbul Üsküdar,İstanbul,Üsküdar,Büyük,475,442,21,24,12,1.29,25,10,10,2,16.7,2,13,1,2,23644.48,19905.47,185,64,Açık,0,0,1.34,93.05,5.05,2.53,4.52,17.68,47.5,49.78
2026-02-20,S005,İzmir Konak,İzmir,Konak,Merkez,409,376,26,28,7,1.7,23,9,9,3,19.4,2,10,1,0,21964.25,17587.14,179,58,Açık,0,0,1.15,91.93,6.85,1.71,5.32,16.35,45.44,53.7
2026-02-20,S006,Bursa Nilüfer,Bursa,Nilüfer,Büyük,347,311,29,30,7,1.51,19,7,7,2,20.2,5,9,1,1,15404.94,12032.49,155,62,Açık,0,0,1.05,89.63,8.65,2.02,16.08,16.37,49.57,44.39
2026-02-20,S007,Antalya Muratpaşa,Antalya,Muratpaşa,Büyük,470,409,50,54,11,1.61,20,8,7,2,26.8,9,11,2,1,25970.97,19525.59,240,131,Açık,0,0,1.3,87.02,11.49,2.34,22.0,20.45,58.75,55.26
2026-02-20,S008,Konya Selçuklu,Konya,Selçuklu,Orta,339,296,34,36,9,1.93,16,6,5,2,24.1,4,10,1,0,16605.76,13584.93,119,51,Açık,0,0,0.95,87.32,10.62,2.65,13.51,18.5,56.5,48.98
2026-02-20,S009,Samsun İlkadım,Samsun,İlkadım,Orta,303,289,10,15,4,1.53,15,6,4,1,10.1,2,4,2,1,14248.67,11944.42,99,42,Açık,0,0,0.84,95.38,4.95,1.32,6.92,19.27,50.5,47.03
2026-02-20,S010,Erzurum Yakutiye,Erzurum,Yakutiye,Orta,253,227,24,26,2,1.92,14,5,4,2,16.4,2,8,0,1,10918.1,8391.5,107,37,Açık,0,0,0.69,89.72,10.28,0.79,8.81,16.21,50.6,43.15
2026-02-21,S001,Ankara Çankaya,Ankara,Çankaya,Merkez,195,182,9,8,4,1.13,24,9,10,2,0.0,1,4,1,1,9134.25,7405.04,70,32,Açık,0,0,1.34,93.33,4.1,2.05,5.49,7.58,21.67,46.84
2026-02-21,S002,Ankara Keçiören,Ankara,Keçiören,Büyük,196,184,9,11,3,1.39,21,8,8,3,0.4,3,4,1,0,9565.54,8044.42,75,23,Bulutlu,0,0,1.15,93.88,5.61,1.53,16.3,8.76,24.5,48.8
2026-02-21,S003,İstanbul Kadıköy,İstanbul,Kadıköy,Merkez,226,217,6,5,3,1.3,28,11,12,0,0.0,1,8,0,1,11593.89,9508.85,97,53,Açık,0,0,1.51,96.02,2.21,1.33,4.61,7.75,20.55,51.3
2026-02-21,S004,İstanbul Üsküdar,İstanbul,Üsküdar,Büyük,256,241,10,12,5,1.59,25,10,10,2,0.0,3,8,2,1,13863.83,10814.26,115,61,Açık,0,0,1.37,94.14,4.69,1.95,12.45,9.64,25.6,54.16
2026-02-21,S005,İzmir Konak,İzmir,Konak,Merkez,132,124,5,6,3,1.29,23,9,9,2,0.0,1,4,1,0,7000.07,5755.13,53,26,Açık,0,0,1.09,93.94,4.55,2.27,8.06,5.39,14.67,53.03
2026-02-21,S006,Bursa Nilüfer,Bursa,Nilüfer,Büyük,162,155,5,6,2,1.31,19,7,7,3,1.2,1,3,1,0,8409.01,7128.08,56,25,Açık,0,0,0.98,95.68,3.7,1.23,6.45,8.16,23.14,51.91
2026-02-21,S007,Antalya Muratpaşa,Antalya,Muratpaşa,Büyük,166,149,13,14,4,1.73,20,8,7,1,0.0,3,11,1,0,6770.97,5527.05,58,27,Yağmurlu,0,0,1.24,89.76,8.43,2.41,20.13,7.45,20.75,40.79
2026-02-21,S008,Konya Selçuklu,Konya,Selçuklu,Orta,154,143,9,10,2,1.39,16,6,5,0,0.0,0,5,0,1,8361.13,6833.22,83,31,Bulutlu,0,0,0.88,92.86,6.49,1.3,0.0,8.94,25.67,54.29
2026-02-21,S009,Samsun İlkadım,Samsun,İlkadım,Orta,132,126,4,7,2,1.62,15,6,4,1,0.0,2,4,0,0,6833.97,5606.82,48,22,Bulutlu,0,0,0.89,95.45,5.3,1.52,15.87,8.4,22.0,51.77
2026-02-21,S010,Erzurum Yakutiye,Erzurum,Yakutiye,Orta,140,133,5,7,2,1.52,14,5,4,0,0.0,0,2,1,0,7000.36,5657.48,61,22,Açık,0,0,0.73,95.0,5.0,1.43,0.0,9.5,28.0,50.0
2026-02-22,S001,Ankara Çankaya,Ankara,Çankaya,Merkez,181,170,7,10,4,1.34,24,9,10,1,0.0,3,4,0,1,9328.31,7685.2,91,33,Açık,0,0,1.24,93.92,5.52,2.21,17.65,7.08,20.11,51.54
2026-02-22,S002,Ankara Keçiören,Ankara,Keçiören,Büyük,168,155,8,10,5,1.4,21,8,8,0,0.0,1,5,1,0,7374.7,6121.69,61,28,Açık,0,0,1.01,92.26,5.95,2.98,6.45,7.38,21.0,43.9
2026-02-22,S003,İstanbul Kadıköy,İstanbul,Kadıköy,Merkez,209,196,9,11,4,1.3,28,11,12,2,0.0,1,5,0,0,10422.34,8010.78,113,55,Açık,0,0,1.37,93.78,5.26,1.91,5.1,7.0,19.0,49.87
2026-02-22,S004,İstanbul Üsküdar,İstanbul,Üsküdar,Büyük,204,197,5,6,2,1.39,25,10,10,0,0.0,1,6,1,0,9604.94,7419.7,86,31,Açık,0,0,1.23,96.57,2.94,0.98,5.08,7.88,20.4,47.08
2026-02-22,S005,İzmir Konak,İzmir,Konak,Merkez,196,186,7,7,3,1.5,23,9,9,0,0.0,3,4,1,1,9773.33,7832.26,98,48,Açık,0,0,1.28,94.9,3.57,1.53,16.13,8.09,21.78,49.86
2026-02-22,S006,Bursa Nilüfer,Bursa,Nilüfer,Büyük,195,183,8,10,4,1.4,19,7,7,2,0.0,0,5,1,0,8684.59,7483.62,66,28,Açık,0,0,1.21,93.85,5.13,2.05,0.0,9.63,27.86,44.54
2026-02-22,S007,Antalya Muratpaşa,Antalya,Muratpaşa,Büyük,172,164,5,5,3,1.48,20,8,7,0,0.0,3,5,0,0,9284.52,7645.27,94,32,Açık,0,0,1.11,95.35,2.91,1.74,18.29,8.2,21.5,53.98
2026-02-22,S008,Konya Selçuklu,Konya,Selçuklu,Orta,153,142,7,9,4,1.47,16,6,5,1,0.0,3,4,0,1,6357.6,5183.04,63,21,Açık,0,0,0.85,92.81,5.88,2.61,21.13,8.88,25.5,41.55
2026-02-22,S009,Samsun İlkadım,Samsun,İlkadım,Orta,188,176,7,10,5,1.36,15,6,4,0,0.0,1,5,1,1,9286.0,6672.8,100,52,Açık,0,0,0.9,93.62,5.32,2.66,5.68,11.73,31.33,49.39
2026-02-22,S010,Erzurum Yakutiye,Erzurum,Yakutiye,Orta,119,110,6,7,3,1.37,14,5,4,0,0.0,0,3,0,0,6000.26,4841.39,43,21,Açık,0,0,0.81,92.44,5.88,2.52,0.0,7.86,23.8,50.42
2026-02-23,S001,Ankara Çankaya,Ankara,Çankaya,Merkez,533,447,75,84,11,2.49,24,9,10,3,37.6,13,38,2,1,23174.69,18065.71,221,115,Yağmurlu,0,0,1.26,83.86,15.76,2.06,29.08,18.62,59.22,43.48
2026-02-23,S002,Ankara Keçiören,Ankara,Keçiören,Büyük,493,417,68,73,8,2.16,21,8,8,3,36.0,8,17,1,2,25080.37,19312.12,270,95,Açık,0,0,1.18,84.58,14.81,1.62,19.18,19.86,61.62,50.87
2026-02-23,S003,İstanbul Kadıköy,İstanbul,Kadıköy,Merkez,626,556,59,58,11,1.7,28,11,12,3,32.8,7,18,1,1,30884.39,23227.92,335,182,Açık,0,0,1.5,88.82,9.27,1.76,12.59,19.86,56.91,49.34
2026-02-23,S004,İstanbul Üsküdar,İstanbul,Üsküdar,Büyük,522,482,27,34,13,1.5,25,10,10,1,14.3,5,16,1,1,24642.23,20562.46,182,71,Açık,0,0,1.25,92.34,6.51,2.49,10.37,19.28,52.2,47.21
2026-02-23,S005,İzmir Konak,İzmir,Konak,Merkez,520,454,53,56,13,1.64,23,9,9,3,36.2,7,13,3,1,23717.76,17889.5,269,97,Açık,0,0,1.25,87.31,10.77,2.5,15.42,19.74,57.78,45.61
2026-02-23,S006,Bursa Nilüfer,Bursa,Nilüfer,Büyük,440,362,67,67,11,2.28,19,7,7,3,40.2,11,13,2,2,21819.25,15903.49,228,92,Açık,0,0,1.06,82.27,15.23,2.5,30.39,19.05,62.86,49.59
2026-02-23,S007,Antalya Muratpaşa,Antalya,Muratpaşa,Büyük,437,381,45,49,11,1.92,20,8,7,2,21.2,8,15,2,2,19748.09,16180.5,191,96,Bulutlu,0,0,1.06,87.19,11.21,2.52,21.0,19.05,54.62,45.19
2026-02-23,S008,Konya Selçuklu,Konya,Selçuklu,Orta,367,294,68,72,5,2.15,16,6,5,3,39.4,9,8,1,1,16551.96,13797.09,155,59,Açık,0,0,0.95,80.11,19.62,1.36,30.61,18.38,61.17,45.1
2026-02-23,S009,Samsun İlkadım,Samsun,İlkadım,Orta,356,328,22,25,6,1.47,15,6,4,0,9.5,3,9,2,1,16498.0,12792.71,173,64,Açık,0,0,0.87,92.13,7.02,1.69,9.15,21.87,59.33,46.34
2026-02-23,S010,Erzurum Yakutiye,Erzurum,Yakutiye,Orta,315,252,56,61,7,2.52,14,5,4,1,18.2,10,34,2,1,13266.98,9372.7,145,69,Karlı,0,0,0.82,80.0,19.37,2.22,39.68,18.0,63.0,42.12
2026-02-24,S001,Ankara Çankaya,Ankara,Çankaya,Merkez,429,400,24,28,5,1.44,24,9,10,2,14.7,5,8,2,1,20955.24,16524.25,160,82,Açık,0,0,1.31,93.24,6.53,1.17,12.5,16.67,47.67,48.85
2026-02-24,S002,Ankara Keçiören,Ankara,Keçiören,Büyük,450,420,20,18,10,1.31,21,8,8,0,8.6,3,10,1,1,20810.36,15594.44,226,121,Bulutlu,0,0,1.27,93.33,4.0,2.22,7.14,20.0,56.25,46.25
2026-02-24,S003,İstanbul Kadıköy,İstanbul,Kadıköy,Merkez,454,411,38,51,5,1.66,28,11,12,3,14.7,8,28,1,1,24028.6,19514.35,180,85,Yağmurlu,0,0,1.3,90.53,11.23,1.1,19.46,14.68,41.27,52.93
2026-02-24,S004,İstanbul Üsküdar,İstanbul,Üsküdar,Büyük,445,414,21,26,10,1.41,25,10,10,1,7.9,3,10,3,1,23005.48,19259.67,153,55,Açık,0,0,1.2,93.03,5.84,2.25,7.25,16.56,44.5,51.7
2026-02-24,S005,İzmir Konak,İzmir,Konak,Merkez,437,413,18,23,6,1.41,23,9,9,1,9.9,5,10,2,1,21275.9,16689.78,169,79,Açık,0,0,1.23,94.51,5.26,1.37,12.11,17.96,48.56,48.69
2026-02-24,S006,Bursa Nilüfer,Bursa,Nilüfer,Büyük,387,330,49,50,8,2.07,19,7,7,2,21.1,7,23,1,1,17240.0,13441.28,153,73,Yağmurlu,0,0,1.04,85.27,12.92,2.07,21.21,17.37,55.29,44.55
2026-02-24,S007,Antalya Muratpaşa,Antalya,Muratpaşa,Büyük,384,365,12,16,7,1.52,20,8,7,0,3.6,4,14,2,1,19705.59,15208.49,211,68,Bulutlu,0,0,1.08,95.05,4.17,1.82,10.96,18.25,48.0,51.32
2026-02-24,S008,Konya Selçuklu,Konya,Selçuklu,Orta,412,339,62,65,11,2.17,16,6,5,1,18.3,8,24,1,1,18530.78,13417.12,199,99,Yağmurlu,0,0,1.04,82.28,15.78,2.67,23.6,21.19,68.67,44.98
2026-02-24,S009,Samsun İlkadım,Samsun,İlkadım,Orta,297,267,22,25,8,1.78,15,6,4,2,14.2,3,8,1,1,13995.32,11128.83,141,59,Açık,0,0,0.81,89.9,8.42,2.69,11.24,17.8,49.5,47.12
2026-02-24,S010,Erzurum Yakutiye,Erzurum,Yakutiye,Orta,222,203,16,18,3,1.74,14,5,4,2,16.0,3,5,1,0,9971.35,8008.55,74,29,Açık,0,0,0.68,91.44,8.11,1.35,14.78,14.5,44.4,44.92
2026-02-25,S001,Ankara Çankaya,Ankara,Çankaya,Merkez,374,345,25,30,4,1.51,24,9,10,3,15.3,3,7,2,1,18032.77,14330.53,175,66,Bulutlu,0,0,1.18,92.25,8.02,1.07,8.7,14.38,41.56,48.22
2026-02-25,S002,Ankara Keçiören,Ankara,Keçiören,Büyük,437,387,42,43,8,1.58,21,8,8,2,22.2,5,8,3,0,18488.65,14646.72,192,59,Açık,0,0,1.25,88.56,9.84,1.83,12.92,18.43,54.62,42.31
2026-02-25,S003,İstanbul Kadıköy,İstanbul,Kadıköy,Merkez,445,429,11,13,5,1.29,28,11,12,2,8.1,1,5,2,1,21787.39,16113.46,241,95,Açık,0,0,1.29,96.4,2.92,1.12,2.33,15.32,40.45,48.96
2026-02-25,S004,İstanbul Üsküdar,İstanbul,Üsküdar,Büyük,482,454,17,23,11,1.29,25,10,10,1,9.3,5,16,2,1,25489.34,19998.72,204,96,Açık,0,0,1.34,94.19,4.77,2.28,11.01,18.16,48.2,52.88
2026-02-25,S005,İzmir Konak,İzmir,Konak,Merkez,450,417,25,33,8,1.51,23,9,9,1,11.0,3,12,1,1,21337.84,16131.79,247,123,Açık,0,0,1.34,92.67,7.33,1.78,7.19,18.13,50.0,47.42
2026-02-25,S006,Bursa Nilüfer,Bursa,Nilüfer,Büyük,336,312,19,20,5,1.4,19,7,7,1,12.9,4,11,0,1,15424.51,12758.94,129,67,Açık,0,0,1.01,92.86,5.95,1.49,12.82,16.42,48.0,45.91
2026-02-25,S007,Antalya Muratpaşa,Antalya,Muratpaşa,Büyük,355,318,29,28,8,1.78,20,8,7,3,19.4,4,10,2,1,15887.7,12159.02,139,59,Açık,0,0,1.0,89.58,7.89,2.25,12.58,15.9,44.38,44.75
2026-02-25,S008,Konya Selçuklu,Konya,Selçuklu,Orta,320,291,22,25,7,1.58,16,6,5,1,11.7,3,9,1,1,16891.37,13362.57,126,62,Bulutlu,0,0,0.93,90.94,7.81,2.19,10.31,18.19,53.33,52.79
2026-02-25,S009,Samsun İlkadım,Samsun,İlkadım,Orta,304,263,36,37,5,2.12,15,6,4,2,17.0,5,18,1,1,13431.67,10319.48,143,57,Yağmurlu,0,0,0.91,86.51,12.17,1.64,19.01,17.53,50.67,44.18
2026-02-25,S010,Erzurum Yakutiye,Erzurum,Yakutiye,Orta,288,203,81,69,4,4.38,14,5,4,4,99.4,8,9,1,1,11177.34,8788.47,113,37,Açık,0,0,0.73,70.49,23.96,1.39,39.41,14.5,57.6,38.81
2026-02-26,S001,Ankara Çankaya,Ankara,Çankaya,Merkez,496,454,36,41,6,1.46,24,9,10,1,16.2,6,11,2,2,26194.65,21306.77,221,80,Bulutlu,0,0,1.43,91.53,8.27,1.21,13.22,18.92,55.11,52.81
2026-02-26,S002,Ankara Keçiören,Ankara,Keçiören,Büyük,347,326,18,18,3,1.36,21,8,8,1,6.3,2,13,1,1,16316.56,13398.82,158,49,Bulutlu,0,0,1.07,93.95,5.19,0.86,6.13,15.52,43.38,47.02
2026-02-26,S003,İstanbul Kadıköy,İstanbul,Kadıköy,Merkez,483,445,28,31,10,1.42,28,11,12,2,12.6,4,11,1,1,23931.31,19349.58,225,103,Bulutlu,0,0,1.42,92.13,6.42,2.07,8.99,15.89,43.91,49.55
2026-02-26,S004,İstanbul Üsküdar,İstanbul,Üsküdar,Büyük,432,392,33,37,7,1.7,25,10,10,1,7.3,7,29,2,1,21108.0,15969.89,230,75,Yağmurlu,0,0,1.24,90.74,8.56,1.62,17.86,15.68,43.2,48.86
2026-02-26,S005,İzmir Konak,İzmir,Konak,Merkez,391,352,32,34,7,1.66,23,9,9,0,3.3,8,26,0,1,17037.92,13680.37,137,55,Yağmurlu,0,0,1.18,90.03,8.7,1.79,22.73,15.3,43.44,43.58
2026-02-26,S006,Bursa Nilüfer,Bursa,Nilüfer,Büyük,321,286,30,31,5,1.92,19,7,7,3,23.3,4,9,1,1,16189.14,13519.71,120,37,Açık,0,0,1.0,89.1,9.66,1.56,13.99,15.05,45.86,50.43
2026-02-26,S007,Antalya Muratpaşa,Antalya,Muratpaşa,Büyük,422,401,15,16,6,1.56,20,8,7,0,7.9,4,11,2,1,21397.47,18016.32,149,66,Açık,0,0,1.18,95.02,3.79,1.42,9.98,20.05,52.75,50.7
2026-02-26,S008,Konya Selçuklu,Konya,Selçuklu,Orta,290,249,34,35,7,1.97,16,6,5,2,15.4,7,18,1,0,12940.13,9198.65,141,52,Yağmurlu,0,0,0.9,85.86,12.07,2.41,28.11,15.56,48.33,44.62
2026-02-26,S009,Samsun İlkadım,Samsun,İlkadım,Orta,202,182,14,14,6,1.67,15,6,4,2,7.5,3,11,1,1,8784.18,7285.42,72,33,Yağmurlu,0,0,0.66,90.1,6.93,2.97,16.48,12.13,33.67,43.49
2026-02-26,S010,Erzurum Yakutiye,Erzurum,Yakutiye,Orta,224,190,30,29,4,2.49,14,5,4,1,6.1,6,26,0,1,9432.49,7081.03,115,44,Karlı,0,0,0.71,84.82,12.95,1.79,31.58,13.57,44.8,42.11
2026-02-27,S001,Ankara Çankaya,Ankara,Çankaya,Merkez,422,392,20,28,10,1.7,24,9,10,1,10.1,5,18,1,1,23063.57,18655.97,224,87,Bulutlu,0,0,1.18,92.89,6.64,2.37,12.76,16.33,46.89,54.65
2026-02-27,S002,Ankara Keçiören,Ankara,Keçiören,Büyük,310,276,28,31,6,1.97,21,8,8,3,11.6,7,17,1,0,13665.82,10154.66,137,58,Yağmurlu,0,0,1.03,89.03,10.0,1.94,25.36,13.14,38.75,44.08
2026-02-27,S003,İstanbul Kadıköy,İstanbul,Kadıköy,Merkez,500,451,35,39,14,1.45,28,11,12,3,20.9,3,14,3,1,25143.05,21208.75,198,65,Açık,0,0,1.42,90.2,7.8,2.8,6.65,16.11,45.45,50.29
2026-02-27,S004,İstanbul Üsküdar,İstanbul,Üsküdar,Büyük,439,421,9,13,9,1.47,25,10,10,0,3.3,2,11,3,1,21108.48,16335.57,214,74,Açık,0,0,1.39,95.9,2.96,2.05,4.75,16.84,43.9,48.08
2026-02-27,S005,İzmir Konak,İzmir,Konak,Merkez,395,375,13,16,7,1.46,23,9,9,1,6.9,0,8,3,1,18225.68,14458.68,178,79,Bulutlu,0,0,1.24,94.94,4.05,1.77,0.0,16.3,43.89,46.14
2026-02-27,S006,Bursa Nilüfer,Bursa,Nilüfer,Büyük,412,364,43,49,5,1.98,19,7,7,1,15.6,8,24,1,1,18379.68,13458.49,221,113,Yağmurlu,0,0,1.2,88.35,11.89,1.21,21.98,19.16,58.86,44.61
2026-02-27,S007,Antalya Muratpaşa,Antalya,Muratpaşa,Büyük,375,357,12,16,6,1.38,20,8,7,0,3.9,1,11,2,1,16803.08,12946.75,164,53,Açık,0,0,1.07,95.2,4.27,1.6,2.8,17.85,46.88,44.81
2026-02-27,S008,Konya Selçuklu,Konya,Selçuklu,Orta,356,331,22,24,3,1.75,16,6,5,1,15.8,3,7,1,0,19078.12,15877.88,155,71,Açık,0,0,1.0,92.98,6.74,0.84,9.06,20.69,59.33,53.59
2026-02-27,S009,Samsun İlkadım,Samsun,İlkadım,Orta,279,262,14,18,3,1.33,15,6,4,1,6.7,4,7,1,1,14527.66,11047.31,131,68,Bulutlu,0,0,0.78,93.91,6.45,1.08,15.27,17.47,46.5,52.07
2026-02-27,S010,Erzurum Yakutiye,Erzurum,Yakutiye,Orta,283,225,50,55,8,2.41,14,5,4,1,14.6,9,35,1,1,11299.42,8485.29,126,67,Karlı,0,0,0.74,79.51,19.43,2.83,40.0,16.07,56.6,39.93
2026-02-28,S001,Ankara Çankaya,Ankara,Çankaya,Merkez,239,226,8,9,5,1.3,24,9,10,3,0.0,5,8,1,0,10904.97,8950.53,80,29,Açık,0,0,1.29,94.56,3.77,2.09,22.12,9.42,26.56,45.63
2026-02-28,S002,Ankara Keçiören,Ankara,Keçiören,Büyük,202,191,7,8,4,1.46,21,8,8,3,1.4,3,6,1,1,11162.34,9002.12,89,45,Açık,0,0,1.17,94.55,3.96,1.98,15.71,9.1,25.25,55.26
2026-02-28,S003,İstanbul Kadıköy,İstanbul,Kadıköy,Merkez,177,160,15,17,2,1.74,28,11,12,1,0.0,3,12,1,0,7752.76,5943.08,89,38,Yağmurlu,0,0,1.3,90.4,9.6,1.13,18.75,5.71,16.09,43.8
2026-02-28,S004,İstanbul Üsküdar,İstanbul,Üsküdar,Büyük,257,244,10,14,3,1.17,25,10,10,0,0.0,4,6,1,1,13845.02,10513.04,137,44,Açık,0,0,1.39,94.94,5.45,1.17,16.39,9.76,25.7,53.87
2026-02-28,S005,İzmir Konak,İzmir,Konak,Merkez,143,134,6,9,3,1.32,23,9,9,0,0.0,1,3,0,0,6500.84,5031.07,64,30,Açık,0,0,1.15,93.71,6.29,2.1,7.46,5.83,15.89,45.46
2026-02-28,S006,Bursa Nilüfer,Bursa,Nilüfer,Büyük,218,198,16,18,4,1.77,19,7,7,2,3.5,3,15,1,1,10911.58,8434.68,108,56,Yağmurlu,0,0,1.01,90.83,8.26,1.83,15.15,10.42,31.14,50.05
2026-02-28,S007,Antalya Muratpaşa,Antalya,Muratpaşa,Büyük,132,122,7,8,3,1.45,20,8,7,0,0.0,0,3,0,0,6823.38,5388.33,72,29,Açık,0,0,1.03,92.42,6.06,2.27,0.0,6.1,16.5,51.69
2026-02-28,S008,Konya Selçuklu,Konya,Selçuklu,Orta,161,149,9,12,3,1.48,16,6,5,3,5.3,1,4,1,0,7295.54,6055.41,60,24,Bulutlu,0,0,0.95,92.55,7.45,1.86,6.71,9.31,26.83,45.31
2026-02-28,S009,Samsun İlkadım,Samsun,İlkadım,Orta,119,110,6,5,3,1.23,15,6,4,1,0.0,0,3,1,0,5514.86,4083.24,57,29,Açık,0,0,0.7,92.44,4.2,2.52,0.0,7.33,19.83,46.34
2026-02-28,S010,Erzurum Yakutiye,Erzurum,Yakutiye,Orta,157,149,6,9,2,1.51,14,5,4,1,0.0,2,3,1,0,8008.92,6381.55,68,25,Açık,0,0,0.89,94.9,5.73,1.27,13.42,10.64,31.4,51.01
2026-03-01,S001,Ankara Çankaya,Ankara,Çankaya,Merkez,208,195,9,12,4,1.62,24,9,10,0,0.0,0,5,1,1,9193.64,7546.59,80,39,Bulutlu,0,0,1.19,93.75,5.77,1.92,0.0,8.12,23.11,44.2
2026-03-01,S002,Ankara Keçiören,Ankara,Keçiören,Büyük,231,219,8,12,4,1.44,21,8,8,2,0.0,2,7,1,1,11320.04,9633.05,90,30,Bulutlu,0,0,1.25,94.81,5.19,1.73,9.13,10.43,28.88,49.0
2026-03-01,S003,İstanbul Kadıköy,İstanbul,Kadıköy,Merkez,252,239,8,10,5,1.31,28,11,12,2,0.0,2,5,1,0,13857.16,11441.54,94,48,Açık,0,0,1.46,94.84,3.97,1.98,8.37,8.54,22.91,54.99
2026-03-01,S004,İstanbul Üsküdar,İstanbul,Üsküdar,Büyük,243,222,18,20,3,1.7,25,10,10,2,0.0,4,14,0,1,11331.11,9222.75,92,45,Yağmurlu,0,0,1.25,91.36,8.23,1.23,18.02,8.88,24.3,46.63
2026-03-01,S005,İzmir Konak,İzmir,Konak,Merkez,173,162,8,11,3,1.45,23,9,9,3,0.0,1,6,1,0,8193.4,6762.61,64,34,Bulutlu,0,0,1.28,93.64,6.36,1.73,6.17,7.04,19.22,47.36
2026-03-01,S006,Bursa Nilüfer,Bursa,Nilüfer,Büyük,233,220,9,13,4,1.48,19,7,7,0,0.0,2,5,1,0,10675.96,7939.0,125,68,Açık,0,0,1.08,94.42,5.58,1.72,9.09,11.58,33.29,45.82
2026-03-01,S007,Antalya Muratpaşa,Antalya,Muratpaşa,Büyük,174,158,12,15,4,1.77,20,8,7,0,0.0,2,11,1,1,7945.31,6415.73,80,24,Yağmurlu,0,0,1.19,90.8,8.62,2.3,12.66,7.9,21.75,45.66
2026-03-01,S008,Konya Selçuklu,Konya,Selçuklu,Orta,122,116,4,6,2,1.61,16,6,5,1,0.0,1,3,1,0,5433.17,4200.06,51,21,Açık,0,0,0.87,95.08,4.92,1.64,8.62,7.25,20.33,44.53
2026-03-01,S009,Samsun İlkadım,Samsun,İlkadım,Orta,84,79,4,5,1,1.16,15,6,4,0,0.0,3,2,0,0,3801.68,2850.72,38,16,Açık,0,0,0.76,94.05,5.95,1.19,37.97,5.27,14.0,45.26
2026-03-01,S010,Erzurum Yakutiye,Erzurum,Yakutiye,Orta,149,128,17,17,4,2.26,14,5,4,1,0.0,6,15,1,0,7151.17,6083.14,55,26,Karlı,0,0,0.59,85.91,11.41,2.68,46.88,9.14,29.8,47.99
2026-03-02,S001,Ankara Çankaya,Ankara,Çankaya,Merkez,480,446,21,23,13,1.37,24,9,10,1,15.5,5,13,1,2,20581.99,16276.8,213,88,Açık,0,0,1.26,92.92,4.79,2.71,11.21,18.58,53.33,42.88
2026-03-02,S002,Ankara Keçiören,Ankara,Keçiören,Büyük,542,477,55,63,10,1.96,21,8,8,0,17.2,11,28,2,1,22413.23,17951.03,233,90,Yağmurlu,0,0,1.29,88.01,11.62,1.85,23.06,22.71,67.75,41.35
2026-03-02,S003,İstanbul Kadıköy,İstanbul,Kadıköy,Merkez,563,515,39,49,9,1.83,28,11,12,0,7.8,10,31,3,0,25303.94,20917.02,208,102,Yağmurlu,0,0,1.34,91.47,8.7,1.6,19.42,18.39,51.18,44.94
2026-03-02,S004,İstanbul Üsküdar,İstanbul,Üsküdar,Büyük,498,462,29,32,7,1.54,25,10,10,1,11.9,4,16,2,2,23780.29,17446.82,271,116,Bulutlu,0,0,1.34,92.77,6.43,1.41,8.66,18.48,49.8,47.75
2026-03-02,S005,İzmir Konak,İzmir,Konak,Merkez,487,427,45,48,15,1.76,23,9,9,3,30.1,6,15,2,0,23569.47,17439.07,250,88,Açık,0,0,1.21,87.68,9.86,3.08,14.05,18.57,54.11,48.4
2026-03-02,S006,Bursa Nilüfer,Bursa,Nilüfer,Büyük,434,389,38,41,7,1.7,19,7,7,1,17.7,6,11,3,1,17594.23,14392.4,183,73,Açık,0,0,1.1,89.63,9.45,1.61,15.42,20.47,62.0,40.54
2026-03-02,S007,Antalya Muratpaşa,Antalya,Muratpaşa,Büyük,426,398,24,28,4,1.48,20,8,7,0,8.0,4,14,1,1,22390.27,17450.16,219,68,Bulutlu,0,0,1.08,93.43,6.57,0.94,10.05,19.9,53.25,52.56
2026-03-02,S008,Konya Selçuklu,Konya,Selçuklu,Orta,383,339,40,46,4,1.94,16,6,5,2,26.1,8,13,2,1,18227.95,14689.66,196,60,Açık,0,0,0.95,88.51,12.01,1.04,23.6,21.19,63.83,47.59
2026-03-02,S009,Samsun İlkadım,Samsun,İlkadım,Orta,389,277,109,93,3,3.18,15,6,4,4,75.6,7,5,1,1,14933.07,10713.74,190,93,Açık,0,0,0.92,71.21,23.91,0.77,25.27,18.47,64.83,38.39
2026-03-02,S010,Erzurum Yakutiye,Erzurum,Yakutiye,Orta,314,238,68,72,8,2.8,14,5,4,2,27.2,10,30,1,1,14606.0,11184.66,156,47,Karlı,0,0,0.77,75.8,22.93,2.55,42.02,17.0,62.8,46.52
2026-03-03,S001,Ankara Çankaya,Ankara,Çankaya,Merkez,424,385,27,30,12,1.63,24,9,10,3,24.5,3,12,2,0,21426.89,17186.61,183,63,Açık,0,0,1.23,90.8,7.08,2.83,7.79,16.04,47.11,50.54
2026-03-03,S002,Ankara Keçiören,Ankara,Keçiören,Büyük,404,355,41,45,8,2.02,21,8,8,3,26.1,7,11,2,1,19364.48,14983.21,174,90,Bulutlu,0,0,1.22,87.87,11.14,1.98,19.72,16.9,50.5,47.93
2026-03-03,S003,İstanbul Kadıköy,İstanbul,Kadıköy,Merkez,457,436,16,25,5,1.53,28,11,12,2,7.6,5,14,1,2,21354.9,16306.54,242,126,Açık,0,0,1.39,95.4,5.47,1.09,11.47,15.57,41.55,46.73
2026-03-03,S004,İstanbul Üsküdar,İstanbul,Üsküdar,Büyük,453,423,25,25,5,1.3,25,10,10,2,15.0,5,17,1,2,25499.39,20087.79,215,100,Bulutlu,0,0,1.32,93.38,5.52,1.1,11.82,16.92,45.3,56.29
2026-03-03,S005,İzmir Konak,İzmir,Konak,Merkez,387,367,15,21,5,1.3,23,9,9,0,2.6,3,9,2,1,20394.45,17049.71,193,63,Açık,0,0,1.17,94.83,5.43,1.29,8.17,15.96,43.0,52.7
2026-03-03,S006,Bursa Nilüfer,Bursa,Nilüfer,Büyük,311,268,39,42,4,2.1,19,7,7,3,20.7,7,18,1,1,14680.09,11853.79,119,49,Yağmurlu,0,0,0.99,86.17,13.5,1.29,26.12,14.11,44.43,47.2
2026-03-03,S007,Antalya Muratpaşa,Antalya,Muratpaşa,Büyük,352,319,26,31,7,1.63,20,8,7,2,11.7,4,11,1,1,16130.19,13581.57,114,57,Bulutlu,0,0,1.06,90.62,8.81,1.99,12.54,15.95,44.0,45.82
2026-03-03,S008,Konya Selçuklu,Konya,Selçuklu,Orta,333,309,16,17,8,1.59,16,6,5,0,6.8,1,8,1,1,15999.6,12031.6,174,74,Açık,0,0,0.92,92.79,5.11,2.4,3.24,19.31,55.5,48.05
2026-03-03,S009,Samsun İlkadım,Samsun,İlkadım,Orta,294,276,15,18,3,1.32,15,6,4,1,10.6,3,5,1,1,13102.69,10257.28,134,54,Açık,0,0,0.89,93.88,6.12,1.02,10.87,18.4,49.0,44.57
2026-03-03,S010,Erzurum Yakutiye,Erzurum,Yakutiye,Orta,208,194,9,11,5,1.66,14,5,4,1,5.9,2,6,1,1,9579.37,7688.84,97,30,Açık,0,0,0.73,93.27,5.29,2.4,10.31,13.86,41.6,46.05
2026-03-04,S001,Ankara Çankaya,Ankara,Çankaya,Merkez,407,363,37,42,7,1.59,24,9,10,2,14.1,7,27,1,1,19042.61,14127.02,220,72,Yağmurlu,0,0,1.26,89.19,10.32,1.72,19.28,15.12,45.22,46.79
2026-03-04,S002,Ankara Keçiören,Ankara,Keçiören,Büyük,334,313,16,16,5,1.49,21,8,8,1,4.6,2,13,1,1,18604.05,14366.98,154,84,Bulutlu,0,0,1.02,93.71,4.79,1.5,6.39,14.9,41.75,55.7
2026-03-04,S003,İstanbul Kadıköy,İstanbul,Kadıköy,Merkez,551,510,31,31,10,1.63,28,11,12,1,13.6,5,13,2,1,28479.75,23967.94,225,101,Açık,0,0,1.49,92.56,5.63,1.81,9.8,18.21,50.09,51.69
2026-03-04,S004,İstanbul Üsküdar,İstanbul,Üsküdar,Büyük,437,407,23,22,7,1.44,25,10,10,3,16.9,4,11,2,1,21622.93,17094.97,192,89,Açık,0,0,1.32,93.14,5.03,1.6,9.83,16.28,43.7,49.48
2026-03-04,S005,İzmir Konak,İzmir,Konak,Merkez,338,320,13,15,5,1.55,23,9,9,1,3.4,1,12,2,1,14532.87,12041.97,114,40,Açık,0,0,1.07,94.67,4.44,1.48,3.12,13.91,37.56,43.0
2026-03-04,S006,Bursa Nilüfer,Bursa,Nilüfer,Büyük,314,289,18,21,7,1.5,19,7,7,2,13.4,4,8,0,1,16411.56,12677.32,171,89,Açık,0,0,0.95,92.04,6.69,2.23,13.84,15.21,44.86,52.27
2026-03-04,S007,Antalya Muratpaşa,Antalya,Muratpaşa,Büyük,317,297,13,16,7,1.32,20,8,7,1,4.1,3,8,0,1,15472.19,12463.44,132,57,Açık,0,0,0.99,93.69,5.05,2.21,10.1,14.85,39.62,48.81
2026-03-04,S008,Konya Selçuklu,Konya,Selçuklu,Orta,298,274,17,18,7,1.19,16,6,5,0,6.7,2,11,1,1,15925.9,12133.48,160,73,Açık,0,0,0.91,91.95,6.04,2.35,7.3,17.12,49.67,53.44
2026-03-04,S009,Samsun İlkadım,Samsun,İlkadım,Orta,287,259,23,27,5,1.76,15,6,4,1,7.9,5,17,1,1,12970.64,9350.91,153,50,Yağmurlu,0,0,0.85,90.24,9.41,1.74,19.31,17.27,47.83,45.19
2026-03-04,S010,Erzurum Yakutiye,Erzurum,Yakutiye,Orta,322,295,23,27,4,1.73,14,5,4,0,9.5,2,4,1,1,16575.54,13757.11,112,43,Açık,0,0,0.86,91.61,8.39,1.24,6.78,21.07,64.4,51.48
2026-03-05,S001,Ankara Çankaya,Ankara,Çankaya,Merkez,460,418,30,32,12,1.44,24,9,10,2,16.5,2,12,1,2,24657.88,17672.62,251,127,Açık,0,0,1.32,90.87,6.96,2.61,4.78,17.42,51.11,53.6
2026-03-05,S002,Ankara Keçiören,Ankara,Keçiören,Büyük,424,387,29,37,8,1.37,21,8,8,1,15.6,7,11,2,0,21885.12,16558.63,213,103,Açık,0,0,1.21,91.27,8.73,1.89,18.09,18.43,53.0,51.62
2026-03-05,S003,İstanbul Kadıköy,İstanbul,Kadıköy,Merkez,472,450,13,21,9,1.35,28,11,12,0,2.0,5,12,2,1,26436.77,20216.32,230,117,Açık,0,0,1.28,95.34,4.45,1.91,11.11,16.07,42.91,56.01
2026-03-05,S004,İstanbul Üsküdar,İstanbul,Üsküdar,Büyük,408,385,14,13,9,1.12,25,10,10,2,9.4,3,13,2,1,18244.01,14849.61,166,52,Açık,0,0,1.18,94.36,3.19,2.21,7.79,15.4,40.8,44.72
2026-03-05,S005,İzmir Konak,İzmir,Konak,Merkez,414,395,14,19,5,1.48,23,9,9,0,4.1,2,11,1,1,21508.12,17330.06,212,76,Açık,0,0,1.06,95.41,4.59,1.21,5.06,17.17,46.0,51.95
2026-03-05,S006,Bursa Nilüfer,Bursa,Nilüfer,Büyük,303,287,12,14,4,1.44,19,7,7,0,3.9,1,8,1,1,13868.21,10568.6,161,67,Açık,0,0,0.92,94.72,4.62,1.32,3.48,15.11,43.29,45.77
2026-03-05,S007,Antalya Muratpaşa,Antalya,Muratpaşa,Büyük,400,341,51,51,8,2.02,20,8,7,4,37.2,6,11,2,2,17037.56,13545.23,140,64,Açık,0,0,1.07,85.25,12.75,2.0,17.6,17.05,50.0,42.59
2026-03-05,S008,Konya Selçuklu,Konya,Selçuklu,Orta,336,306,23,24,7,1.54,16,6,5,1,14.9,4,13,1,1,17576.27,13606.71,171,63,Açık,0,0,1.01,91.07,7.14,2.08,13.07,19.12,56.0,52.31
2026-03-05,S009,Samsun İlkadım,Samsun,İlkadım,Orta,292,252,35,38,5,2.04,15,6,4,2,17.0,4,18,2,1,12904.26,9636.03,150,53,Yağmurlu,0,0,0.81,86.3,13.01,1.71,15.87,16.8,48.67,44.19
2026-03-05,S010,Erzurum Yakutiye,Erzurum,Yakutiye,Orta,255,246,7,8,2,1.3,14,5,4,0,4.7,1,7,1,1,13172.02,11175.54,91,37,Açık,0,0,0.71,96.47,3.14,0.78,4.07,17.57,51.0,51.65
2026-03-06,S001,Ankara Çankaya,Ankara,Çankaya,Merkez,435,409,19,28,7,1.41,24,9,10,0,4.6,3,7,2,1,23817.03,19095.12,185,87,Açık,0,0,1.3,94.02,6.44,1.61,7.33,17.04,48.33,54.75
2026-03-06,S002,Ankara Keçiören,Ankara,Keçiören,Büyük,336,315,14,18,7,1.58,21,8,8,2,11.8,3,8,1,1,15308.35,11959.83,144,51,Açık,0,0,1.09,93.75,5.36,2.08,9.52,15.0,42.0,45.56
2026-03-06,S003,İstanbul Kadıköy,İstanbul,Kadıköy,Merkez,431,384,37,41,10,1.66,28,11,12,5,28.5,7,16,1,1,18546.75,14806.97,205,96,Bulutlu,0,0,1.35,89.1,9.51,2.32,18.23,13.71,39.18,43.03
2026-03-06,S004,İstanbul Üsküdar,İstanbul,Üsküdar,Büyük,389,369,15,18,5,1.53,25,10,10,2,8.0,3,8,2,0,20478.89,16918.77,145,68,Açık,0,0,1.18,94.86,4.63,1.29,8.13,14.76,38.9,52.64
2026-03-06,S005,İzmir Konak,İzmir,Konak,Merkez,376,356,15,19,5,1.47,23,9,9,2,11.5,3,9,2,1,19970.69,15948.4,199,78,Açık,0,0,1.18,94.68,5.05,1.33,8.43,15.48,41.78,53.11
2026-03-06,S006,Bursa Nilüfer,Bursa,Nilüfer,Büyük,375,327,40,40,8,1.91,19,7,7,1,13.9,7,23,1,1,17985.35,14643.18,165,58,Yağmurlu,0,0,1.02,87.2,10.67,2.13,21.41,17.21,53.57,47.96
2026-03-06,S007,Antalya Muratpaşa,Antalya,Muratpaşa,Büyük,385,360,19,20,6,1.66,20,8,7,2,17.6,3,9,1,1,17052.47,13642.42,166,72,Açık,0,0,1.09,93.51,5.19,1.56,8.33,18.0,48.12,44.29
2026-03-06,S008,Konya Selçuklu,Konya,Selçuklu,Orta,318,284,28,29,6,1.71,16,6,5,2,19.2,3,9,1,1,14556.68,11838.66,104,37,Açık,0,0,0.88,89.31,9.12,1.89,10.56,17.75,53.0,45.78
2026-03-06,S009,Samsun İlkadım,Samsun,İlkadım,Orta,222,196,21,22,5,1.84,15,6,4,3,18.3,2,7,1,1,11623.08,9337.5,111,60,Bulutlu,0,0,0.77,88.29,9.91,2.25,10.2,13.07,37.0,52.36
2026-03-06,S010,Erzurum Yakutiye,Erzurum,Yakutiye,Orta,237,179,55,57,3,3.26,14,5,4,3,31.7,10,29,1,1,10028.65,7013.34,114,63,Karlı,0,0,0.65,75.53,24.05,1.27,55.87,12.79,47.4,42.31
2026-03-07,S001,Ankara Çankaya,Ankara,Çankaya,Merkez,173,162,7,9,4,1.11,24,9,10,2,0.0,2,4,1,1,7313.11,6087.55,68,27,Açık,0,0,1.18,93.64,5.2,2.31,12.35,6.75,19.22,42.27
2026-03-07,S002,Ankara Keçiören,Ankara,Keçiören,Büyük,177,169,5,7,3,1.4,21,8,8,2,0.0,2,4,1,1,9175.91,7959.07,60,18,Açık,0,0,1.16,95.48,3.95,1.69,11.83,8.05,22.12,51.84
2026-03-07,S003,İstanbul Kadıköy,İstanbul,Kadıköy,Merkez,203,194,5,7,4,1.55,28,11,12,3,0.0,2,4,1,1,9662.27,7517.72,88,40,Açık,0,0,1.26,95.57,3.45,1.97,10.31,6.93,18.45,47.6
2026-03-07,S004,İstanbul Üsküdar,İstanbul,Üsküdar,Büyük,208,190,14,17,4,1.6,25,10,10,1,0.0,3,12,1,0,10137.75,8411.1,92,28,Yağmurlu,0,0,1.34,91.35,8.17,1.92,15.79,7.6,20.8,48.74
2026-03-07,S005,İzmir Konak,İzmir,Konak,Merkez,170,156,12,12,2,1.56,23,9,9,1,0.0,2,10,1,1,7832.21,6026.13,68,37,Yağmurlu,0,0,1.13,91.76,7.06,1.18,12.82,6.78,18.89,46.07
2026-03-07,S006,Bursa Nilüfer,Bursa,Nilüfer,Büyük,157,145,9,9,3,1.53,19,7,7,0,0.0,1,10,1,1,7385.69,5737.3,66,30,Yağmurlu,0,0,0.98,92.36,5.73,1.91,6.9,7.63,22.43,47.04
2026-03-07,S007,Antalya Muratpaşa,Antalya,Muratpaşa,Büyük,226,213,9,11,4,1.28,20,8,7,3,3.8,2,7,1,0,9697.79,7828.12,82,31,Açık,0,0,1.07,94.25,4.87,1.77,9.39,10.65,28.25,42.91
2026-03-07,S008,Konya Selçuklu,Konya,Selçuklu,Orta,115,110,2,2,3,1.4,16,6,5,1,0.0,0,3,0,1,5517.82,4312.12,45,22,Açık,0,0,0.82,95.65,1.74,2.61,0.0,6.88,19.17,47.98
2026-03-07,S009,Samsun İlkadım,Samsun,İlkadım,Orta,164,153,8,9,3,1.41,15,6,4,1,0.0,1,3,0,1,8809.19,7054.17,77,35,Açık,0,0,0.78,93.29,5.49,1.83,6.54,10.2,27.33,53.71
2026-03-07,S010,Erzurum Yakutiye,Erzurum,Yakutiye,Orta,121,114,4,6,3,1.24,14,5,4,1,0.0,0,3,0,0,5223.46,4241.0,39,17,Açık,0,0,0.8,94.21,4.96,2.48,0.0,8.14,24.2,43.17
2026-03-08,S001,Ankara Çankaya,Ankara,Çankaya,Merkez,186,176,7,9,3,1.45,24,9,10,3,0.0,1,3,1,1,8997.32,7712.02,60,32,Açık,0,0,1.14,94.62,4.84,1.61,5.68,7.33,20.67,48.37
2026-03-08,S002,Ankara Keçiören,Ankara,Keçiören,Büyük,157,146,9,10,2,1.43,21,8,8,3,0.0,1,5,1,0,8086.21,6817.17,51,19,Bulutlu,0,0,1.18,92.99,6.37,1.27,6.85,6.95,19.62,51.5
2026-03-08,S003,İstanbul Kadıköy,İstanbul,Kadıköy,Merkez,270,245,19,23,6,1.73,28,11,12,3,0.0,5,16,1,1,14203.34,10914.07,143,76,Yağmurlu,0,0,1.37,90.74,8.52,2.22,20.41,8.75,24.55,52.6
2026-03-08,S004,İstanbul Üsküdar,İstanbul,Üsküdar,Büyük,227,213,10,11,4,1.4,25,10,10,2,0.0,2,7,1,1,11605.72,9619.61,90,35,Bulutlu,0,0,1.3,93.83,4.85,1.76,9.39,8.52,22.7,51.13
2026-03-08,S005,İzmir Konak,İzmir,Konak,Merkez,193,183,6,6,4,1.39,23,9,9,3,0.0,0,6,1,1,8563.58,6900.15,69,21,Bulutlu,0,0,1.14,94.82,3.11,2.07,0.0,7.96,21.44,44.37
2026-03-08,S006,Bursa Nilüfer,Bursa,Nilüfer,Büyük,178,158,17,18,3,1.73,19,7,7,4,11.2,4,12,0,1,9012.39,7244.36,77,31,Yağmurlu,0,0,1.01,88.76,10.11,1.69,25.32,8.32,25.43,50.63
2026-03-08,S007,Antalya Muratpaşa,Antalya,Muratpaşa,Büyük,155,145,8,11,2,1.21,20,8,7,1,0.0,1,3,0,0,8508.36,6698.91,67,34,Açık,0,0,1.01,93.55,7.1,1.29,6.9,7.25,19.38,54.89
2026-03-08,S008,Konya Selçuklu,Konya,Selçuklu,Orta,157,149,6,9,2,1.31,16,6,5,0,0.0,1,3,0,1,7760.05,6561.94,55,20,Açık,0,0,0.9,94.9,5.73,1.27,6.71,9.31,26.17,49.43
2026-03-08,S009,Samsun İlkadım,Samsun,İlkadım,Orta,132,125,5,6,2,1.34,15,6,4,2,0.0,1,4,0,0,6834.04,5524.18,60,21,Açık,0,0,0.8,94.7,4.55,1.52,8.0,8.33,22.0,51.77
2026-03-08,S010,Erzurum Yakutiye,Erzurum,Yakutiye,Orta,77,67,9,10,1,2.23,14,5,4,1,0.0,2,7,0,0,3894.34,3164.74,28,12,Karlı,0,0,0.61,87.01,12.99,1.3,29.85,4.79,15.4,50.58
2026-03-09,S001,Ankara Çankaya,Ankara,Çankaya,Merkez,496,447,38,43,11,1.52,24,9,10,1,15.5,6,11,3,1,23555.76,19125.07,211,76,Açık,0,0,1.2,90.12,8.67,2.22,13.42,18.62,55.11,47.49
2026-03-09,S002,Ankara Keçiören,Ankara,Keçiören,Büyük,408,373,29,32,6,1.74,21,8,8,2,17.1,4,10,0,1,19602.4,16521.87,169,53,Açık,0,0,1.1,91.42,7.84,1.47,10.72,17.76,51.0,48.05
2026-03-09,S003,İstanbul Kadıköy,İstanbul,Kadıköy,Merkez,565,516,43,47,6,1.44,28,11,12,2,18.8,6,18,2,1,28691.85,23152.64,214,92,Bulutlu,0,0,1.34,91.33,8.32,1.06,11.63,18.43,51.36,50.78
2026-03-09,S004,İstanbul Üsküdar,İstanbul,Üsküdar,Büyük,512,460,45,46,7,1.86,25,10,10,3,26.5,5,11,2,2,24715.86,18328.99,238,84,Açık,0,0,1.3,89.84,8.98,1.37,10.87,18.4,51.2,48.27
2026-03-09,S005,İzmir Konak,İzmir,Konak,Merkez,366,335,26,31,5,1.7,23,9,9,0,1.2,5,23,2,0,18460.46,15045.23,140,66,Yağmurlu,0,0,0.96,91.53,8.47,1.37,14.93,14.57,40.67,50.44
2026-03-09,S006,Bursa Nilüfer,Bursa,Nilüfer,Büyük,363,314,43,49,6,2.0,19,7,7,3,28.7,6,10,2,1,17438.06,13115.69,193,98,Açık,0,0,0.94,86.5,13.5,1.65,19.11,16.53,51.86,48.04
2026-03-09,S007,Antalya Muratpaşa,Antalya,Muratpaşa,Büyük,454,417,27,32,10,1.38,20,8,7,0,8.8,4,14,3,1,18577.7,15066.19,185,83,Bulutlu,0,0,1.07,91.85,7.05,2.2,9.59,20.85,56.75,40.92
2026-03-09,S008,Konya Selçuklu,Konya,Selçuklu,Orta,379,317,57,62,5,2.11,16,6,5,2,26.4,10,21,2,1,16297.39,12473.37,155,72,Yağmurlu,0,0,0.82,83.64,16.36,1.32,31.55,19.81,63.17,43.0
2026-03-09,S009,Samsun İlkadım,Samsun,İlkadım,Orta,338,299,36,43,3,2.07,15,6,4,1,14.0,7,22,2,1,14799.69,11276.46,140,70,Yağmurlu,0,0,0.84,88.46,12.72,0.89,23.41,19.93,56.33,43.79
2026-03-09,S010,Erzurum Yakutiye,Erzurum,Yakutiye,Orta,291,253,31,34,7,1.91,14,5,4,2,25.1,5,9,2,1,12816.23,10372.11,101,48,Açık,0,0,0.69,86.94,11.68,2.41,19.76,18.07,58.2,44.04
2026-03-10,S001,Ankara Çankaya,Ankara,Çankaya,Merkez,376,360,11,12,5,1.26,24,9,10,2,10.0,1,8,2,1,18275.93,13772.46,187,71,Açık,0,0,1.14,95.74,3.19,1.33,2.78,15.0,41.78,48.61
2026-03-10,S002,Ankara Keçiören,Ankara,Keçiören,Büyük,356,328,19,24,9,1.48,21,8,8,2,14.2,3,11,2,1,15033.22,12189.57,114,37,Açık,0,0,1.07,92.13,6.74,2.53,9.15,15.62,44.5,42.23
2026-03-10,S003,İstanbul Kadıköy,İstanbul,Kadıköy,Merkez,436,406,19,21,11,1.27,28,11,12,2,8.4,3,11,1,1,22251.37,18849.48,167,54,Açık,0,0,1.3,93.12,4.82,2.52,7.39,14.5,39.64,51.04
2026-03-10,S004,İstanbul Üsküdar,İstanbul,Üsküdar,Büyük,438,406,25,29,7,1.65,25,10,10,3,19.3,5,7,2,0,19606.11,16309.71,140,76,Açık,0,0,1.26,92.69,6.62,1.6,12.32,16.24,43.8,44.76
2026-03-10,S005,İzmir Konak,İzmir,Konak,Merkez,365,316,42,49,7,1.87,23,9,9,5,35.0,4,9,2,1,15653.62,13001.18,148,51,Bulutlu,0,0,1.13,86.58,13.42,1.92,12.66,13.74,40.56,42.89
2026-03-10,S006,Bursa Nilüfer,Bursa,Nilüfer,Büyük,318,303,9,11,6,1.32,19,7,7,1,9.0,1,9,1,0,16539.02,13056.35,148,80,Açık,0,0,0.94,95.28,3.46,1.89,3.3,15.95,45.43,52.01
2026-03-10,S007,Antalya Muratpaşa,Antalya,Muratpaşa,Büyük,381,353,20,28,8,1.46,20,8,7,1,9.8,5,9,2,1,17660.81,13456.75,168,69,Açık,0,0,1.09,92.65,7.35,2.1,14.16,17.65,47.62,46.35
2026-03-10,S008,Konya Selçuklu,Konya,Selçuklu,Orta,297,263,27,32,7,1.81,16,6,5,2,16.4,5,7,1,1,15077.25,12308.94,147,67,Açık,0,0,0.85,88.55,10.77,2.36,19.01,16.44,49.5,50.77
2026-03-10,S009,Samsun İlkadım,Samsun,İlkadım,Orta,302,273,21,23,8,1.7,15,6,4,1,10.2,2,8,1,1,13531.75,10944.35,133,52,Açık,0,0,0.83,90.4,7.62,2.65,7.33,18.2,50.33,44.81
2026-03-10,S010,Erzurum Yakutiye,Erzurum,Yakutiye,Orta,271,194,74,65,3,3.17,14,5,4,3,39.4,10,30,1,1,10660.25,7313.25,135,66,Karlı,0,0,0.71,71.59,23.99,1.11,51.55,13.86,54.2,39.34
2026-03-11,S001,Ankara Çankaya,Ankara,Çankaya,Merkez,386,366,12,14,8,1.16,24,9,10,1,7.0,3,12,1,1,19726.79,16846.47,151,55,Açık,0,0,1.16,94.82,3.63,2.07,8.2,15.25,42.89,51.11
2026-03-11,S002,Ankara Keçiören,Ankara,Keçiören,Büyük,382,345,29,28,8,1.6,21,8,8,2,15.8,2,8,1,1,17406.89,14079.46,165,50,Açık,0,0,1.18,90.31,7.33,2.09,5.8,16.43,47.75,45.57
2026-03-11,S003,İstanbul Kadıköy,İstanbul,Kadıköy,Merkez,475,460,8,12,7,1.26,28,11,12,1,6.2,4,13,1,0,27298.96,21146.33,254,88,Açık,0,0,1.36,96.84,2.53,1.47,8.7,16.43,43.18,57.47
2026-03-11,S004,İstanbul Üsküdar,İstanbul,Üsküdar,Büyük,404,387,10,12,7,1.29,25,10,10,1,5.4,2,9,1,1,20752.94,17464.14,169,66,Açık,0,0,1.18,95.79,2.97,1.73,5.17,15.48,40.4,51.37
2026-03-11,S005,İzmir Konak,İzmir,Konak,Merkez,399,367,28,31,4,1.49,23,9,9,3,18.2,4,8,1,1,17184.89,13725.96,189,72,Açık,0,0,1.11,91.98,7.77,1.0,10.9,15.96,44.33,43.07
2026-03-11,S006,Bursa Nilüfer,Bursa,Nilüfer,Büyük,363,342,15,19,6,1.31,19,7,7,0,8.5,4,12,1,1,18600.73,14918.35,183,61,Açık,0,0,1.08,94.21,5.23,1.65,11.7,18.0,51.86,51.24
2026-03-11,S007,Antalya Muratpaşa,Antalya,Muratpaşa,Büyük,359,336,15,18,8,1.28,20,8,7,1,8.0,3,11,2,1,17398.12,14024.84,141,67,Açık,0,0,1.04,93.59,5.01,2.23,8.93,16.8,44.88,48.46
2026-03-11,S008,Konya Selçuklu,Konya,Selçuklu,Orta,308,286,18,20,4,1.54,16,6,5,1,11.3,1,11,1,1,15549.17,12249.36,129,47,Bulutlu,0,0,0.87,92.86,6.49,1.3,3.5,17.88,51.33,50.48
2026-03-11,S009,Samsun İlkadım,Samsun,İlkadım,Orta,285,259,21,24,5,1.37,15,6,4,2,15.1,5,7,1,1,15476.08,11878.76,135,74,Açık,0,0,0.7,90.88,8.42,1.75,19.31,17.27,47.5,54.3
2026-03-11,S010,Erzurum Yakutiye,Erzurum,Yakutiye,Orta,295,229,62,62,4,2.47,14,5,4,3,44.9,6,4,1,1,13215.18,9800.0,147,78,Açık,0,0,0.82,77.63,21.02,1.36,26.2,16.36,59.0,44.8
2026-03-12,S001,Ankara Çankaya,Ankara,Çankaya,Merkez,414,375,26,28,13,1.27,24,9,10,2,14.1,4,13,2,1,18812.05,15881.79,145,52,Açık,0,0,1.08,90.58,6.76,3.14,10.67,15.62,46.0,45.44
2026-03-12,S002,Ankara Keçiören,Ankara,Keçiören,Büyük,398,362,30,37,6,1.92,21,8,8,1,11.3,5,23,2,1,18277.08,14412.06,152,83,Yağmurlu,0,0,1.02,90.95,9.3,1.51,13.81,17.24,49.75,45.92
2026-03-12,S003,İstanbul Kadıköy,İstanbul,Kadıköy,Merkez,368,347,14,17,7,1.5,28,11,12,1,0.0,1,10,2,1,18560.99,15434.97,140,60,Bulutlu,0,0,1.05,94.29,4.62,1.9,2.88,12.39,33.45,50.44
2026-03-12,S004,İstanbul Üsküdar,İstanbul,Üsküdar,Büyük,457,418,32,36,7,1.53,25,10,10,2,13.7,6,10,2,2,24561.08,19103.32,246,133,Açık,0,0,1.32,91.47,7.88,1.53,14.35,16.72,45.7,53.74
2026-03-12,S005,İzmir Konak,İzmir,Konak,Merkez,400,370,19,22,11,1.57,23,9,9,1,6.1,4,11,2,1,19769.41,16214.98,189,90,Açık,0,0,1.11,92.5,5.5,2.75,10.81,16.09,44.44,49.42
2026-03-12,S006,Bursa Nilüfer,Bursa,Nilüfer,Büyük,353,324,23,26,6,1.31,19,7,7,2,16.7,3,11,2,1,14043.2,11700.25,117,55,Açık,0,0,0.94,91.78,7.37,1.7,9.26,17.05,50.43,39.78
2026-03-12,S007,Antalya Muratpaşa,Antalya,Muratpaşa,Büyük,403,353,42,45,8,2.1,20,8,7,2,18.6,7,20,1,1,17472.22,13588.87,165,80,Yağmurlu,0,0,1.13,87.59,11.17,1.99,19.83,17.65,50.38,43.36
2026-03-12,S008,Konya Selçuklu,Konya,Selçuklu,Orta,294,267,22,25,5,1.74,16,6,5,2,16.5,2,5,2,1,12571.49,9660.65,125,67,Açık,0,0,0.86,90.82,8.5,1.7,7.49,16.69,49.0,42.76
2026-03-12,S009,Samsun İlkadım,Samsun,İlkadım,Orta,279,216,58,63,5,2.37,15,6,4,4,48.3,7,8,2,1,11018.41,8738.92,90,37,Açık,0,0,0.92,77.42,22.58,1.79,32.41,14.4,46.5,39.49
2026-03-12,S010,Erzurum Yakutiye,Erzurum,Yakutiye,Orta,255,203,47,49,5,2.47,14,5,4,2,17.4,8,28,0,1,12875.08,9408.6,127,68,Karlı,0,0,0.7,79.61,19.22,1.96,39.41,14.5,51.0,50.49
2026-03-13,S001,Ankara Çankaya,Ankara,Çankaya,Merkez,399,373,16,21,10,1.27,24,9,10,1,6.1,4,10,2,2,19612.5,15767.62,200,82,Açık,0,0,1.09,93.48,5.26,2.51,10.72,15.54,44.33,49.15
2026-03-13,S002,Ankara Keçiören,Ankara,Keçiören,Büyük,347,325,16,20,6,1.35,21,8,8,2,11.1,3,7,2,1,19086.97,15078.94,181,64,Açık,0,0,1.06,93.66,5.76,1.73,9.23,15.48,43.38,55.01
2026-03-13,S003,İstanbul Kadıköy,İstanbul,Kadıköy,Merkez,377,365,8,14,4,1.23,28,11,12,3,5.5,2,12,2,1,17155.96,14464.88,134,47,Açık,0,0,1.14,96.82,3.71,1.06,5.48,13.04,34.27,45.51
2026-03-13,S004,İstanbul Üsküdar,İstanbul,Üsküdar,Büyük,423,408,9,20,6,1.24,25,10,10,0,2.3,3,12,2,1,21454.12,17400.88,174,62,Açık,0,0,1.23,96.45,4.73,1.42,7.35,16.32,42.3,50.72
2026-03-13,S005,İzmir Konak,İzmir,Konak,Merkez,381,368,10,15,3,1.39,23,9,9,0,2.3,1,10,2,0,20721.74,17279.05,159,53,Açık,0,0,1.11,96.59,3.94,0.79,2.72,16.0,42.33,54.39
2026-03-13,S006,Bursa Nilüfer,Bursa,Nilüfer,Büyük,384,322,51,59,11,2.09,19,7,7,3,32.2,7,11,2,1,14987.1,11898.96,146,52,Bulutlu,0,0,1.11,83.85,15.36,2.86,21.74,16.95,54.86,39.03
2026-03-13,S007,Antalya Muratpaşa,Antalya,Muratpaşa,Büyük,400,372,22,24,6,1.52,20,8,7,2,20.2,5,14,2,1,21038.65,16483.69,186,102,Bulutlu,0,0,1.07,93.0,6.0,1.5,13.44,18.6,50.0,52.6
2026-03-13,S008,Konya Selçuklu,Konya,Selçuklu,Orta,288,261,24,29,3,1.68,16,6,5,2,15.6,3,9,1,0,12563.35,10607.38,94,50,Bulutlu,0,0,0.91,90.62,10.07,1.04,11.49,16.31,48.0,43.62
2026-03-13,S009,Samsun İlkadım,Samsun,İlkadım,Orta,263,251,9,9,3,1.46,15,6,4,1,6.3,1,8,1,1,13408.49,10903.32,94,41,Açık,0,0,0.76,95.44,3.42,1.14,3.98,16.73,43.83,50.98
2026-03-13,S010,Erzurum Yakutiye,Erzurum,Yakutiye,Orta,258,207,48,52,3,2.82,14,5,4,2,18.5,7,29,2,1,11784.48,9786.58,107,44,Karlı,0,0,0.71,80.23,20.16,1.16,33.82,14.79,51.6,45.68
2026-03-14,S001,Ankara Çankaya,Ankara,Çankaya,Merkez,199,188,7,7,4,1.12,24,9,10,1,0.0,0,5,1,0,9799.4,7435.65,107,46,Açık,0,0,1.22,94.47,3.52,2.01,0.0,7.83,22.11,49.24
2026-03-14,S002,Ankara Keçiören,Ankara,Keçiören,Büyük,211,189,18,21,4,2.06,21,8,8,3,1.4,3,14,1,1,10371.56,8876.77,77,27,Yağmurlu,0,0,1.09,89.57,9.95,1.9,15.87,9.0,26.38,49.15
2026-03-14,S003,İstanbul Kadıköy,İstanbul,Kadıköy,Merkez,189,179,7,8,3,1.63,28,11,12,1,0.0,1,6,0,1,8779.39,7023.04,76,40,Bulutlu,0,0,1.16,94.71,4.23,1.59,5.59,6.39,17.18,46.45
2026-03-14,S004,İstanbul Üsküdar,İstanbul,Üsküdar,Büyük,221,201,16,19,4,1.72,25,10,10,1,0.0,3,15,1,1,10016.38,8112.44,102,45,Yağmurlu,0,0,1.42,90.95,8.6,1.81,14.93,8.04,22.1,45.32
2026-03-14,S005,İzmir Konak,İzmir,Konak,Merkez,198,180,14,17,4,1.47,23,9,9,3,0.0,3,11,1,1,10273.57,8245.71,101,50,Yağmurlu,0,0,1.11,90.91,8.59,2.02,16.67,7.83,22.0,51.89
2026-03-14,S006,Bursa Nilüfer,Bursa,Nilüfer,Büyük,157,149,5,6,3,1.46,19,7,7,4,6.2,2,5,1,0,8240.36,6593.39,66,27,Açık,0,0,0.9,94.9,3.82,1.91,13.42,7.84,22.43,52.49
2026-03-14,S007,Antalya Muratpaşa,Antalya,Muratpaşa,Büyük,152,145,5,7,2,1.51,20,8,7,3,0.0,0,4,1,0,8686.18,6770.89,77,38,Bulutlu,0,0,1.08,95.39,4.61,1.32,0.0,7.25,19.0,57.15
2026-03-14,S008,Konya Selçuklu,Konya,Selçuklu,Orta,132,127,3,4,2,1.41,16,6,5,1,0.0,0,2,0,0,6124.75,4811.38,64,20,Bulutlu,0,0,0.91,96.21,3.03,1.52,0.0,7.94,22.0,46.4
2026-03-14,S009,Samsun İlkadım,Samsun,İlkadım,Orta,130,118,10,11,2,1.79,15,6,4,2,0.0,3,8,1,0,6589.12,4838.97,70,36,Yağmurlu,0,0,0.79,90.77,8.46,1.54,25.42,7.87,21.67,50.69
2026-03-14,S010,Erzurum Yakutiye,Erzurum,Yakutiye,Orta,119,113,4,4,2,1.28,14,5,4,2,0.0,1,2,0,0,6888.47,5403.36,63,29,Açık,0,0,0.76,94.96,3.36,1.68,8.85,8.07,23.8,57.89
2026-03-15,S001,Ankara Çankaya,Ankara,Çankaya,Merkez,194,187,5,7,2,1.47,24,9,10,2,0.0,1,8,1,0,10590.34,8221.95,92,41,Bulutlu,0,0,1.16,96.39,3.61,1.03,5.35,7.79,21.56,54.59
2026-03-15,S002,Ankara Keçiören,Ankara,Keçiören,Büyük,164,147,13,14,4,1.81,21,8,8,3,0.0,2,9,1,0,7457.5,6076.92,63,19,Yağmurlu,0,0,1.0,89.63,8.54,2.44,13.61,7.0,20.5,45.47
2026-03-15,S003,İstanbul Kadıköy,İstanbul,Kadıköy,Merkez,203,192,9,11,2,1.57,28,11,12,1,0.0,2,5,1,1,9687.95,8050.55,75,30,Açık,0,0,1.31,94.58,5.42,0.99,10.42,6.86,18.45,47.72
2026-03-15,S004,İstanbul Üsküdar,İstanbul,Üsküdar,Büyük,194,186,5,7,3,1.32,25,10,10,2,0.0,0,4,1,1,10799.9,8514.3,105,56,Açık,0,0,1.23,95.88,3.61,1.55,0.0,7.44,19.4,55.67
2026-03-15,S005,İzmir Konak,İzmir,Konak,Merkez,134,127,6,7,1,1.26,23,9,9,1,0.0,3,4,1,0,6016.34,4692.81,73,23,Açık,0,0,1.05,94.78,5.22,0.75,23.62,5.52,14.89,44.9
2026-03-15,S006,Bursa Nilüfer,Bursa,Nilüfer,Büyük,117,111,4,5,2,1.1,19,7,7,2,0.0,2,4,1,0,6025.91,4552.49,57,27,Açık,0,0,0.73,94.87,4.27,1.71,18.02,5.84,16.71,51.5
2026-03-15,S007,Antalya Muratpaşa,Antalya,Muratpaşa,Büyük,182,173,6,6,3,1.25,20,8,7,1,0.0,3,4,1,1,8929.81,7266.89,68,33,Açık,0,0,1.02,95.05,3.3,1.65,17.34,8.65,22.75,49.06
2026-03-15,S008,Konya Selçuklu,Konya,Selçuklu,Orta,143,136,4,5,3,1.42,16,6,5,0,0.0,2,5,1,0,7164.93,6020.68,60,29,Bulutlu,0,0,0.95,95.1,3.5,2.1,14.71,8.5,23.83,50.1
2026-03-15,S009,Samsun İlkadım,Samsun,İlkadım,Orta,84,80,2,3,2,1.31,15,6,4,1,0.0,3,3,0,0,3884.59,3173.98,33,17,Bulutlu,0,0,0.76,95.24,3.57,2.38,37.5,5.33,14.0,46.25
2026-03-15,S010,Erzurum Yakutiye,Erzurum,Yakutiye,Orta,86,74,10,11,2,2.17,14,5,4,1,0.0,2,9,1,0,3881.14,2830.05,44,22,Karlı,0,0,0.74,86.05,12.79,2.33,27.03,5.29,17.2,45.13
2026-03-16,S001,Ankara Çankaya,Ankara,Çankaya,Merkez,494,462,25,29,7,1.42,24,9,10,1,16.6,2,20,2,1,26679.73,21479.34,260,112,Açık,0,0,1.2,93.52,5.87,1.42,4.33,19.25,54.89,54.01
2026-03-16,S002,Ankara Keçiören,Ankara,Keçiören,Büyük,439,406,24,29,9,1.34,21,8,8,0,10.1,4,13,2,1,22482.87,17458.8,233,105,Açık,0,0,1.1,92.48,6.61,2.05,9.85,19.33,54.88,51.21
2026-03-16,S003,İstanbul Kadıköy,İstanbul,Kadıköy,Merkez,437,400,29,36,8,1.61,28,11,12,0,0.0,7,26,1,1,21365.53,17185.04,205,87,Yağmurlu,0,0,1.19,91.53,8.24,1.83,17.5,14.29,39.73,48.89
2026-03-16,S004,İstanbul Üsküdar,İstanbul,Üsküdar,Büyük,442,400,34,38,8,1.74,25,10,10,1,7.1,7,29,2,1,20310.32,15690.64,192,80,Yağmurlu,0,0,1.18,90.5,8.6,1.81,17.5,16.0,44.2,45.95
2026-03-16,S005,İzmir Konak,İzmir,Konak,Merkez,404,376,15,16,13,1.67,23,9,9,2,13.5,1,13,1,1,16822.44,13607.91,175,78,Bulutlu,0,0,1.1,93.07,3.96,3.22,2.66,16.35,44.89,41.64
2026-03-16,S006,Bursa Nilüfer,Bursa,Nilüfer,Büyük,290,272,15,17,3,1.22,19,7,7,1,6.2,2,5,1,1,15027.36,12422.67,99,54,Açık,0,0,0.82,93.79,5.86,1.03,7.35,14.32,41.43,51.82
2026-03-16,S007,Antalya Muratpaşa,Antalya,Muratpaşa,Büyük,311,296,13,16,2,1.57,20,8,7,2,8.7,4,6,2,0,15631.63,12731.01,148,49,Açık,0,0,0.8,95.18,5.14,0.64,13.51,14.8,38.88,50.26
2026-03-16,S008,Konya Selçuklu,Konya,Selçuklu,Orta,339,320,12,17,7,1.45,16,6,5,0,10.6,3,7,1,1,17560.79,13815.72,172,85,Açık,0,0,0.77,94.4,5.01,2.06,9.38,20.0,56.5,51.8
2026-03-16,S009,Samsun İlkadım,Samsun,İlkadım,Orta,376,336,32,32,8,1.85,15,6,4,1,15.8,4,10,3,1,17195.37,13709.19,169,56,Açık,0,0,0.84,89.36,8.51,2.13,11.9,22.4,62.67,45.73
2026-03-16,S010,Erzurum Yakutiye,Erzurum,Yakutiye,Orta,298,230,63,66,5,2.6,14,5,4,2,24.4,10,33,1,0,11332.26,8684.32,124,61,Karlı,0,0,0.79,77.18,22.15,1.68,43.48,16.43,59.6,38.03
2026-03-17,S001,Ankara Çankaya,Ankara,Çankaya,Merkez,352,332,15,17,5,1.13,24,9,10,1,2.9,5,9,2,1,17603.68,13730.18,142,78,Açık,0,0,1.04,94.32,4.83,1.42,15.06,13.83,39.11,50.01
2026-03-17,S002,Ankara Keçiören,Ankara,Keçiören,Büyük,353,318,29,32,6,1.72,21,8,8,3,20.2,3,10,1,2,15930.98,12258.92,177,91,Açık,0,0,1.01,90.08,9.07,1.7,9.43,15.14,44.12,45.13
2026-03-17,S003,İstanbul Kadıköy,İstanbul,Kadıköy,Merkez,403,381,14,20,8,1.24,28,11,12,0,0.0,3,12,2,1,17480.46,14010.97,153,63,Açık,0,0,1.23,94.54,4.96,1.99,7.87,13.61,36.64,43.38
2026-03-17,S004,İstanbul Üsküdar,İstanbul,Üsküdar,Büyük,455,418,30,41,7,1.66,25,10,10,3,17.3,5,7,2,1,22881.7,19186.61,151,79,Açık,0,0,1.28,91.87,9.01,1.54,11.96,16.72,45.5,50.29
2026-03-17,S005,İzmir Konak,İzmir,Konak,Merkez,303,285,13,15,5,1.15,23,9,9,2,4.0,4,10,2,1,15197.84,12704.49,136,54,Açık,0,0,0.93,94.06,4.95,1.65,14.04,12.39,33.67,50.16
2026-03-17,S006,Bursa Nilüfer,Bursa,Nilüfer,Büyük,282,266,12,20,4,1.25,19,7,7,1,3.7,1,8,1,1,12814.93,10998.91,100,34,Açık,0,0,0.86,94.33,7.09,1.42,3.76,14.0,40.29,45.44
2026-03-17,S007,Antalya Muratpaşa,Antalya,Muratpaşa,Büyük,327,307,14,17,6,1.42,20,8,7,1,4.7,4,10,2,1,18258.44,14189.74,158,73,Açık,0,0,1.01,93.88,5.2,1.83,13.03,15.35,40.88,55.84
2026-03-17,S008,Konya Selçuklu,Konya,Selçuklu,Orta,316,237,73,73,6,2.83,16,6,5,4,58.0,9,6,2,2,13351.75,9928.45,144,63,Açık,0,0,0.92,75.0,23.1,1.9,37.97,14.81,52.67,42.25
2026-03-17,S009,Samsun İlkadım,Samsun,İlkadım,Orta,291,254,32,34,5,1.7,15,6,4,1,11.1,9,20,1,1,13364.9,10866.01,123,52,Yağmurlu,0,0,0.87,87.29,11.68,1.72,35.43,16.93,48.5,45.93
2026-03-17,S010,Erzurum Yakutiye,Erzurum,Yakutiye,Orta,260,210,46,50,4,2.19,14,5,4,3,38.1,6,7,1,0,11835.0,9605.18,107,56,Açık,0,0,0.77,80.77,19.23,1.54,28.57,15.0,52.0,45.52
2026-03-18,S001,Ankara Çankaya,Ankara,Çankaya,Merkez,424,384,30,36,10,1.57,24,9,10,3,21.4,4,10,1,2,20098.68,15197.44,220,117,Açık,0,0,1.22,90.57,8.49,2.36,10.42,16.0,47.11,47.4
2026-03-18,S002,Ankara Keçiören,Ankara,Keçiören,Büyük,278,252,22,25,4,1.66,21,8,8,4,18.3,2,7,1,1,12029.56,9238.49,147,68,Açık,0,0,0.95,90.65,8.99,1.44,7.94,12.0,34.75,43.27
2026-03-18,S003,İstanbul Kadıköy,İstanbul,Kadıköy,Merkez,407,381,18,26,8,1.48,28,11,12,1,0.4,5,15,2,0,18515.65,14016.35,194,96,Açık,0,0,1.27,93.61,6.39,1.97,13.12,13.61,37.0,45.49
2026-03-18,S004,İstanbul Üsküdar,İstanbul,Üsküdar,Büyük,428,394,25,30,9,1.73,25,10,10,1,6.7,5,25,1,2,19667.79,16557.16,151,46,Yağmurlu,0,0,1.23,92.06,7.01,2.1,12.69,15.76,42.8,45.95
2026-03-18,S005,İzmir Konak,İzmir,Konak,Merkez,425,404,18,23,3,1.43,23,9,9,2,15.7,3,9,2,1,19464.57,15060.07,203,92,Açık,0,0,1.25,95.06,5.41,0.71,7.43,17.57,47.22,45.8
2026-03-18,S006,Bursa Nilüfer,Bursa,Nilüfer,Büyük,313,292,15,18,6,1.36,19,7,7,1,7.0,2,8,2,1,14620.59,11560.02,127,67,Bulutlu,0,0,0.93,93.29,5.75,1.92,6.85,15.37,44.71,46.71
2026-03-18,S007,Antalya Muratpaşa,Antalya,Muratpaşa,Büyük,374,348,18,23,8,1.49,20,8,7,1,9.9,5,14,2,1,17793.21,13641.34,189,73,Açık,0,0,1.11,93.05,6.15,2.14,14.37,17.4,46.75,47.58
2026-03-18,S008,Konya Selçuklu,Konya,Selçuklu,Orta,205,193,8,10,4,1.23,16,6,5,2,7.1,1,4,1,1,9322.68,8055.01,68,21,Açık,0,0,0.74,94.15,4.88,1.95,5.18,12.06,34.17,45.48
2026-03-18,S009,Samsun İlkadım,Samsun,İlkadım,Orta,283,264,15,18,4,1.44,15,6,4,1,7.4,3,9,1,1,12791.59,10134.13,108,55,Açık,0,0,0.75,93.29,6.36,1.41,11.36,17.6,47.17,45.2
2026-03-18,S010,Erzurum Yakutiye,Erzurum,Yakutiye,Orta,223,184,36,38,3,2.38,14,5,4,2,15.6,9,23,1,1,11587.81,8649.41,106,57,Karlı,0,0,0.7,82.51,17.04,1.35,48.91,13.14,44.6,51.96
2026-03-19,S001,Ankara Çankaya,Ankara,Çankaya,Merkez,504,471,27,34,6,1.48,24,9,10,1,17.6,6,7,2,1,27427.41,22178.57,188,93,Açık,0,1,1.54,93.45,6.75,1.19,12.74,19.62,56.0,54.42
2026-03-19,S002,Ankara Keçiören,Ankara,Keçiören,Büyük,488,444,37,45,7,1.59,21,8,8,1,19.3,8,19,2,0,21309.98,16509.83,268,98,Bulutlu,0,1,1.41,90.98,9.22,1.43,18.02,21.14,61.0,43.67
2026-03-19,S003,İstanbul Kadıköy,İstanbul,Kadıköy,Merkez,516,455,47,51,14,1.92,28,11,12,2,15.4,12,36,3,2,21875.83,17380.14,177,78,Yağmurlu,0,1,1.52,88.18,9.88,2.71,26.37,16.25,46.91,42.4
2026-03-19,S004,İstanbul Üsküdar,İstanbul,Üsküdar,Büyük,500,470,25,27,5,1.5,25,10,10,1,12.0,5,14,1,2,22124.0,17774.53,181,75,Açık,0,1,1.53,94.0,5.4,1.0,10.64,18.8,50.0,44.25
2026-03-19,S005,İzmir Konak,İzmir,Konak,Merkez,459,420,30,35,9,1.58,23,9,9,2,17.5,6,11,2,1,22407.59,18212.22,186,92,Bulutlu,0,1,1.41,91.5,7.63,1.96,14.29,18.26,51.0,48.82
2026-03-19,S006,Bursa Nilüfer,Bursa,Nilüfer,Büyük,438,380,47,54,11,1.7,19,7,7,2,27.2,7,11,1,1,19488.38,15973.86,191,59,Açık,0,1,1.25,86.76,12.33,2.51,18.42,20.0,62.57,44.49
2026-03-19,S007,Antalya Muratpaşa,Antalya,Muratpaşa,Büyük,451,417,25,34,9,1.51,20,8,7,1,17.4,6,18,2,1,24118.76,19642.34,210,109,Bulutlu,0,1,1.37,92.46,7.54,2.0,14.39,20.85,56.38,53.48
2026-03-19,S008,Konya Selçuklu,Konya,Selçuklu,Orta,371,259,104,89,8,3.05,16,6,5,4,71.1,12,11,1,1,14748.92,11873.82,158,54,Açık,0,1,1.16,69.81,23.99,2.16,46.33,16.19,61.83,39.75
2026-03-19,S009,Samsun İlkadım,Samsun,İlkadım,Orta,360,291,61,62,8,2.11,15,6,4,3,37.9,6,9,0,1,16988.58,13960.24,169,51,Açık,0,1,1.1,80.83,17.22,2.22,20.62,19.4,60.0,47.19
2026-03-19,S010,Erzurum Yakutiye,Erzurum,Yakutiye,Orta,320,267,44,48,9,1.87,14,5,4,2,26.6,5,9,1,1,14721.42,10661.16,149,72,Açık,0,1,0.88,83.44,15.0,2.81,18.73,19.07,64.0,46.0
2026-03-20,S001,Ankara Çankaya,Ankara,Çankaya,Merkez,479,417,50,51,12,1.82,24,9,10,1,14.7,7,32,2,1,25028.85,19808.4,197,92,Yağmurlu,0,1,1.37,87.06,10.65,2.51,16.79,17.38,53.22,52.25
2026-03-20,S002,Ankara Keçiören,Ankara,Keçiören,Büyük,501,441,50,54,10,1.82,21,8,8,2,27.9,5,13,2,0,23488.53,18011.25,225,101,Açık,0,1,1.35,88.02,10.78,2.0,11.34,21.0,62.62,46.88
2026-03-20,S003,İstanbul Kadıköy,İstanbul,Kadıköy,Merkez,546,503,34,42,9,1.68,28,11,12,2,19.7,5,17,1,2,23275.63,19170.52,181,87,Bulutlu,0,1,1.61,92.12,7.69,1.65,9.94,17.96,49.64,42.63
2026-03-20,S004,İstanbul Üsküdar,İstanbul,Üsküdar,Büyük,486,452,27,30,7,1.46,25,10,10,2,15.4,5,11,3,1,26048.92,20352.37,251,100,Açık,0,1,1.51,93.0,6.17,1.44,11.06,18.08,48.6,53.6
2026-03-20,S005,İzmir Konak,İzmir,Konak,Merkez,464,417,39,47,8,1.71,23,9,9,3,26.2,6,8,1,0,24018.14,20015.16,212,80,Açık,0,1,1.38,89.87,10.13,1.72,14.39,18.13,51.56,51.76
2026-03-20,S006,Bursa Nilüfer,Bursa,Nilüfer,Büyük,380,345,30,38,5,1.64,19,7,7,2,21.6,4,11,1,1,19884.12,16343.86,168,69,Açık,0,1,1.14,90.79,10.0,1.32,11.59,18.16,54.29,52.33
2026-03-20,S007,Antalya Muratpaşa,Antalya,Muratpaşa,Büyük,459,410,42,44,7,1.67,20,8,7,2,24.0,7,13,2,0,18606.45,14774.42,159,48,Açık,0,1,1.26,89.32,9.59,1.53,17.07,20.5,57.38,40.54
2026-03-20,S008,Konya Selçuklu,Konya,Selçuklu,Orta,379,330,43,50,6,1.91,16,6,5,2,25.4,5,8,2,1,19427.05,15501.77,202,102,Açık,0,1,1.13,87.07,13.19,1.58,15.15,20.62,63.17,51.26
2026-03-20,S009,Samsun İlkadım,Samsun,İlkadım,Orta,298,246,47,47,5,2.36,15,6,4,3,29.4,7,18,1,0,12356.66,9503.31,125,58,Yağmurlu,0,1,0.87,82.55,15.77,1.68,28.46,16.4,49.67,41.47
2026-03-20,S010,Erzurum Yakutiye,Erzurum,Yakutiye,Orta,265,230,31,34,4,1.77,14,5,4,2,20.7,4,10,0,1,11888.94,8990.0,127,42,Açık,0,1,0.86,86.79,12.83,1.51,17.39,16.43,53.0,44.86
2026-03-21,S001,Ankara Çankaya,Ankara,Çankaya,Merkez,232,214,14,18,4,1.75,24,9,10,3,0.5,2,15,1,1,10267.92,8256.91,104,50,Yağmurlu,0,1,1.49,92.24,7.76,1.72,9.35,8.92,25.78,44.26
2026-03-21,S002,Ankara Keçiören,Ankara,Keçiören,Büyük,221,209,9,13,3,1.35,21,8,8,1,0.0,3,10,1,0,10316.47,8095.11,86,44,Bulutlu,0,1,1.45,94.57,5.88,1.36,14.35,9.95,27.62,46.68
2026-03-21,S003,İstanbul Kadıköy,İstanbul,Kadıköy,Merkez,300,286,6,12,8,1.28,28,11,12,0,0.0,4,8,1,1,16442.43,13170.53,147,46,Açık,0,1,1.69,95.33,4.0,2.67,13.99,10.21,27.27,54.81
2026-03-21,S004,İstanbul Üsküdar,İstanbul,Üsküdar,Büyük,230,219,7,9,4,1.16,25,10,10,2,0.0,3,5,1,1,12301.43,10076.04,80,36,Açık,0,1,1.43,95.22,3.91,1.74,13.7,8.76,23.0,53.48
2026-03-21,S005,İzmir Konak,İzmir,Konak,Merkez,241,224,12,15,5,1.46,23,9,9,0,0.0,3,7,1,1,11705.05,9297.81,97,31,Bulutlu,0,1,1.39,92.95,6.22,2.07,13.39,9.74,26.78,48.57
2026-03-21,S006,Bursa Nilüfer,Bursa,Nilüfer,Büyük,197,188,6,8,3,1.51,19,7,7,1,0.0,2,4,1,0,9550.92,7533.95,89,41,Açık,0,1,1.3,95.43,4.06,1.52,10.64,9.89,28.14,48.48
2026-03-21,S007,Antalya Muratpaşa,Antalya,Muratpaşa,Büyük,223,212,8,11,3,1.17,20,8,7,1,0.0,2,6,1,0,11177.48,8447.35,122,46,Açık,0,1,1.43,95.07,4.93,1.35,9.43,10.6,27.88,50.12
2026-03-21,S008,Konya Selçuklu,Konya,Selçuklu,Orta,206,192,13,14,1,1.43,16,6,5,1,0.2,2,12,1,1,9309.11,7317.13,73,33,Yağmurlu,0,1,1.08,93.2,6.8,0.49,10.42,12.0,34.33,45.19
2026-03-21,S009,Samsun İlkadım,Samsun,İlkadım,Orta,161,152,5,8,4,1.26,15,6,4,1,0.0,0,5,0,0,6597.21,5484.62,57,19,Açık,0,1,1.02,94.41,4.97,2.48,0.0,10.13,26.83,40.98
2026-03-21,S010,Erzurum Yakutiye,Erzurum,Yakutiye,Orta,134,117,15,17,2,2.25,14,5,4,1,0.0,4,14,0,0,6397.85,5056.89,57,19,Karlı,0,1,1.0,87.31,12.69,1.49,34.19,8.36,26.8,47.75
2026-03-22,S001,Ankara Çankaya,Ankara,Çankaya,Merkez,262,236,19,21,7,1.94,24,9,10,2,0.0,3,16,1,1,11395.37,9188.89,123,42,Yağmurlu,0,1,1.49,90.08,8.02,2.67,12.71,9.83,29.11,43.49
2026-03-22,S002,Ankara Keçiören,Ankara,Keçiören,Büyük,192,179,9,11,4,1.47,21,8,8,1,0.0,3,5,1,0,9668.88,7726.84,77,39,Bulutlu,0,1,1.18,93.23,5.73,2.08,16.76,8.52,24.0,50.36
2026-03-22,S003,İstanbul Kadıköy,İstanbul,Kadıköy,Merkez,253,241,7,10,5,1.42,28,11,12,2,0.0,3,6,1,1,13330.01,10746.01,94,47,Bulutlu,0,1,1.61,95.26,3.95,1.98,12.45,8.61,23.0,52.69
2026-03-22,S004,İstanbul Üsküdar,İstanbul,Üsküdar,Büyük,281,268,7,12,6,1.3,25,10,10,3,0.0,1,9,1,1,12553.66,10013.6,146,45,Açık,0,1,1.6,95.37,4.27,2.14,3.73,10.72,28.1,44.67
2026-03-22,S005,İzmir Konak,İzmir,Konak,Merkez,270,254,11,12,5,1.54,23,9,9,1,0.0,3,6,1,1,13840.79,11062.59,120,42,Bulutlu,0,1,1.38,94.07,4.44,1.85,11.81,11.04,30.0,51.26
2026-03-22,S006,Bursa Nilüfer,Bursa,Nilüfer,Büyük,153,139,10,11,4,1.75,19,7,7,3,0.0,2,9,0,0,6391.88,5311.7,53,21,Yağmurlu,0,1,1.09,90.85,7.19,2.61,14.39,7.32,21.86,41.78
2026-03-22,S007,Antalya Muratpaşa,Antalya,Muratpaşa,Büyük,147,138,5,6,4,1.56,20,8,7,2,0.0,4,6,1,0,6802.69,5449.18,69,27,Bulutlu,0,1,1.15,93.88,4.08,2.72,28.99,6.9,18.38,46.28
2026-03-22,S008,Konya Selçuklu,Konya,Selçuklu,Orta,186,172,11,13,3,1.72,16,6,5,1,0.8,2,10,1,1,8541.85,6596.02,80,26,Yağmurlu,0,1,1.17,92.47,6.99,1.61,11.63,10.75,31.0,45.92
2026-03-22,S009,Samsun İlkadım,Samsun,İlkadım,Orta,178,170,5,6,3,1.23,15,6,4,0,0.0,0,4,1,0,8495.87,6908.19,60,26,Açık,0,1,1.0,95.51,3.37,1.69,0.0,11.33,29.67,47.73
2026-03-22,S010,Erzurum Yakutiye,Erzurum,Yakutiye,Orta,159,150,6,7,3,1.56,14,5,4,2,7.8,1,3,1,1,8304.44,6473.45,82,37,Açık,0,1,0.92,94.34,4.4,1.89,6.67,10.71,31.8,52.23
2026-03-23,S001,Ankara Çankaya,Ankara,Çankaya,Merkez,461,406,49,52,6,1.89,24,9,10,1,11.9,7,32,2,1,22446.88,16943.83,243,118,Yağmurlu,0,0,1.12,88.07,11.28,1.3,17.24,16.92,51.22,48.69
2026-03-23,S002,Ankara Keçiören,Ankara,Keçiören,Büyük,369,338,25,30,6,1.39,21,8,8,2,11.1,4,10,1,1,16633.58,12890.24,155,47,Açık,0,0,1.05,91.6,8.13,1.63,11.83,16.1,46.12,45.08
2026-03-23,S003,İstanbul Kadıköy,İstanbul,Kadıköy,Merkez,501,452,40,46,9,1.67,28,11,12,1,8.3,5,30,2,1,26984.39,21176.76,263,102,Yağmurlu,0,0,1.22,90.22,9.18,1.8,11.06,16.14,45.55,53.86
2026-03-23,S004,İstanbul Üsküdar,İstanbul,Üsküdar,Büyük,430,410,13,20,7,1.37,25,10,10,0,1.9,5,7,1,1,21108.81,17951.43,159,77,Açık,0,0,1.08,95.35,4.65,1.63,12.2,16.4,43.0,49.09
2026-03-23,S005,İzmir Konak,İzmir,Konak,Merkez,488,447,33,45,8,1.56,23,9,9,1,15.7,2,12,1,1,22070.72,16342.85,255,130,Bulutlu,0,0,1.14,91.6,9.22,1.64,4.47,19.43,54.22,45.23
2026-03-23,S006,Bursa Nilüfer,Bursa,Nilüfer,Büyük,388,357,26,28,5,1.28,19,7,7,0,10.0,2,6,1,1,18894.38,15157.89,201,61,Açık,0,0,0.97,92.01,7.22,1.29,5.6,18.79,55.43,48.7
2026-03-23,S007,Antalya Muratpaşa,Antalya,Muratpaşa,Büyük,414,392,15,17,7,1.41,20,8,7,0,6.9,4,13,2,1,19349.48,14850.06,165,77,Açık,0,0,1.06,94.69,4.11,1.69,10.2,19.6,51.75,46.74
2026-03-23,S008,Konya Selçuklu,Konya,Selçuklu,Orta,363,291,67,68,5,2.12,16,6,5,3,38.4,9,12,1,1,13843.1,10884.34,139,75,Bulutlu,0,0,0.92,80.17,18.73,1.38,30.93,18.19,60.5,38.14
2026-03-23,S009,Samsun İlkadım,Samsun,İlkadım,Orta,309,275,27,33,7,1.81,15,6,4,2,18.5,6,9,1,1,16110.06,12552.19,170,53,Açık,0,0,0.75,89.0,10.68,2.27,21.82,18.33,51.5,52.14
2026-03-23,S010,Erzurum Yakutiye,Erzurum,Yakutiye,Orta,271,224,41,44,6,2.36,14,5,4,1,11.8,10,33,1,1,12491.22,9946.3,129,46,Karlı,0,0,0.7,82.66,16.24,2.21,44.64,16.0,54.2,46.09
2026-03-24,S001,Ankara Çankaya,Ankara,Çankaya,Merkez,372,352,13,22,7,1.47,24,9,10,2,10.5,4,9,3,2,17090.22,13551.43,151,69,Bulutlu,0,0,1.16,94.62,5.91,1.88,11.36,14.67,41.33,45.94
2026-03-24,S002,Ankara Keçiören,Ankara,Keçiören,Büyük,359,311,42,45,6,1.83,21,8,8,4,30.4,7,9,1,1,16359.93,12184.3,195,81,Açık,0,0,1.03,86.63,12.53,1.67,22.51,14.81,44.88,45.57
2026-03-24,S003,İstanbul Kadıköy,İstanbul,Kadıköy,Merkez,470,427,30,33,13,1.84,28,11,12,1,6.9,7,32,2,1,19649.41,15926.49,165,82,Yağmurlu,0,0,1.36,90.85,7.02,2.77,16.39,15.25,42.73,41.81
2026-03-24,S004,İstanbul Üsküdar,İstanbul,Üsküdar,Büyük,404,372,24,29,8,1.64,25,10,10,0,0.0,7,23,2,1,19865.18,15957.49,188,60,Yağmurlu,0,0,1.16,92.08,7.18,1.98,18.82,14.88,40.4,49.17
2026-03-24,S005,İzmir Konak,İzmir,Konak,Merkez,354,331,15,21,8,1.51,23,9,9,2,8.2,2,11,1,1,18642.21,14982.08,184,57,Bulutlu,0,0,1.02,93.5,5.93,2.26,6.04,14.39,39.33,52.66
2026-03-24,S006,Bursa Nilüfer,Bursa,Nilüfer,Büyük,304,285,13,20,6,1.31,19,7,7,0,3.1,2,10,1,1,14978.7,11660.89,133,53,Açık,0,0,0.89,93.75,6.58,1.97,7.02,15.0,43.43,49.27
2026-03-24,S007,Antalya Muratpaşa,Antalya,Muratpaşa,Büyük,300,274,20,23,6,1.33,20,8,7,3,13.6,3,6,1,0,16096.91,12284.79,159,69,Açık,0,0,0.91,91.33,7.67,2.0,10.95,13.7,37.5,53.66
2026-03-24,S008,Konya Selçuklu,Konya,Selçuklu,Orta,240,186,47,49,7,2.59,16,6,5,4,38.6,5,15,1,1,11008.31,8636.3,87,44,Yağmurlu,0,0,0.76,77.5,20.42,2.92,26.88,11.62,40.0,45.87
2026-03-24,S009,Samsun İlkadım,Samsun,İlkadım,Orta,307,278,22,25,7,1.7,15,6,4,2,17.6,4,11,1,1,15063.57,11537.91,165,62,Açık,0,0,0.82,90.55,8.14,2.28,14.39,18.53,51.17,49.07
2026-03-24,S010,Erzurum Yakutiye,Erzurum,Yakutiye,Orta,203,156,43,45,4,2.92,14,5,4,3,23.3,7,23,1,0,7651.39,6235.5,68,28,Karlı,0,0,0.55,76.85,22.17,1.97,44.87,11.14,40.6,37.69
2026-03-25,S001,Ankara Çankaya,Ankara,Çankaya,Merkez,448,417,21,22,10,1.31,24,9,10,1,11.8,4,13,1,1,22299.42,19130.18,181,61,Bulutlu,0,0,1.2,93.08,4.91,2.23,9.59,17.38,49.78,49.78
2026-03-25,S002,Ankara Keçiören,Ankara,Keçiören,Büyük,429,394,31,31,4,1.5,21,8,8,1,12.1,6,17,2,1,22771.76,18562.48,157,81,Açık,0,0,1.09,91.84,7.23,0.93,15.23,18.76,53.62,53.08
2026-03-25,S003,İstanbul Kadıköy,İstanbul,Kadıköy,Merkez,373,351,11,15,11,1.36,28,11,12,2,1.6,5,13,1,1,19052.52,15067.59,174,61,Açık,0,0,1.18,94.1,4.02,2.95,14.25,12.54,33.91,51.08
2026-03-25,S004,İstanbul Üsküdar,İstanbul,Üsküdar,Büyük,401,368,26,31,7,1.87,25,10,10,1,3.5,6,25,2,1,19781.0,14786.89,219,88,Yağmurlu,0,0,1.17,91.77,7.73,1.75,16.3,14.72,40.1,49.33
2026-03-25,S005,İzmir Konak,İzmir,Konak,Merkez,389,363,17,20,9,1.34,23,9,9,1,6.4,2,13,1,1,17791.49,13897.7,151,81,Bulutlu,0,0,1.13,93.32,5.14,2.31,5.51,15.78,43.22,45.74
2026-03-25,S006,Bursa Nilüfer,Bursa,Nilüfer,Büyük,322,297,20,25,5,1.6,19,7,7,2,12.7,3,9,1,1,16042.65,13819.46,106,35,Açık,0,0,0.91,92.24,7.76,1.55,10.1,15.63,46.0,49.82
2026-03-25,S007,Antalya Muratpaşa,Antalya,Muratpaşa,Büyük,334,315,14,18,5,1.31,20,8,7,2,10.0,4,9,2,1,18911.57,14763.96,161,61,Açık,0,0,1.0,94.31,5.39,1.5,12.7,15.75,41.75,56.62
2026-03-25,S008,Konya Selçuklu,Konya,Selçuklu,Orta,298,253,40,39,5,2.01,16,6,5,3,27.6,4,8,1,1,11842.08,9609.42,116,61,Açık,0,0,0.75,84.9,13.09,1.68,15.81,15.81,49.67,39.74
2026-03-25,S009,Samsun İlkadım,Samsun,İlkadım,Orta,316,299,14,21,3,1.26,15,6,4,0,4.7,1,6,1,1,13908.1,11388.59,111,61,Açık,0,0,0.8,94.62,6.65,0.95,3.34,19.93,52.67,44.01
2026-03-25,S010,Erzurum Yakutiye,Erzurum,Yakutiye,Orta,178,168,7,8,3,1.18,14,5,4,0,0.0,0,4,1,0,8033.15,6266.73,80,25,Açık,0,0,0.6,94.38,4.49,1.69,0.0,12.0,35.6,45.13
2026-03-26,S001,Ankara Çankaya,Ankara,Çankaya,Merkez,338,319,13,13,6,1.4,24,9,10,3,11.5,3,7,2,1,16679.4,12905.88,171,70,Açık,0,0,1.1,94.38,3.85,1.78,9.4,13.29,37.56,49.35
2026-03-26,S002,Ankara Keçiören,Ankara,Keçiören,Büyük,392,366,19,17,7,1.54,21,8,8,1,9.4,4,10,1,1,17463.66,13419.04,202,102,Açık,0,0,1.02,93.37,4.34,1.79,10.93,17.43,49.0,44.55
2026-03-26,S003,İstanbul Kadıköy,İstanbul,Kadıköy,Merkez,416,386,20,23,10,1.22,28,11,12,3,8.6,3,11,3,2,18478.43,14015.47,197,68,Açık,0,0,1.19,92.79,5.53,2.4,7.77,13.79,37.82,44.42
2026-03-26,S004,İstanbul Üsküdar,İstanbul,Üsküdar,Büyük,393,370,14,17,9,1.44,25,10,10,2,7.4,1,14,2,1,20890.46,17125.86,194,77,Açık,0,0,1.16,94.15,4.33,2.29,2.7,14.8,39.3,53.16
2026-03-26,S005,İzmir Konak,İzmir,Konak,Merkez,399,348,46,48,5,1.78,23,9,9,3,17.5,10,22,2,1,19319.44,15192.21,153,75,Yağmurlu,0,0,1.02,87.22,12.03,1.25,28.74,15.13,44.33,48.42
2026-03-26,S006,Bursa Nilüfer,Bursa,Nilüfer,Büyük,367,332,31,36,4,1.91,19,7,7,1,12.7,6,24,1,1,16199.53,13748.97,137,42,Yağmurlu,0,0,0.99,90.46,9.81,1.09,18.07,17.47,52.43,44.14
2026-03-26,S007,Antalya Muratpaşa,Antalya,Muratpaşa,Büyük,327,307,14,18,6,1.27,20,8,7,1,5.2,1,10,1,1,17062.5,13413.82,164,74,Açık,0,0,0.93,93.88,5.5,1.83,3.26,15.35,40.88,52.18
2026-03-26,S008,Konya Selçuklu,Konya,Selçuklu,Orta,311,278,26,28,7,1.67,16,6,5,2,20.1,4,7,2,1,12815.24,10526.48,106,50,Açık,0,0,0.86,89.39,9.0,2.25,14.39,17.38,51.83,41.21
2026-03-26,S009,Samsun İlkadım,Samsun,İlkadım,Orta,286,257,25,29,4,1.84,15,6,4,0,4.2,5,16,1,1,12899.86,10359.88,148,49,Yağmurlu,0,0,0.74,89.86,10.14,1.4,19.46,17.13,47.67,45.1
2026-03-26,S010,Erzurum Yakutiye,Erzurum,Yakutiye,Orta,239,191,44,46,4,2.26,14,5,4,3,32.1,6,6,1,1,11282.5,8377.85,114,38,Açık,0,0,0.72,79.92,19.25,1.67,31.41,13.64,47.8,47.21
2026-03-27,S001,Ankara Çankaya,Ankara,Çankaya,Merkez,412,378,28,32,6,1.6,24,9,10,2,15.2,2,11,2,1,20608.18,17433.35,139,61,Bulutlu,0,0,1.15,91.75,7.77,1.46,5.29,15.75,45.78,50.02
2026-03-27,S002,Ankara Keçiören,Ankara,Keçiören,Büyük,350,318,25,35,7,1.43,21,8,8,3,18.2,6,7,1,1,15356.7,11559.93,167,60,Açık,0,0,1.02,90.86,10.0,2.0,18.87,15.14,43.75,43.88
2026-03-27,S003,İstanbul Kadıköy,İstanbul,Kadıköy,Merkez,407,395,10,16,2,1.25,28,11,12,0,0.0,4,10,2,1,21167.45,17053.63,161,55,Açık,0,0,1.15,97.05,3.93,0.49,10.13,14.11,37.0,52.01
2026-03-27,S004,İstanbul Üsküdar,İstanbul,Üsküdar,Büyük,426,384,36,42,6,1.83,25,10,10,4,24.3,4,9,2,2,21377.66,17425.82,156,54,Açık,0,0,1.26,90.14,9.86,1.41,10.42,15.36,42.6,50.18
2026-03-27,S005,İzmir Konak,İzmir,Konak,Merkez,412,372,33,42,7,1.62,23,9,9,3,20.4,5,8,2,1,22524.71,17703.09,202,92,Açık,0,0,1.18,90.29,10.19,1.7,13.44,16.17,45.78,54.67
2026-03-27,S006,Bursa Nilüfer,Bursa,Nilüfer,Büyük,291,251,33,34,7,1.87,19,7,7,4,30.4,5,12,2,1,13269.3,10267.93,124,54,Açık,0,0,0.97,86.25,11.68,2.41,19.92,13.21,41.57,45.6
2026-03-27,S007,Antalya Muratpaşa,Antalya,Muratpaşa,Büyük,340,322,15,17,3,1.5,20,8,7,2,11.1,2,8,1,1,19003.24,14941.09,174,61,Açık,0,0,1.05,94.71,5.0,0.88,6.21,16.1,42.5,55.89
2026-03-27,S008,Konya Selçuklu,Konya,Selçuklu,Orta,314,284,23,27,7,1.52,16,6,5,2,20.8,4,12,1,1,14699.52,11506.69,117,48,Bulutlu,0,0,0.91,90.45,8.6,2.23,14.08,17.75,52.33,46.81
2026-03-27,S009,Samsun İlkadım,Samsun,İlkadım,Orta,247,225,19,21,3,1.69,15,6,4,0,1.5,3,13,1,1,13925.31,10656.58,134,67,Yağmurlu,0,0,0.79,91.09,8.5,1.21,13.33,15.0,41.17,56.38
2026-03-27,S010,Erzurum Yakutiye,Erzurum,Yakutiye,Orta,247,233,9,14,5,1.45,14,5,4,0,5.8,4,5,1,1,11736.44,9682.33,88,37,Açık,0,0,0.62,94.33,5.67,2.02,17.17,16.64,49.4,47.52
2026-03-28,S001,Ankara Çankaya,Ankara,Çankaya,Merkez,165,152,10,10,3,1.6,24,9,10,3,0.0,2,9,1,0,8262.72,7001.18,57,21,Yağmurlu,0,0,1.11,92.12,6.06,1.82,13.16,6.33,18.33,50.08
2026-03-28,S002,Ankara Keçiören,Ankara,Keçiören,Büyük,159,152,4,5,3,1.34,21,8,8,3,0.0,2,4,0,1,8701.84,6840.78,78,42,Açık,0,0,1.05,95.6,3.14,1.89,13.16,7.24,19.88,54.73
2026-03-28,S003,İstanbul Kadıköy,İstanbul,Kadıköy,Merkez,200,186,9,10,5,1.27,28,11,12,0,0.0,3,7,0,0,9875.5,8249.79,69,22,Bulutlu,0,0,1.28,93.0,5.0,2.5,16.13,6.64,18.18,49.38
2026-03-28,S004,İstanbul Üsküdar,İstanbul,Üsküdar,Büyük,211,199,8,9,4,1.44,25,10,10,1,0.0,3,7,1,0,9793.31,8238.85,69,29,Bulutlu,0,0,1.21,94.31,4.27,1.9,15.08,7.96,21.1,46.41
2026-03-28,S005,İzmir Konak,İzmir,Konak,Merkez,209,197,7,8,5,1.29,23,9,9,2,0.0,2,6,1,1,11173.43,8876.61,103,34,Açık,0,0,1.17,94.26,3.83,2.39,10.15,8.57,23.22,53.46
2026-03-28,S006,Bursa Nilüfer,Bursa,Nilüfer,Büyük,138,130,6,8,2,1.43,19,7,7,1,0.0,0,2,1,0,6602.2,5177.17,60,19,Açık,0,0,0.83,94.2,5.8,1.45,0.0,6.84,19.71,47.84
2026-03-28,S007,Antalya Muratpaşa,Antalya,Muratpaşa,Büyük,157,150,4,6,3,1.29,20,8,7,0,0.0,1,5,0,0,7057.94,5999.15,51,20,Bulutlu,0,0,0.96,95.54,3.82,1.91,6.67,7.5,19.62,44.96
2026-03-28,S008,Konya Selçuklu,Konya,Selçuklu,Orta,135,126,7,8,2,1.36,16,6,5,3,4.9,2,3,0,0,6973.55,5550.26,66,28,Açık,0,0,0.78,93.33,5.93,1.48,15.87,7.88,22.5,51.66
2026-03-28,S009,Samsun İlkadım,Samsun,İlkadım,Orta,107,97,8,8,2,1.69,15,6,4,1,0.0,1,6,0,0,5805.49,4486.74,55,21,Yağmurlu,0,0,0.66,90.65,7.48,1.87,10.31,6.47,17.83,54.26
2026-03-28,S010,Erzurum Yakutiye,Erzurum,Yakutiye,Orta,170,119,48,41,3,3.68,14,5,4,4,51.7,4,17,1,0,6634.7,4559.57,87,28,Karlı,0,0,0.81,70.0,24.12,1.76,33.61,8.5,34.0,39.03
2026-03-29,S001,Ankara Çankaya,Ankara,Çankaya,Merkez,230,209,17,21,4,1.57,24,9,10,1,0.0,3,12,0,1,10505.48,8311.28,96,36,Yağmurlu,0,0,1.21,90.87,9.13,1.74,14.35,8.71,25.56,45.68
2026-03-29,S002,Ankara Keçiören,Ankara,Keçiören,Büyük,179,171,7,9,1,1.35,21,8,8,1,0.0,3,4,1,0,9481.26,7351.37,93,45,Bulutlu,0,0,1.08,95.53,5.03,0.56,17.54,8.14,22.38,52.97
2026-03-29,S003,İstanbul Kadıköy,İstanbul,Kadıköy,Merkez,183,168,13,16,2,1.48,28,11,12,0,0.0,4,12,1,0,9759.63,7166.82,101,36,Yağmurlu,0,0,1.2,91.8,8.74,1.09,23.81,6.0,16.64,53.33
2026-03-29,S004,İstanbul Üsküdar,İstanbul,Üsküdar,Büyük,159,150,7,10,2,1.25,25,10,10,0,0.0,1,5,1,0,7984.31,6281.55,77,36,Bulutlu,0,0,1.13,94.34,6.29,1.26,6.67,6.0,15.9,50.22
2026-03-29,S005,İzmir Konak,İzmir,Konak,Merkez,140,131,7,8,2,1.38,23,9,9,2,0.0,2,5,0,0,7324.82,6002.39,65,29,Bulutlu,0,0,1.01,93.57,5.71,1.43,15.27,5.7,15.56,52.32
2026-03-29,S006,Bursa Nilüfer,Bursa,Nilüfer,Büyük,174,164,7,7,3,1.43,19,7,7,1,0.0,1,4,1,0,7201.89,5927.37,67,31,Açık,0,0,0.95,94.25,4.02,1.72,6.1,8.63,24.86,41.39
2026-03-29,S007,Antalya Muratpaşa,Antalya,Muratpaşa,Büyük,174,166,5,5,3,1.45,20,8,7,2,0.0,0,3,1,0,7976.04,6348.91,60,27,Açık,0,0,1.02,95.4,2.87,1.72,0.0,8.3,21.75,45.84
2026-03-29,S008,Konya Selçuklu,Konya,Selçuklu,Orta,114,105,5,6,4,1.46,16,6,5,2,0.0,2,4,1,0,5856.24,4651.41,45,24,Açık,0,0,0.76,92.11,5.26,3.51,19.05,6.56,19.0,51.37
2026-03-29,S009,Samsun İlkadım,Samsun,İlkadım,Orta,97,91,5,7,1,1.64,15,6,4,3,0.0,2,1,0,0,4745.9,3747.38,35,19,Bulutlu,0,0,0.76,93.81,7.22,1.03,21.98,6.07,16.17,48.93
2026-03-29,S010,Erzurum Yakutiye,Erzurum,Yakutiye,Orta,113,107,3,4,3,1.2,14,5,4,2,0.0,0,3,0,0,6273.46,4986.55,50,22,Açık,0,0,0.68,94.69,3.54,2.65,0.0,7.64,22.6,55.52
2026-03-30,S001,Ankara Çankaya,Ankara,Çankaya,Merkez,450,422,17,24,11,1.43,24,9,10,0,6.2,4,11,3,2,22010.99,17713.96,191,73,Bulutlu,0,0,1.1,93.78,5.33,2.44,9.48,17.58,50.0,48.91
2026-03-30,S002,Ankara Keçiören,Ankara,Keçiören,Büyük,415,383,26,31,6,1.52,21,8,8,0,6.0,5,25,1,0,20988.15,16309.77,169,82,Yağmurlu,0,0,1.03,92.29,7.47,1.45,13.05,18.24,51.88,50.57
2026-03-30,S003,İstanbul Kadıköy,İstanbul,Kadıköy,Merkez,528,497,24,32,7,1.18,28,11,12,1,9.5,5,19,4,1,27186.63,23328.62,176,71,Açık,0,0,1.29,94.13,6.06,1.33,10.06,17.75,48.0,51.49
2026-03-30,S004,İstanbul Üsküdar,İstanbul,Üsküdar,Büyük,511,475,27,33,9,1.44,25,10,10,2,18.8,4,14,1,1,24466.23,19758.1,209,111,Açık,0,0,1.16,92.95,6.46,1.76,8.42,19.0,51.1,47.88
2026-03-30,S005,İzmir Konak,İzmir,Konak,Merkez,412,367,36,39,9,2.09,23,9,9,3,20.9,8,26,1,1,22394.17,17384.99,213,83,Yağmurlu,0,0,0.98,89.08,9.47,2.18,21.8,15.96,45.78,54.35
2026-03-30,S006,Bursa Nilüfer,Bursa,Nilüfer,Büyük,357,329,20,28,8,1.51,19,7,7,1,13.0,5,9,1,1,17457.65,13599.49,194,105,Açık,0,0,0.9,92.16,7.84,2.24,15.2,17.32,51.0,48.9
2026-03-30,S007,Antalya Muratpaşa,Antalya,Muratpaşa,Büyük,471,405,58,67,8,2.05,20,8,7,3,34.3,6,10,1,2,21504.85,16810.14,189,87,Açık,0,0,1.1,85.99,14.23,1.7,14.81,20.25,58.88,45.66
2026-03-30,S008,Konya Selçuklu,Konya,Selçuklu,Orta,348,317,26,32,5,1.7,16,6,5,1,16.2,4,8,1,1,18932.71,14602.74,175,65,Açık,0,0,0.87,91.09,9.2,1.44,12.62,19.81,58.0,54.4
2026-03-30,S009,Samsun İlkadım,Samsun,İlkadım,Orta,252,232,17,19,3,1.74,15,6,4,1,6.1,4,15,2,1,12185.51,10064.13,102,43,Yağmurlu,0,0,0.67,92.06,7.54,1.19,17.24,15.47,42.0,48.36
2026-03-30,S010,Erzurum Yakutiye,Erzurum,Yakutiye,Orta,264,229,30,33,5,2.04,14,5,4,2,17.1,4,10,0,1,12429.88,9912.72,96,47,Açık,0,0,0.73,86.74,12.5,1.89,17.47,16.36,52.8,47.08
2026-03-31,S001,Ankara Çankaya,Ankara,Çankaya,Merkez,365,339,18,20,8,1.49,24,9,10,2,8.4,3,8,2,1,18102.75,13912.51,147,80,Açık,0,0,1.15,92.88,5.48,2.19,8.85,14.12,40.56,49.6
2026-03-31,S002,Ankara Keçiören,Ankara,Keçiören,Büyük,359,336,14,18,9,1.45,21,8,8,1,8.2,4,9,2,2,20027.11,15867.99,182,99,Açık,0,0,0.97,93.59,5.01,2.51,11.9,16.0,44.88,55.79
2026-03-31,S003,İstanbul Kadıköy,İstanbul,Kadıköy,Merkez,425,405,14,15,6,1.33,28,11,12,1,2.5,2,8,2,1,19076.88,15896.87,175,84,Açık,0,0,1.27,95.29,3.53,1.41,4.94,14.46,38.64,44.89
2026-03-31,S004,İstanbul Üsküdar,İstanbul,Üsküdar,Büyük,436,402,26,31,8,1.74,25,10,10,3,17.2,4,16,1,1,23051.07,18812.31,165,86,Bulutlu,0,0,1.19,92.2,7.11,1.83,9.95,16.08,43.6,52.87
2026-03-31,S005,İzmir Konak,İzmir,Konak,Merkez,331,315,9,14,7,1.38,23,9,9,1,0.4,1,10,2,0,17215.09,13799.17,171,66,Açık,0,0,1.01,95.17,4.23,2.11,3.17,13.7,36.78,52.01
2026-03-31,S006,Bursa Nilüfer,Bursa,Nilüfer,Büyük,287,257,22,21,8,1.75,19,7,7,3,17.9,3,10,2,1,13862.55,11160.53,108,37,Bulutlu,0,0,0.87,89.55,7.32,2.79,11.67,13.53,41.0,48.3
2026-03-31,S007,Antalya Muratpaşa,Antalya,Muratpaşa,Büyük,331,314,13,18,4,1.23,20,8,7,1,3.7,3,11,2,1,16558.46,13358.16,127,67,Bulutlu,0,0,0.97,94.86,5.44,1.21,9.55,15.7,41.38,50.03
2026-03-31,S008,Konya Selçuklu,Konya,Selçuklu,Orta,222,205,13,13,4,1.54,16,6,5,1,1.4,2,4,0,1,10684.17,8979.74,86,27,Açık,0,0,0.76,92.34,5.86,1.8,9.76,12.81,37.0,48.13
2026-03-31,S009,Samsun İlkadım,Samsun,İlkadım,Orta,216,208,5,9,3,1.47,15,6,4,1,0.6,2,4,1,0,9682.34,7661.31,95,31,Açık,0,0,0.69,96.3,4.17,1.39,9.62,13.87,36.0,44.83
2026-03-31,S010,Erzurum Yakutiye,Erzurum,Yakutiye,Orta,284,213,64,68,7,2.51,14,5,4,3,41.0,6,9,1,1,11239.35,8291.38,130,58,Açık,0,0,0.74,75.0,23.94,2.46,28.17,15.21,56.8,39.58
2026-04-01,S001,Ankara Çankaya,Ankara,Çankaya,Merkez,352,334,11,15,7,1.51,24,9,10,3,15.9,4,12,0,1,17546.49,14451.85,131,66,Açık,0,0,1.11,94.89,4.26,1.99,11.98,13.92,39.11,49.85
2026-04-01,S002,Ankara Keçiören,Ankara,Keçiören,Büyük,335,306,24,31,5,1.68,21,8,8,3,17.1,4,8,0,1,17436.56,13370.63,176,72,Açık,0,0,1.04,91.34,9.25,1.49,13.07,14.57,41.88,52.05
2026-04-01,S003,İstanbul Kadıköy,İstanbul,Kadıköy,Merkez,452,406,39,45,7,1.49,28,11,12,1,4.4,7,27,2,1,18891.03,14910.59,229,80,Yağmurlu,0,0,1.24,89.82,9.96,1.55,17.24,14.5,41.09,41.79
2026-04-01,S004,İstanbul Üsküdar,İstanbul,Üsküdar,Büyük,333,320,9,11,4,1.5,25,10,10,2,0.0,4,6,1,0,16008.39,13342.63,111,34,Açık,0,0,1.06,96.1,3.3,1.2,12.5,12.8,33.3,48.07
2026-04-01,S005,İzmir Konak,İzmir,Konak,Merkez,376,335,35,36,6,1.78,23,9,9,2,10.2,3,22,1,1,16410.04,12777.01,180,77,Yağmurlu,0,0,1.08,89.1,9.57,1.6,8.96,14.57,41.78,43.64
2026-04-01,S006,Bursa Nilüfer,Bursa,Nilüfer,Büyük,366,329,30,35,7,1.69,19,7,7,0,9.7,5,23,2,1,17701.53,14159.46,158,50,Yağmurlu,0,0,1.02,89.89,9.56,1.91,15.2,17.32,52.29,48.36
2026-04-01,S007,Antalya Muratpaşa,Antalya,Muratpaşa,Büyük,336,321,9,13,6,1.17,20,8,7,0,1.6,2,11,1,1,17898.48,15076.82,119,43,Bulutlu,0,0,0.96,95.54,3.87,1.79,6.23,16.05,42.0,53.27
2026-04-01,S008,Konya Selçuklu,Konya,Selçuklu,Orta,298,274,19,22,5,1.4,16,6,5,2,15.3,3,6,2,1,14917.53,11984.11,114,59,Açık,0,0,0.82,91.95,7.38,1.68,10.95,17.12,49.67,50.06
2026-04-01,S009,Samsun İlkadım,Samsun,İlkadım,Orta,296,265,26,30,5,1.72,15,6,4,2,16.6,2,5,1,1,14501.0,12088.93,111,60,Açık,0,0,0.8,89.53,10.14,1.69,7.55,17.67,49.33,48.99
2026-04-01,S010,Erzurum Yakutiye,Erzurum,Yakutiye,Orta,213,189,19,21,5,2.1,14,5,4,2,13.9,3,11,0,1,9073.53,7296.13,80,41,Yağmurlu,0,0,0.59,88.73,9.86,2.35,15.87,13.5,42.6,42.6
2026-04-02,S001,Ankara Çankaya,Ankara,Çankaya,Merkez,411,378,30,31,3,1.37,24,9,10,0,3.6,6,20,2,2,19721.11,14986.2,225,87,Yağmurlu,0,0,1.22,91.97,7.54,0.73,15.87,15.75,45.67,47.98
2026-04-02,S002,Ankara Keçiören,Ankara,Keçiören,Büyük,341,306,29,32,6,1.65,21,8,8,3,17.7,2,11,1,1,18291.14,14360.21,185,63,Açık,0,0,0.98,89.74,9.38,1.76,6.54,14.57,42.62,53.64
2026-04-02,S003,İstanbul Kadıköy,İstanbul,Kadıköy,Merkez,444,426,10,14,8,1.36,28,11,12,0,0.0,1,10,1,2,23292.86,19801.84,148,79,Açık,0,0,1.27,95.95,3.15,1.8,2.35,15.21,40.36,52.46
2026-04-02,S004,İstanbul Üsküdar,İstanbul,Üsküdar,Büyük,415,391,21,22,3,1.7,25,10,10,3,17.3,3,14,0,1,21523.83,18497.13,142,63,Açık,0,0,1.23,94.22,5.3,0.72,7.67,15.64,41.5,51.86
2026-04-02,S005,İzmir Konak,İzmir,Konak,Merkez,381,365,9,8,7,1.43,23,9,9,1,4.1,4,8,1,0,18574.06,15636.93,125,52,Açık,0,0,1.15,95.8,2.1,1.84,10.96,15.87,42.33,48.75
2026-04-02,S006,Bursa Nilüfer,Bursa,Nilüfer,Büyük,330,280,43,43,7,2.24,19,7,7,3,24.4,8,18,1,1,14024.75,10760.46,118,58,Yağmurlu,0,0,0.92,84.85,13.03,2.12,28.57,14.74,47.14,42.5
2026-04-02,S007,Antalya Muratpaşa,Antalya,Muratpaşa,Büyük,343,327,11,14,5,1.17,20,8,7,1,6.6,3,10,3,0,15628.89,12929.03,114,43,Açık,0,0,0.93,95.34,4.08,1.46,9.17,16.35,42.88,45.57
2026-04-02,S008,Konya Selçuklu,Konya,Selçuklu,Orta,281,242,35,37,4,1.85,16,6,5,3,25.0,6,11,2,1,12741.76,10906.3,99,36,Bulutlu,0,0,0.83,86.12,13.17,1.42,24.79,15.12,46.83,45.34
2026-04-02,S009,Samsun İlkadım,Samsun,İlkadım,Orta,210,199,8,11,3,1.39,15,6,4,2,5.3,3,6,1,1,10477.25,8501.97,89,44,Açık,0,0,0.69,94.76,5.24,1.43,15.08,13.27,35.0,49.89
2026-04-02,S010,Erzurum Yakutiye,Erzurum,Yakutiye,Orta,225,205,16,16,4,1.36,14,5,4,0,3.2,3,15,1,1,10709.04,9109.89,77,40,Yağmurlu,0,0,0.63,91.11,7.11,1.78,14.63,14.64,45.0,47.6
2026-04-03,S001,Ankara Çankaya,Ankara,Çankaya,Merkez,383,337,41,37,5,1.72,24,9,10,4,28.0,6,7,1,1,16784.61,13192.85,170,81,Açık,0,0,1.19,87.99,9.66,1.31,17.8,14.04,42.56,43.82
2026-04-03,S002,Ankara Keçiören,Ankara,Keçiören,Büyük,325,309,8,9,8,1.4,21,8,8,1,4.4,2,11,2,1,18287.51,13862.26,175,88,Açık,0,0,0.99,95.08,2.77,2.46,6.47,14.71,40.62,56.27
2026-04-03,S003,İstanbul Kadıköy,İstanbul,Kadıköy,Merkez,457,432,22,29,3,1.49,28,11,12,3,14.3,3,11,1,0,21572.61,18323.67,158,61,Açık,0,0,1.39,94.53,6.35,0.66,6.94,15.43,41.55,47.2
2026-04-03,S004,İstanbul Üsküdar,İstanbul,Üsküdar,Büyük,392,356,29,32,7,1.76,25,10,10,2,6.7,4,23,2,2,16801.21,14319.34,127,43,Yağmurlu,0,0,1.18,90.82,8.16,1.79,11.24,14.24,39.2,42.86
2026-04-03,S005,İzmir Konak,İzmir,Konak,Merkez,329,314,13,20,2,1.25,23,9,9,0,0.0,4,5,2,1,16748.77,12699.1,164,63,Açık,0,0,0.82,95.44,6.08,0.61,12.74,13.65,36.56,50.91
2026-04-03,S006,Bursa Nilüfer,Bursa,Nilüfer,Büyük,379,346,25,27,8,1.66,19,7,7,1,13.6,4,8,2,1,16737.45,14040.3,134,56,Açık,0,0,1.0,91.29,7.12,2.11,11.56,18.21,54.14,44.16
2026-04-03,S007,Antalya Muratpaşa,Antalya,Muratpaşa,Büyük,339,324,10,16,5,1.5,20,8,7,0,1.5,2,9,1,1,17379.67,13320.13,161,72,Bulutlu,0,0,1.01,95.58,4.72,1.47,6.17,16.2,42.38,51.27
2026-04-03,S008,Konya Selçuklu,Konya,Selçuklu,Orta,245,225,14,15,6,1.6,16,6,5,2,12.5,0,8,1,1,10845.97,8876.08,105,36,Açık,0,0,0.76,91.84,6.12,2.45,0.0,14.06,40.83,44.27
2026-04-03,S009,Samsun İlkadım,Samsun,İlkadım,Orta,284,260,14,17,10,1.32,15,6,4,1,6.1,3,10,1,1,13382.75,10761.88,115,42,Bulutlu,0,0,0.82,91.55,5.99,3.52,11.54,17.33,47.33,47.12
2026-04-03,S010,Erzurum Yakutiye,Erzurum,Yakutiye,Orta,314,269,42,45,3,2.02,14,5,4,2,24.6,4,4,1,1,14576.39,10468.91,169,57,Açık,0,0,0.83,85.67,14.33,0.96,14.87,19.21,62.8,46.42
2026-04-04,S001,Ankara Çankaya,Ankara,Çankaya,Merkez,187,177,7,7,3,1.34,24,9,10,1,0.0,1,4,1,0,9692.58,8463.13,63,33,Açık,0,0,1.12,94.65,3.74,1.6,5.65,7.38,20.78,51.83
2026-04-04,S002,Ankara Keçiören,Ankara,Keçiören,Büyük,148,141,6,7,1,1.21,21,8,8,3,0.0,1,4,0,0,6925.8,5685.4,55,27,Açık,0,0,1.04,95.27,4.73,0.68,7.09,6.71,18.5,46.8
2026-04-04,S003,İstanbul Kadıköy,İstanbul,Kadıköy,Merkez,260,244,10,9,6,1.28,28,11,12,1,0.0,0,6,0,1,12465.95,9735.52,125,45,Açık,0,0,1.32,93.85,3.46,2.31,0.0,8.71,23.64,47.95
2026-04-04,S004,İstanbul Üsküdar,İstanbul,Üsküdar,Büyük,217,203,9,10,5,1.27,25,10,10,0,0.0,0,5,1,1,10796.79,8878.16,91,44,Açık,0,0,1.18,93.55,4.61,2.3,0.0,8.12,21.7,49.75
2026-04-04,S005,İzmir Konak,İzmir,Konak,Merkez,160,150,7,8,3,1.48,23,9,9,3,0.0,2,4,1,1,7420.28,6301.47,55,23,Bulutlu,0,0,0.98,93.75,5.0,1.88,13.33,6.52,17.78,46.38
2026-04-04,S006,Bursa Nilüfer,Bursa,Nilüfer,Büyük,142,135,3,5,4,1.5,19,7,7,1,0.0,1,4,1,0,7086.4,5331.59,69,30,Açık,0,0,0.97,95.07,3.52,2.82,7.41,7.11,20.29,49.9
2026-04-04,S007,Antalya Muratpaşa,Antalya,Muratpaşa,Büyük,206,186,16,20,4,1.63,20,8,7,1,0.0,5,11,1,0,9263.11,7816.51,67,35,Yağmurlu,0,0,1.05,90.29,9.71,1.94,26.88,9.3,25.75,44.97
2026-04-04,S008,Konya Selçuklu,Konya,Selçuklu,Orta,104,98,4,6,2,1.43,16,6,5,2,0.0,2,2,0,0,4465.95,3547.0,40,17,Açık,0,0,0.87,94.23,5.77,1.92,20.41,6.12,17.33,42.94
2026-04-04,S009,Samsun İlkadım,Samsun,İlkadım,Orta,75,71,3,3,1,1.41,15,6,4,2,0.0,0,2,0,0,3529.21,2702.99,36,16,Açık,0,0,0.71,94.67,4.0,1.33,0.0,4.73,12.5,47.06
2026-04-04,S010,Erzurum Yakutiye,Erzurum,Yakutiye,Orta,102,93,7,8,2,1.77,14,5,4,2,0.0,0,5,1,0,4496.13,3779.47,34,11,Yağmurlu,0,0,0.55,91.18,7.84,1.96,0.0,6.64,20.4,44.08
2026-04-05,S001,Ankara Çankaya,Ankara,Çankaya,Merkez,166,157,6,9,3,1.36,24,9,10,3,0.0,1,3,0,0,7680.17,6275.41,56,21,Açık,0,0,1.04,94.58,5.42,1.81,6.37,6.54,18.44,46.27
2026-04-05,S002,Ankara Keçiören,Ankara,Keçiören,Büyük,194,181,8,11,5,1.52,21,8,8,1,0.0,0,6,1,0,9562.09,7880.07,63,25,Bulutlu,0,0,0.99,93.3,5.67,2.58,0.0,8.62,24.25,49.29
2026-04-05,S003,İstanbul Kadıköy,İstanbul,Kadıköy,Merkez,183,173,5,7,5,1.49,28,11,12,3,0.0,1,5,0,0,7897.19,6676.73,66,32,Açık,0,0,1.11,94.54,3.83,2.73,5.78,6.18,16.64,43.15
2026-04-05,S004,İstanbul Üsküdar,İstanbul,Üsküdar,Büyük,212,194,14,17,4,1.59,25,10,10,0,0.0,1,13,1,1,10509.75,8104.86,91,37,Yağmurlu,0,0,1.2,91.51,8.02,1.89,5.15,7.76,21.2,49.57
2026-04-05,S005,İzmir Konak,İzmir,Konak,Merkez,174,167,4,6,3,1.34,23,9,9,2,0.0,0,4,0,0,8794.18,6328.62,91,36,Bulutlu,0,0,1.06,95.98,3.45,1.72,0.0,7.26,19.33,50.54
2026-04-05,S006,Bursa Nilüfer,Bursa,Nilüfer,Büyük,146,138,5,6,3,1.5,19,7,7,0,0.0,1,3,1,1,7251.1,6238.85,51,22,Açık,0,0,1.01,94.52,4.11,2.05,7.25,7.26,20.86,49.67
2026-04-05,S007,Antalya Muratpaşa,Antalya,Muratpaşa,Büyük,166,161,2,5,3,1.18,20,8,7,1,0.0,2,4,0,0,7613.9,6194.94,74,40,Açık,0,0,1.01,96.99,3.01,1.81,12.42,8.05,20.75,45.87
2026-04-05,S008,Konya Selçuklu,Konya,Selçuklu,Orta,146,132,11,12,3,1.67,16,6,5,0,0.0,2,8,0,1,7113.42,5656.55,56,18,Yağmurlu,0,0,0.76,90.41,8.22,2.05,15.15,8.25,24.33,48.72
2026-04-05,S009,Samsun İlkadım,Samsun,İlkadım,Orta,120,111,6,7,3,1.45,15,6,4,1,0.0,0,3,0,0,5854.16,4397.69,52,26,Bulutlu,0,0,0.71,92.5,5.83,2.5,0.0,7.4,20.0,48.78
2026-04-05,S010,Erzurum Yakutiye,Erzurum,Yakutiye,Orta,86,79,6,7,1,1.65,14,5,4,1,0.0,2,5,0,0,3751.29,2852.29,44,21,Yağmurlu,0,0,0.63,91.86,8.14,1.16,25.32,5.64,17.2,43.62
2026-04-06,S001,Ankara Çankaya,Ankara,Çankaya,Merkez,485,438,39,42,8,1.66,24,9,10,2,22.5,7,13,3,1,21008.27,17839.59,173,85,Bulutlu,0,0,1.24,90.31,8.66,1.65,15.98,18.25,53.89,43.32
2026-04-06,S002,Ankara Keçiören,Ankara,Keçiören,Büyük,419,394,17,19,8,1.67,21,8,8,1,13.3,3,12,1,1,22015.62,18452.57,147,65,Açık,0,0,1.03,94.03,4.53,1.91,7.61,18.76,52.38,52.54
2026-04-06,S003,İstanbul Kadıköy,İstanbul,Kadıköy,Merkez,548,509,29,30,10,1.75,28,11,12,3,24.9,6,17,2,1,24627.0,20225.02,238,103,Açık,0,0,1.41,92.88,5.47,1.82,11.79,18.18,49.82,44.94
2026-04-06,S004,İstanbul Üsküdar,İstanbul,Üsküdar,Büyük,394,366,23,25,5,1.65,25,10,10,0,2.5,6,20,2,1,19117.58,15881.48,165,81,Yağmurlu,0,0,1.03,92.89,6.35,1.27,16.39,14.64,39.4,48.52
2026-04-06,S005,İzmir Konak,İzmir,Konak,Merkez,396,382,9,12,5,1.3,23,9,9,0,1.4,3,14,1,1,20826.52,15899.36,197,82,Açık,0,0,0.96,96.46,3.03,1.26,7.85,16.61,44.0,52.59
2026-04-06,S006,Bursa Nilüfer,Bursa,Nilüfer,Büyük,337,293,37,43,7,1.91,19,7,7,2,16.7,8,21,1,2,16189.88,12034.31,163,52,Yağmurlu,0,0,0.88,86.94,12.76,2.08,27.3,15.42,48.14,48.04
2026-04-06,S007,Antalya Muratpaşa,Antalya,Muratpaşa,Büyük,433,400,20,27,13,1.62,20,8,7,0,9.7,3,13,1,1,19057.3,15416.24,161,83,Açık,0,0,1.01,92.38,6.24,3.0,7.5,20.0,54.12,44.01
2026-04-06,S008,Konya Selçuklu,Konya,Selçuklu,Orta,340,310,22,23,8,1.84,16,6,5,1,15.3,5,8,2,1,14828.75,11391.82,166,56,Açık,0,0,0.78,91.18,6.76,2.35,16.13,19.38,56.67,43.61
2026-04-06,S009,Samsun İlkadım,Samsun,İlkadım,Orta,283,269,9,12,5,1.3,15,6,4,0,3.3,2,7,1,1,13288.72,10898.7,121,58,Açık,0,0,0.71,95.05,4.24,1.77,7.43,17.93,47.17,46.96
2026-04-06,S010,Erzurum Yakutiye,Erzurum,Yakutiye,Orta,247,209,34,35,4,2.02,14,5,4,2,14.4,6,17,1,1,11717.45,8898.82,118,57,Yağmurlu,0,0,0.6,84.62,14.17,1.62,28.71,14.93,49.4,47.44
2026-04-07,S001,Ankara Çankaya,Ankara,Çankaya,Merkez,344,326,12,15,6,1.38,24,9,10,2,6.4,5,6,1,1,16350.12,14014.71,131,41,Açık,0,0,1.02,94.77,4.36,1.74,15.34,13.58,38.22,47.53
2026-04-07,S002,Ankara Keçiören,Ankara,Keçiören,Büyük,344,324,13,17,7,1.46,21,8,8,1,8.0,3,13,2,1,15594.49,11673.35,143,68,Bulutlu,0,0,1.03,94.19,4.94,2.03,9.26,15.43,43.0,45.33
2026-04-07,S003,İstanbul Kadıköy,İstanbul,Kadıköy,Merkez,490,443,38,38,9,1.48,28,11,12,0,5.0,7,30,2,0,25531.24,19531.56,237,92,Yağmurlu,0,0,1.34,90.41,7.76,1.84,15.8,15.82,44.55,52.1
2026-04-07,S004,İstanbul Üsküdar,İstanbul,Üsküdar,Büyük,363,344,15,17,4,1.16,25,10,10,0,0.0,3,9,1,1,15323.13,12529.6,129,59,Açık,0,0,1.08,94.77,4.68,1.1,8.72,13.76,36.3,42.21
2026-04-07,S005,İzmir Konak,İzmir,Konak,Merkez,338,314,18,19,6,1.35,23,9,9,1,2.5,5,9,2,1,17578.46,14563.13,161,52,Açık,0,0,0.95,92.9,5.62,1.78,15.92,13.65,37.56,52.01
2026-04-07,S006,Bursa Nilüfer,Bursa,Nilüfer,Büyük,260,243,13,13,4,1.47,19,7,7,2,7.2,3,6,1,1,12162.79,9251.1,127,66,Bulutlu,0,0,0.86,93.46,5.0,1.54,12.35,12.79,37.14,46.78
2026-04-07,S007,Antalya Muratpaşa,Antalya,Muratpaşa,Büyük,317,297,15,17,5,1.58,20,8,7,3,13.6,6,5,1,0,14538.37,11778.71,112,50,Açık,0,0,0.97,93.69,5.36,1.58,20.2,14.85,39.62,45.86
2026-04-07,S008,Konya Selçuklu,Konya,Selçuklu,Orta,282,256,22,27,4,1.74,16,6,5,0,2.9,4,19,1,0,13238.77,10912.44,103,52,Yağmurlu,0,0,0.79,90.78,9.57,1.42,15.62,16.0,47.0,46.95
2026-04-07,S009,Samsun İlkadım,Samsun,İlkadım,Orta,260,245,11,15,4,1.31,15,6,4,0,1.6,2,6,1,1,11534.64,8825.89,115,47,Açık,0,0,0.81,94.23,5.77,1.54,8.16,16.33,43.33,44.36
2026-04-07,S010,Erzurum Yakutiye,Erzurum,Yakutiye,Orta,338,302,30,31,6,1.56,14,5,4,0,11.8,2,6,1,1,15143.97,11683.03,156,59,Açık,0,0,0.87,89.35,9.17,1.78,6.62,21.57,67.6,44.8
2026-04-08,S001,Ankara Çankaya,Ankara,Çankaya,Merkez,366,341,21,27,4,1.4,24,9,10,2,9.9,4,7,2,2,17238.35,13375.76,161,78,Açık,0,0,1.0,93.17,7.38,1.09,11.73,14.21,40.67,47.1
2026-04-08,S002,Ankara Keçiören,Ankara,Keçiören,Büyük,337,317,15,21,5,1.21,21,8,8,2,10.1,3,6,2,1,19508.07,15055.38,180,70,Açık,0,0,0.96,94.07,6.23,1.48,9.46,15.1,42.12,57.89
2026-04-08,S003,İstanbul Kadıköy,İstanbul,Kadıköy,Merkez,401,391,6,13,4,1.34,28,11,12,2,5.4,2,13,2,1,20123.61,17038.39,160,77,Açık,0,0,1.16,97.51,3.24,1.0,5.12,13.96,36.45,50.18
2026-04-08,S004,İstanbul Üsküdar,İstanbul,Üsküdar,Büyük,399,374,14,16,11,1.26,25,10,10,1,3.9,4,11,2,1,18046.61,14187.28,177,74,Açık,0,0,1.21,93.73,4.01,2.76,10.7,14.96,39.9,45.23
2026-04-08,S005,İzmir Konak,İzmir,Konak,Merkez,390,366,15,25,9,1.29,23,9,9,2,11.8,2,12,3,1,20602.2,16482.52,171,80,Açık,0,0,1.1,93.85,6.41,2.31,5.46,15.91,43.33,52.83
2026-04-08,S006,Bursa Nilüfer,Bursa,Nilüfer,Büyük,305,280,20,23,5,1.69,19,7,7,2,13.9,3,6,2,1,15339.61,12976.26,114,47,Bulutlu,0,0,0.91,91.8,7.54,1.64,10.71,14.74,43.57,50.29
2026-04-08,S007,Antalya Muratpaşa,Antalya,Muratpaşa,Büyük,327,308,15,19,4,1.68,20,8,7,0,0.5,2,20,2,1,16972.57,13376.57,160,67,Yağmurlu,0,0,0.91,94.19,5.81,1.22,6.49,15.4,40.88,51.9
2026-04-08,S008,Konya Selçuklu,Konya,Selçuklu,Orta,237,225,8,10,4,1.43,16,6,5,1,4.2,2,5,1,1,10568.05,8161.36,124,48,Açık,0,0,0.69,94.94,4.22,1.69,8.89,14.06,39.5,44.59
2026-04-08,S009,Samsun İlkadım,Samsun,İlkadım,Orta,223,204,14,17,5,1.69,15,6,4,1,1.9,4,12,2,1,9529.06,8088.42,76,38,Yağmurlu,0,0,0.64,91.48,7.62,2.24,19.61,13.6,37.17,42.73
2026-04-08,S010,Erzurum Yakutiye,Erzurum,Yakutiye,Orta,182,166,12,14,4,1.87,14,5,4,2,8.0,4,7,1,0,8484.4,6808.42,79,40,Bulutlu,0,0,0.57,91.21,7.69,2.2,24.1,11.86,36.4,46.62
2026-04-09,S001,Ankara Çankaya,Ankara,Çankaya,Merkez,399,376,16,18,7,1.46,24,9,10,1,7.5,3,13,1,1,19579.88,15332.7,164,81,Açık,0,0,1.17,94.24,4.51,1.75,7.98,15.67,44.33,49.07
2026-04-09,S002,Ankara Keçiören,Ankara,Keçiören,Büyük,378,357,16,23,5,1.45,21,8,8,1,6.3,3,11,0,0,19399.55,15520.7,155,76,Açık,0,0,1.12,94.44,6.08,1.32,8.4,17.0,47.25,51.32
2026-04-09,S003,İstanbul Kadıköy,İstanbul,Kadıköy,Merkez,459,424,26,26,9,1.1,28,11,12,2,7.2,4,16,2,2,21933.68,16971.72,232,105,Açık,0,0,1.28,92.37,5.66,1.96,9.43,15.14,41.73,47.79
2026-04-09,S004,İstanbul Üsküdar,İstanbul,Üsküdar,Büyük,423,393,23,24,7,1.53,25,10,10,3,15.2,3,9,1,1,21136.01,17231.44,195,93,Açık,0,0,1.27,92.91,5.67,1.65,7.63,15.72,42.3,49.97
2026-04-09,S005,İzmir Konak,İzmir,Konak,Merkez,375,334,38,41,3,1.85,23,9,9,4,22.1,8,11,2,1,17076.23,12696.16,199,108,Açık,0,0,1.08,89.07,10.93,0.8,23.95,14.52,41.67,45.54
2026-04-09,S006,Bursa Nilüfer,Bursa,Nilüfer,Büyük,305,291,10,15,4,1.65,19,7,7,1,5.5,0,5,1,0,16681.86,13798.66,115,47,Açık,0,0,1.0,95.41,4.92,1.31,0.0,15.32,43.57,54.69
2026-04-09,S007,Antalya Muratpaşa,Antalya,Muratpaşa,Büyük,349,328,13,16,8,1.31,20,8,7,1,6.0,3,8,1,0,15550.12,12896.81,114,45,Açık,0,0,1.07,93.98,4.58,2.29,9.15,16.4,43.62,44.56
2026-04-09,S008,Konya Selçuklu,Konya,Selçuklu,Orta,278,255,18,20,5,1.3,16,6,5,1,7.6,3,8,1,1,13562.15,11242.59,117,36,Bulutlu,0,0,0.78,91.73,7.19,1.8,11.76,15.94,46.33,48.78
2026-04-09,S009,Samsun İlkadım,Samsun,İlkadım,Orta,284,246,34,36,4,1.98,15,6,4,3,27.3,3,7,1,1,13953.57,11061.08,122,65,Açık,0,0,0.7,86.62,12.68,1.41,12.2,16.4,47.33,49.13
2026-04-09,S010,Erzurum Yakutiye,Erzurum,Yakutiye,Orta,211,190,18,22,3,1.53,14,5,4,2,13.1,2,4,1,1,8923.52,7457.91,70,25,Açık,0,0,0.7,90.05,10.43,1.42,10.53,13.57,42.2,42.29
2026-04-10,S001,Ankara Çankaya,Ankara,Çankaya,Merkez,375,350,18,24,7,1.47,24,9,10,2,8.2,4,7,1,1,15931.94,13053.51,137,44,Açık,0,0,1.17,93.33,6.4,1.87,11.43,14.58,41.67,42.49
2026-04-10,S002,Ankara Keçiören,Ankara,Keçiören,Büyük,389,342,41,46,6,1.77,21,8,8,2,14.4,8,21,2,1,18987.56,15616.38,142,78,Yağmurlu,0,0,1.15,87.92,11.83,1.54,23.39,16.29,48.62,48.81
2026-04-10,S003,İstanbul Kadıköy,İstanbul,Kadıköy,Merkez,426,394,24,30,8,1.55,28,11,12,1,0.0,6,26,2,2,19825.72,16733.85,155,80,Yağmurlu,0,0,1.28,92.49,7.04,1.88,15.23,14.07,38.73,46.54
2026-04-10,S004,İstanbul Üsküdar,İstanbul,Üsküdar,Büyük,356,338,13,16,5,1.43,25,10,10,1,0.0,4,10,2,0,16337.91,12350.54,191,66,Açık,0,0,1.16,94.94,4.49,1.4,11.83,13.52,35.6,45.89
2026-04-10,S005,İzmir Konak,İzmir,Konak,Merkez,415,385,20,30,10,1.56,23,9,9,1,10.1,5,13,2,1,20552.63,17055.02,141,66,Açık,0,0,1.23,92.77,7.23,2.41,12.99,16.74,46.11,49.52
2026-04-10,S006,Bursa Nilüfer,Bursa,Nilüfer,Büyük,320,293,18,19,9,1.25,19,7,7,1,7.1,4,10,1,0,14887.57,11968.79,109,56,Açık,0,0,0.94,91.56,5.94,2.81,13.65,15.42,45.71,46.52
2026-04-10,S007,Antalya Muratpaşa,Antalya,Muratpaşa,Büyük,306,286,14,14,6,1.37,20,8,7,2,7.2,2,7,2,1,14624.98,11616.23,119,54,Açık,0,0,0.98,93.46,4.58,1.96,6.99,14.3,38.25,47.79
2026-04-10,S008,Konya Selçuklu,Konya,Selçuklu,Orta,284,241,34,39,9,1.88,16,6,5,3,25.9,4,9,1,1,11460.76,9085.59,97,50,Bulutlu,0,0,0.94,84.86,13.73,3.17,16.6,15.06,47.33,40.35
2026-04-10,S009,Samsun İlkadım,Samsun,İlkadım,Orta,282,267,12,15,3,1.27,15,6,4,0,3.9,2,5,1,0,14274.73,11561.95,145,48,Bulutlu,0,0,0.83,94.68,5.32,1.06,7.49,17.8,47.0,50.62
2026-04-10,S010,Erzurum Yakutiye,Erzurum,Yakutiye,Orta,232,219,8,12,5,1.4,14,5,4,0,2.2,1,7,1,1,11343.83,9408.39,83,40,Bulutlu,0,0,0.68,94.4,5.17,2.16,4.57,15.64,46.4,48.9
2026-04-11,S001,Ankara Çankaya,Ankara,Çankaya,Merkez,249,227,17,21,5,1.75,24,9,10,1,0.0,1,17,1,1,11171.93,9157.0,109,44,Yağmurlu,0,0,1.29,91.16,8.43,2.01,4.41,9.46,27.67,44.87
2026-04-11,S002,Ankara Keçiören,Ankara,Keçiören,Büyük,182,168,9,12,5,1.48,21,8,8,1,0.0,2,5,1,0,9039.22,7034.37,94,30,Bulutlu,0,0,1.11,92.31,6.59,2.75,11.9,8.0,22.75,49.67
2026-04-11,S003,İstanbul Kadıköy,İstanbul,Kadıköy,Merkez,236,220,11,14,5,1.38,28,11,12,0,0.0,2,6,1,1,12192.49,10115.72,105,48,Açık,0,0,1.33,93.22,5.93,2.12,9.09,7.86,21.45,51.66
2026-04-11,S004,İstanbul Üsküdar,İstanbul,Üsküdar,Büyük,173,161,9,11,3,1.38,25,10,10,1,0.0,1,3,0,1,9107.98,7419.26,88,40,Açık,0,0,1.16,93.06,6.36,1.73,6.21,6.44,17.3,52.65
2026-04-11,S005,İzmir Konak,İzmir,Konak,Merkez,189,180,4,4,5,1.33,23,9,9,4,0.0,1,5,1,0,8842.55,7006.23,70,30,Açık,0,0,1.24,95.24,2.12,2.65,5.56,7.83,21.0,46.79
2026-04-11,S006,Bursa Nilüfer,Bursa,Nilüfer,Büyük,135,119,13,15,3,1.7,19,7,7,2,0.0,2,8,1,0,6326.43,4428.02,69,29,Yağmurlu,0,0,0.99,88.15,11.11,2.22,16.81,6.26,19.29,46.86
2026-04-11,S007,Antalya Muratpaşa,Antalya,Muratpaşa,Büyük,161,152,7,10,2,1.26,20,8,7,2,0.0,2,5,1,0,8800.29,7232.4,60,23,Açık,0,0,1.09,94.41,6.21,1.24,13.16,7.6,20.12,54.66
2026-04-11,S008,Konya Selçuklu,Konya,Selçuklu,Orta,177,165,9,11,3,1.63,16,6,5,3,9.0,1,5,0,0,8356.82,6555.02,82,29,Açık,0,0,0.78,93.22,6.21,1.69,6.06,10.31,29.5,47.21
2026-04-11,S009,Samsun İlkadım,Samsun,İlkadım,Orta,101,98,2,2,1,1.19,15,6,4,0,0.0,0,3,0,0,4851.72,3543.9,50,25,Açık,0,0,0.68,97.03,1.98,0.99,0.0,6.53,16.83,48.04
2026-04-11,S010,Erzurum Yakutiye,Erzurum,Yakutiye,Orta,104,99,3,4,2,1.42,14,5,4,2,0.0,2,3,1,0,5756.89,4738.75,55,19,Bulutlu,0,0,0.55,95.19,3.85,1.92,20.2,7.07,20.8,55.35
2026-04-12,S001,Ankara Çankaya,Ankara,Çankaya,Merkez,189,177,7,9,5,1.55,24,9,10,1,0.0,2,5,0,1,8423.97,7029.88,71,26,Açık,0,0,1.25,93.65,4.76,2.65,11.3,7.38,21.0,44.57
2026-04-12,S002,Ankara Keçiören,Ankara,Keçiören,Büyük,177,167,7,7,3,1.31,21,8,8,3,0.0,2,5,1,1,9668.17,7254.64,89,46,Açık,0,0,1.1,94.35,3.95,1.69,11.98,7.95,22.12,54.62
2026-04-12,S003,İstanbul Kadıköy,İstanbul,Kadıköy,Merkez,195,184,7,9,4,1.45,28,11,12,2,0.0,0,5,0,0,9708.6,8278.9,79,27,Açık,0,0,1.28,94.36,4.62,2.05,0.0,6.57,17.73,49.79
2026-04-12,S004,İstanbul Üsküdar,İstanbul,Üsküdar,Büyük,241,223,14,19,4,1.28,25,10,10,0,0.0,3,6,1,1,12664.46,10075.28,111,56,Açık,0,0,1.23,92.53,7.88,1.66,13.45,8.92,24.1,52.55
2026-04-12,S005,İzmir Konak,İzmir,Konak,Merkez,126,117,7,8,2,1.31,23,9,9,3,0.0,1,3,1,0,5591.03,4420.49,62,31,Bulutlu,0,0,1.04,92.86,6.35,1.59,8.55,5.09,14.0,44.37
2026-04-12,S006,Bursa Nilüfer,Bursa,Nilüfer,Büyük,178,167,9,13,2,1.63,19,7,7,3,3.1,2,10,1,0,10235.83,7761.97,97,39,Yağmurlu,0,0,0.91,93.82,7.3,1.12,11.98,8.79,25.43,57.5
2026-04-12,S007,Antalya Muratpaşa,Antalya,Muratpaşa,Büyük,163,155,5,7,3,1.3,20,8,7,1,0.0,0,3,1,0,7503.21,5906.16,77,31,Açık,0,0,1.01,95.09,4.29,1.84,0.0,7.75,20.38,46.03
2026-04-12,S008,Konya Selçuklu,Konya,Selçuklu,Orta,173,167,3,6,3,1.39,16,6,5,2,2.7,1,5,1,0,9687.68,7888.94,88,43,Açık,0,0,0.99,96.53,3.47,1.73,5.99,10.44,28.83,56.0
2026-04-12,S009,Samsun İlkadım,Samsun,İlkadım,Orta,131,126,3,3,2,1.42,15,6,4,2,0.0,1,2,1,0,6141.83,4861.56,54,18,Açık,0,0,0.79,96.18,2.29,1.53,7.94,8.4,21.83,46.88
2026-04-12,S010,Erzurum Yakutiye,Erzurum,Yakutiye,Orta,106,102,3,4,1,1.23,14,5,4,1,0.0,0,3,1,0,5559.47,4421.63,48,15,Açık,0,0,0.71,96.23,3.77,0.94,0.0,7.29,21.2,52.45
2026-04-13,S001,Ankara Çankaya,Ankara,Çankaya,Merkez,495,429,54,65,12,1.74,24,9,10,3,32.7,8,14,1,2,22133.03,16109.25,267,95,Bulutlu,0,0,1.19,86.67,13.13,2.42,18.65,17.88,55.0,44.71
2026-04-13,S002,Ankara Keçiören,Ankara,Keçiören,Büyük,416,383,25,27,8,1.43,21,8,8,2,19.3,4,11,3,1,19057.1,15088.88,177,79,Açık,0,0,1.05,92.07,6.49,1.92,10.44,18.24,52.0,45.81
2026-04-13,S003,İstanbul Kadıköy,İstanbul,Kadıköy,Merkez,545,522,19,26,4,1.31,28,11,12,0,8.9,5,17,3,2,29606.9,23263.4,257,89,Açık,0,0,1.37,95.78,4.77,0.73,9.58,18.64,49.55,54.32
2026-04-13,S004,İstanbul Üsküdar,İstanbul,Üsküdar,Büyük,522,462,44,48,16,1.7,25,10,10,3,27.2,7,16,2,1,21851.67,16891.62,191,91,Açık,0,0,1.29,88.51,9.2,3.07,15.15,18.48,52.2,41.86
2026-04-13,S005,İzmir Konak,İzmir,Konak,Merkez,461,434,18,23,9,1.58,23,9,9,0,7.9,4,10,2,1,20621.36,15910.52,207,102,Bulutlu,0,0,1.07,94.14,4.99,1.95,9.22,18.87,51.22,44.73
2026-04-13,S006,Bursa Nilüfer,Bursa,Nilüfer,Büyük,409,362,38,41,9,1.73,19,7,7,2,22.6,4,9,2,1,19272.57,16355.21,142,75,Açık,0,0,0.95,88.51,10.02,2.2,11.05,19.05,58.43,47.12
2026-04-13,S007,Antalya Muratpaşa,Antalya,Muratpaşa,Büyük,363,330,27,28,6,1.68,20,8,7,3,22.8,3,8,2,0,14646.79,12421.83,120,57,Açık,0,0,0.88,90.91,7.71,1.65,9.09,16.5,45.38,40.35
2026-04-13,S008,Konya Selçuklu,Konya,Selçuklu,Orta,383,336,36,38,11,1.61,16,6,5,1,17.1,6,11,2,1,16566.79,12276.52,173,75,Açık,0,0,1.02,87.73,9.92,2.87,17.86,21.0,63.83,43.26
2026-04-13,S009,Samsun İlkadım,Samsun,İlkadım,Orta,242,222,15,17,5,1.64,15,6,4,1,3.7,3,13,1,1,11173.8,8168.79,130,68,Yağmurlu,0,0,0.58,91.74,7.02,2.07,13.51,14.8,40.33,46.17
2026-04-13,S010,Erzurum Yakutiye,Erzurum,Yakutiye,Orta,277,242,30,32,5,1.94,14,5,4,2,21.1,5,6,1,1,11078.68,8786.5,105,32,Açık,0,0,0.66,87.36,11.55,1.81,20.66,17.29,55.4,40.0
2026-04-14,S001,Ankara Çankaya,Ankara,Çankaya,Merkez,410,381,21,26,8,1.53,24,9,10,2,14.7,4,14,1,1,20713.28,16282.01,180,75,Bulutlu,0,0,1.18,92.93,6.34,1.95,10.5,15.88,45.56,50.52
2026-04-14,S002,Ankara Keçiören,Ankara,Keçiören,Büyük,396,369,21,26,6,1.33,21,8,8,1,10.9,4,6,3,1,17184.38,13679.02,157,55,Açık,0,0,1.1,93.18,6.57,1.52,10.84,17.57,49.5,43.39
2026-04-14,S003,İstanbul Kadıköy,İstanbul,Kadıköy,Merkez,467,419,38,46,10,1.79,28,11,12,2,11.3,6,29,2,1,22829.36,17791.98,217,117,Yağmurlu,0,0,1.3,89.72,9.85,2.14,14.32,14.96,42.45,48.89
2026-04-14,S004,İstanbul Üsküdar,İstanbul,Üsküdar,Büyük,392,359,27,32,6,1.67,25,10,10,2,6.2,5,22,0,1,18014.9,14087.74,144,55,Yağmurlu,0,0,1.2,91.58,8.16,1.53,13.93,14.36,39.2,45.96
2026-04-14,S005,İzmir Konak,İzmir,Konak,Merkez,371,348,18,21,5,1.46,23,9,9,2,9.5,4,9,1,1,19843.53,15370.17,183,61,Bulutlu,0,0,1.08,93.8,5.66,1.35,11.49,15.13,41.22,53.49
2026-04-14,S006,Bursa Nilüfer,Bursa,Nilüfer,Büyük,361,282,75,77,4,2.67,19,7,7,4,45.0,10,20,2,1,16133.98,13330.66,138,70,Yağmurlu,0,0,1.0,78.12,21.33,1.11,35.46,14.84,51.57,44.69
2026-04-14,S007,Antalya Muratpaşa,Antalya,Muratpaşa,Büyük,369,347,17,16,5,1.38,20,8,7,1,8.5,0,8,2,1,16678.51,13695.92,148,64,Açık,0,0,1.1,94.04,4.34,1.36,0.0,17.35,46.12,45.2
2026-04-14,S008,Konya Selçuklu,Konya,Selçuklu,Orta,306,269,31,31,6,1.66,16,6,5,1,8.8,5,17,2,1,14160.42,12008.34,100,54,Yağmurlu,0,0,0.89,87.91,10.13,1.96,18.59,16.81,51.0,46.28
2026-04-14,S009,Samsun İlkadım,Samsun,İlkadım,Orta,248,213,29,32,6,1.69,15,6,4,3,23.5,5,6,1,1,10231.43,8119.92,94,36,Açık,0,0,0.67,85.89,12.9,2.42,23.47,14.2,41.33,41.26
2026-04-14,S010,Erzurum Yakutiye,Erzurum,Yakutiye,Orta,252,220,26,28,6,1.74,14,5,4,2,15.7,2,7,1,1,10792.63,9075.63,88,37,Açık,0,0,0.83,87.3,11.11,2.38,9.09,15.71,50.4,42.83
2026-04-15,S001,Ankara Çankaya,Ankara,Çankaya,Merkez,428,388,33,40,7,1.68,24,9,10,2,16.6,7,11,2,2,21063.2,17700.28,161,58,Bulutlu,0,0,1.19,90.65,9.35,1.64,18.04,16.17,47.56,49.21
2026-04-15,S002,Ankara Keçiören,Ankara,Keçiören,Büyük,398,329,64,67,5,2.37,21,8,8,4,37.5,10,26,2,1,17043.89,13624.99,183,84,Yağmurlu,0,0,1.18,82.66,16.83,1.26,30.4,15.67,49.75,42.82
2026-04-15,S003,İstanbul Kadıköy,İstanbul,Kadıköy,Merkez,455,425,20,24,10,1.27,28,11,12,3,15.7,3,16,2,1,22747.53,19144.81,195,61,Açık,0,0,1.37,93.41,5.27,2.2,7.06,15.18,41.36,49.99
2026-04-15,S004,İstanbul Üsküdar,İstanbul,Üsküdar,Büyük,445,405,33,38,7,1.77,25,10,10,1,6.9,5,26,2,2,22909.03,19068.17,179,73,Yağmurlu,0,0,1.35,91.01,8.54,1.57,12.35,16.2,44.5,51.48
2026-04-15,S005,İzmir Konak,İzmir,Konak,Merkez,353,326,23,25,4,1.27,23,9,9,3,14.5,5,10,2,1,16488.27,12967.81,156,65,Açık,0,0,1.12,92.35,7.08,1.13,15.34,14.17,39.22,46.71
2026-04-15,S006,Bursa Nilüfer,Bursa,Nilüfer,Büyük,329,298,24,27,7,1.85,19,7,7,1,9.7,5,21,1,1,15938.44,13517.0,114,55,Yağmurlu,0,0,0.98,90.58,8.21,2.13,16.78,15.68,47.0,48.45
2026-04-15,S007,Antalya Muratpaşa,Antalya,Muratpaşa,Büyük,395,359,32,38,4,1.56,20,8,7,3,23.8,5,14,2,1,19330.86,15101.88,190,61,Açık,0,0,1.21,90.89,9.62,1.01,13.93,17.95,49.38,48.94
2026-04-15,S008,Konya Selçuklu,Konya,Selçuklu,Orta,233,218,11,13,4,1.44,16,6,5,0,0.8,2,5,1,1,11290.21,8869.23,98,52,Açık,0,0,0.74,93.56,5.58,1.72,9.17,13.62,38.83,48.46
2026-04-15,S009,Samsun İlkadım,Samsun,İlkadım,Orta,312,292,14,20,6,1.26,15,6,4,0,6.6,3,6,1,1,14464.38,11029.56,167,65,Açık,0,0,0.89,93.59,6.41,1.92,10.27,19.47,52.0,46.36
2026-04-15,S010,Erzurum Yakutiye,Erzurum,Yakutiye,Orta,287,219,64,69,4,2.46,14,5,4,3,40.1,7,6,1,1,11069.47,8671.59,107,49,Açık,0,0,0.8,76.31,24.04,1.39,31.96,15.64,57.4,38.57
2026-04-16,S001,Ankara Çankaya,Ankara,Çankaya,Merkez,437,401,28,33,8,1.6,24,9,10,2,15.8,4,8,2,1,19822.0,15469.8,168,92,Açık,0,0,1.23,91.76,7.55,1.83,9.98,16.71,48.56,45.36
2026-04-16,S002,Ankara Keçiören,Ankara,Keçiören,Büyük,393,372,14,18,7,1.35,21,8,8,0,6.0,4,10,2,0,21306.28,16989.77,186,70,Bulutlu,0,0,1.06,94.66,4.58,1.78,10.75,17.71,49.12,54.21
2026-04-16,S003,İstanbul Kadıköy,İstanbul,Kadıköy,Merkez,478,429,37,43,12,1.64,28,11,12,1,6.2,9,36,2,1,25353.63,18507.96,259,124,Yağmurlu,0,0,1.37,89.75,9.0,2.51,20.98,15.32,43.45,53.04
2026-04-16,S004,İstanbul Üsküdar,İstanbul,Üsküdar,Büyük,430,393,28,31,9,1.62,25,10,10,3,19.0,5,12,2,1,20834.85,16502.24,175,80,Açık,0,0,1.24,91.4,7.21,2.09,12.72,15.72,43.0,48.45
2026-04-16,S005,İzmir Konak,İzmir,Konak,Merkez,354,337,7,8,10,1.19,23,9,9,1,3.9,3,10,1,1,17063.15,14417.19,114,41,Açık,0,0,1.02,95.2,2.26,2.82,8.9,14.65,39.33,48.2
2026-04-16,S006,Bursa Nilüfer,Bursa,Nilüfer,Büyük,352,321,27,29,4,1.56,19,7,7,2,14.0,4,11,1,1,15973.46,12663.68,141,61,Açık,0,0,1.04,91.19,8.24,1.14,12.46,16.89,50.29,45.38
2026-04-16,S007,Antalya Muratpaşa,Antalya,Muratpaşa,Büyük,337,308,25,27,4,1.66,20,8,7,3,19.1,3,5,2,1,15744.47,12558.72,135,64,Açık,0,0,0.98,91.39,8.01,1.19,9.74,15.4,42.12,46.72
2026-04-16,S008,Konya Selçuklu,Konya,Selçuklu,Orta,319,304,10,10,5,1.41,16,6,5,0,3.9,3,14,1,1,16282.72,12806.88,131,70,Açık,0,0,0.9,95.3,3.13,1.57,9.87,19.0,53.17,51.04
2026-04-16,S009,Samsun İlkadım,Samsun,İlkadım,Orta,240,220,17,20,3,1.64,15,6,4,0,1.0,3,13,2,1,11899.52,9543.44,103,50,Yağmurlu,0,0,0.79,91.67,8.33,1.25,13.64,14.67,40.0,49.58
2026-04-16,S010,Erzurum Yakutiye,Erzurum,Yakutiye,Orta,219,197,17,19,5,1.73,14,5,4,2,13.7,4,8,1,1,11316.81,8518.11,112,49,Bulutlu,0,0,0.67,89.95,8.68,2.28,20.3,14.07,43.8,51.67
2026-04-17,S001,Ankara Çankaya,Ankara,Çankaya,Merkez,427,395,25,36,7,1.39,24,9,10,2,18.3,5,10,2,1,21617.21,16600.91,229,69,Açık,0,0,1.19,92.51,8.43,1.64,12.66,16.46,47.44,50.63
2026-04-17,S002,Ankara Keçiören,Ankara,Keçiören,Büyük,368,351,11,13,6,1.6,21,8,8,0,3.8,0,6,1,1,18033.52,15235.7,128,51,Açık,0,0,1.11,95.38,3.53,1.63,0.0,16.71,46.0,49.0
2026-04-17,S003,İstanbul Kadıköy,İstanbul,Kadıköy,Merkez,399,377,17,18,5,1.36,28,11,12,2,4.2,2,14,2,1,20016.08,16281.65,194,77,Açık,0,0,1.3,94.49,4.51,1.25,5.31,13.46,36.27,50.17
2026-04-17,S004,İstanbul Üsküdar,İstanbul,Üsküdar,Büyük,464,433,24,29,7,1.3,25,10,10,0,7.2,5,11,1,0,24050.09,20030.51,169,92,Açık,0,0,1.28,93.32,6.25,1.51,11.55,17.32,46.4,51.83
2026-04-17,S005,İzmir Konak,İzmir,Konak,Merkez,360,330,22,24,8,1.46,23,9,9,2,7.0,3,10,1,1,15095.57,12390.19,119,64,Açık,0,0,1.09,91.67,6.67,2.22,9.09,14.35,40.0,41.93
2026-04-17,S006,Bursa Nilüfer,Bursa,Nilüfer,Büyük,312,278,30,32,4,1.89,19,7,7,3,19.1,4,5,2,1,13032.21,10098.05,115,61,Açık,0,0,0.96,89.1,10.26,1.28,14.39,14.63,44.57,41.77
2026-04-17,S007,Antalya Muratpaşa,Antalya,Muratpaşa,Büyük,361,324,29,33,8,1.75,20,8,7,3,22.8,4,8,2,1,16664.46,12104.75,169,77,Bulutlu,0,0,1.06,89.75,9.14,2.22,12.35,16.2,45.12,46.16
2026-04-17,S008,Konya Selçuklu,Konya,Selçuklu,Orta,276,255,17,19,4,1.62,16,6,5,2,14.8,2,5,2,0,14436.67,11999.5,107,56,Açık,0,0,0.77,92.39,6.88,1.45,7.84,15.94,46.0,52.31
2026-04-17,S009,Samsun İlkadım,Samsun,İlkadım,Orta,283,254,22,24,7,1.72,15,6,4,1,7.9,6,19,1,1,15976.35,12118.69,151,72,Yağmurlu,0,0,0.8,89.75,8.48,2.47,23.62,16.93,47.17,56.45
2026-04-17,S010,Erzurum Yakutiye,Erzurum,Yakutiye,Orta,207,174,30,31,3,2.01,14,5,4,3,24.5,5,6,1,0,9172.8,7147.36,86,37,Bulutlu,0,0,0.63,84.06,14.98,1.45,28.74,12.43,41.4,44.31
2026-04-18,S001,Ankara Çankaya,Ankara,Çankaya,Merkez,169,155,12,12,2,1.78,24,9,10,0,0.0,2,10,0,0,8038.03,6710.4,62,27,Yağmurlu,0,0,1.15,91.72,7.1,1.18,12.9,6.46,18.78,47.56
2026-04-18,S002,Ankara Keçiören,Ankara,Keçiören,Büyük,236,220,10,14,6,1.44,21,8,8,1,0.0,1,7,1,1,12331.45,10262.76,86,46,Açık,0,0,1.12,93.22,5.93,2.54,4.55,10.48,29.5,52.25
2026-04-18,S003,İstanbul Kadıköy,İstanbul,Kadıköy,Merkez,189,181,4,8,4,1.34,28,11,12,2,0.0,0,5,1,1,9092.4,7829.35,67,27,Açık,0,0,1.31,95.77,4.23,2.12,0.0,6.46,17.18,48.11
2026-04-18,S004,İstanbul Üsküdar,İstanbul,Üsküdar,Büyük,179,171,5,8,3,1.43,25,10,10,1,0.0,1,6,1,0,8004.74,6236.69,74,25,Açık,0,0,1.18,95.53,4.47,1.68,5.85,6.84,17.9,44.72
2026-04-18,S005,İzmir Konak,İzmir,Konak,Merkez,194,180,10,12,4,1.54,23,9,9,2,0.0,2,6,0,0,8683.79,6806.42,72,37,Bulutlu,0,0,1.15,92.78,6.19,2.06,11.11,7.83,21.56,44.76
2026-04-18,S006,Bursa Nilüfer,Bursa,Nilüfer,Büyük,178,170,6,9,2,1.42,19,7,7,2,0.0,1,4,1,0,8817.16,6240.5,95,42,Açık,0,0,1.04,95.51,5.06,1.12,5.88,8.95,25.43,49.53
2026-04-18,S007,Antalya Muratpaşa,Antalya,Muratpaşa,Büyük,209,193,14,16,2,1.51,20,8,7,2,0.0,3,15,1,1,11056.24,9138.91,77,40,Yağmurlu,0,0,1.15,92.34,7.66,0.96,15.54,9.65,26.12,52.9
2026-04-18,S008,Konya Selçuklu,Konya,Selçuklu,Orta,161,151,8,9,2,1.25,16,6,5,3,7.5,1,3,1,0,7929.31,6210.89,73,22,Açık,0,0,0.79,93.79,5.59,1.24,6.62,9.44,26.83,49.25
2026-04-18,S009,Samsun İlkadım,Samsun,İlkadım,Orta,98,92,4,5,2,1.48,15,6,4,1,0.0,0,3,0,0,4843.11,3776.14,39,20,Bulutlu,0,0,0.71,93.88,5.1,2.04,0.0,6.13,16.33,49.42
2026-04-18,S010,Erzurum Yakutiye,Erzurum,Yakutiye,Orta,91,85,5,5,1,1.55,14,5,4,1,0.0,0,5,0,0,3924.53,3152.78,42,18,Yağmurlu,0,0,0.7,93.41,5.49,1.1,0.0,6.07,18.2,43.13
2026-04-19,S001,Ankara Çankaya,Ankara,Çankaya,Merkez,183,169,9,8,5,1.43,24,9,10,1,0.0,2,5,1,1,8844.94,6952.9,87,36,Açık,0,0,1.17,92.35,4.37,2.73,11.83,7.04,20.33,48.33
2026-04-19,S002,Ankara Keçiören,Ankara,Keçiören,Büyük,211,193,14,16,4,1.64,21,8,8,2,0.0,1,11,1,1,9750.0,8044.56,73,30,Yağmurlu,0,0,1.18,91.47,7.58,1.9,5.18,9.19,26.38,46.21
2026-04-19,S003,İstanbul Kadıköy,İstanbul,Kadıköy,Merkez,221,196,20,21,5,1.67,28,11,12,3,0.0,4,12,1,1,10806.43,8692.69,92,28,Yağmurlu,0,0,1.29,88.69,9.5,2.26,20.41,7.0,20.09,48.9
2026-04-19,S004,İstanbul Üsküdar,İstanbul,Üsküdar,Büyük,219,203,11,14,5,1.36,25,10,10,3,0.0,1,9,1,0,10335.78,8122.99,95,29,Bulutlu,0,0,1.35,92.69,6.39,2.28,4.93,8.12,21.9,47.2
2026-04-19,S005,İzmir Konak,İzmir,Konak,Merkez,167,162,4,6,1,1.43,23,9,9,0,0.0,1,5,0,0,8730.24,7471.23,54,30,Açık,0,0,1.16,97.01,3.59,0.6,6.17,7.04,18.56,52.28
2026-04-19,S006,Bursa Nilüfer,Bursa,Nilüfer,Büyük,140,132,5,5,3,1.3,19,7,7,1,0.0,1,3,1,0,7362.0,5786.96,62,31,Bulutlu,0,0,0.89,94.29,3.57,2.14,7.58,6.95,20.0,52.59
2026-04-19,S007,Antalya Muratpaşa,Antalya,Muratpaşa,Büyük,206,196,7,8,3,1.23,20,8,7,1,0.0,0,4,2,1,10149.6,7628.02,109,56,Açık,0,0,1.11,95.15,3.88,1.46,0.0,9.8,25.75,49.27
2026-04-19,S008,Konya Selçuklu,Konya,Selçuklu,Orta,149,142,5,7,2,1.42,16,6,5,0,0.0,0,3,1,0,8159.08,6571.09,71,39,Açık,0,0,0.97,95.3,4.7,1.34,0.0,8.88,24.83,54.76
2026-04-19,S009,Samsun İlkadım,Samsun,İlkadım,Orta,136,129,4,7,3,1.4,15,6,4,1,0.0,1,3,0,0,6714.85,5362.1,55,24,Açık,0,0,0.85,94.85,5.15,2.21,7.75,8.6,22.67,49.37
2026-04-19,S010,Erzurum Yakutiye,Erzurum,Yakutiye,Orta,171,143,24,25,4,2.13,14,5,4,3,19.6,3,10,1,0,8452.65,6847.7,85,26,Yağmurlu,0,0,0.7,83.63,14.62,2.34,20.98,10.21,34.2,49.43
2026-04-20,S001,Ankara Çankaya,Ankara,Çankaya,Merkez,435,410,17,22,8,1.45,24,9,10,1,10.1,3,11,2,2,24405.49,19536.59,194,102,Açık,0,0,1.15,94.25,5.06,1.84,7.32,17.08,48.33,56.1
2026-04-20,S002,Ankara Keçiören,Ankara,Keçiören,Büyük,393,371,12,15,10,1.52,21,8,8,0,5.3,1,10,3,0,19264.51,16218.1,151,67,Bulutlu,0,0,1.03,94.4,3.82,2.54,2.7,17.67,49.12,49.02
2026-04-20,S003,İstanbul Kadıköy,İstanbul,Kadıköy,Merkez,546,506,24,35,16,1.37,28,11,12,1,13.3,5,16,3,2,23589.5,18896.29,187,60,Açık,0,0,1.38,92.67,6.41,2.93,9.88,18.07,49.64,43.2
2026-04-20,S004,İstanbul Üsküdar,İstanbul,Üsküdar,Büyük,458,428,22,25,8,1.41,25,10,10,0,4.6,4,12,2,1,22547.3,17583.68,197,97,Açık,0,0,1.12,93.45,5.46,1.75,9.35,17.12,45.8,49.23
2026-04-20,S005,İzmir Konak,İzmir,Konak,Merkez,482,416,54,61,12,1.66,23,9,9,3,30.3,9,13,0,1,22006.13,17150.03,248,124,Açık,0,0,1.2,86.31,12.66,2.49,21.63,18.09,53.56,45.66
2026-04-20,S006,Bursa Nilüfer,Bursa,Nilüfer,Büyük,416,383,25,28,8,1.57,19,7,7,0,10.6,4,16,2,1,19981.63,16230.29,181,68,Bulutlu,0,0,1.0,92.07,6.73,1.92,10.44,20.16,59.43,48.03
2026-04-20,S007,Antalya Muratpaşa,Antalya,Muratpaşa,Büyük,411,391,16,19,4,1.45,20,8,7,0,7.9,0,10,2,1,19144.94,15634.55,155,80,Açık,0,0,1.03,95.13,4.62,0.97,0.0,19.55,51.38,46.58
2026-04-20,S008,Konya Selçuklu,Konya,Selçuklu,Orta,381,331,44,53,6,2.14,16,6,5,2,28.1,7,11,2,0,18076.65,13701.35,176,60,Açık,0,0,0.85,86.88,13.91,1.57,21.15,20.69,63.5,47.45
2026-04-20,S009,Samsun İlkadım,Samsun,İlkadım,Orta,302,286,11,17,5,1.52,15,6,4,0,5.0,3,8,1,1,16316.28,13668.11,109,55,Açık,0,0,0.76,94.7,5.63,1.66,10.49,19.07,50.33,54.03
2026-04-20,S010,Erzurum Yakutiye,Erzurum,Yakutiye,Orta,248,225,20,25,3,1.99,14,5,4,0,5.3,4,16,1,0,11750.43,9538.55,93,45,Yağmurlu,0,0,0.76,90.73,10.08,1.21,17.78,16.07,49.6,47.38
2026-04-21,S001,Ankara Çankaya,Ankara,Çankaya,Merkez,390,350,35,38,5,1.52,24,9,10,4,27.2,6,10,2,1,18267.02,14572.72,171,57,Açık,0,0,1.2,89.74,9.74,1.28,17.14,14.58,43.33,46.84
2026-04-21,S002,Ankara Keçiören,Ankara,Keçiören,Büyük,428,384,39,35,5,1.64,21,8,8,2,19.3,5,10,2,1,22421.73,18171.68,172,59,Açık,0,0,1.3,89.72,8.18,1.17,13.02,18.29,53.5,52.39
2026-04-21,S003,İstanbul Kadıköy,İstanbul,Kadıköy,Merkez,545,494,41,44,10,1.73,28,11,12,3,24.8,6,10,1,1,25266.67,19875.77,270,117,Açık,0,0,1.48,90.64,8.07,1.83,12.15,17.64,49.55,46.36
2026-04-21,S004,İstanbul Üsküdar,İstanbul,Üsküdar,Büyük,423,396,21,28,6,1.37,25,10,10,2,10.8,3,6,2,0,21271.37,16624.0,216,108,Açık,0,0,1.28,93.62,6.62,1.42,7.58,15.84,42.3,50.29
2026-04-21,S005,İzmir Konak,İzmir,Konak,Merkez,370,339,22,26,9,1.55,23,9,9,1,4.7,3,22,1,1,18732.22,15732.48,146,61,Yağmurlu,0,0,1.2,91.62,7.03,2.43,8.85,14.74,41.11,50.63
2026-04-21,S006,Bursa Nilüfer,Bursa,Nilüfer,Büyük,303,287,11,17,5,1.42,19,7,7,1,7.9,1,8,1,0,16392.29,13636.25,135,52,Açık,0,0,1.03,94.72,5.61,1.65,3.48,15.11,43.29,54.1
2026-04-21,S007,Antalya Muratpaşa,Antalya,Muratpaşa,Büyük,383,353,26,27,4,1.87,20,8,7,1,11.5,6,23,2,1,17499.61,14335.87,166,76,Yağmurlu,0,0,1.11,92.17,7.05,1.04,17.0,17.65,47.88,45.69
2026-04-21,S008,Konya Selçuklu,Konya,Selçuklu,Orta,291,259,24,25,8,1.83,16,6,5,2,14.8,3,8,1,0,13500.48,10100.69,155,67,Bulutlu,0,0,0.79,89.0,8.59,2.75,11.58,16.19,48.5,46.39
2026-04-21,S009,Samsun İlkadım,Samsun,İlkadım,Orta,284,246,32,35,6,1.87,15,6,4,2,12.4,7,16,1,1,12273.28,9626.38,118,41,Yağmurlu,0,0,0.67,86.62,12.32,2.11,28.46,16.4,47.33,43.22
2026-04-21,S010,Erzurum Yakutiye,Erzurum,Yakutiye,Orta,328,232,88,79,8,3.05,14,5,4,3,51.3,9,17,1,1,13745.57,10064.18,160,55,Yağmurlu,0,0,0.82,70.73,24.09,2.44,38.79,16.57,65.6,41.91
2026-04-22,S001,Ankara Çankaya,Ankara,Çankaya,Merkez,415,390,17,21,8,1.28,24,9,10,1,7.3,2,8,2,2,18299.99,15341.72,137,44,Açık,0,0,1.36,93.98,5.06,1.93,5.13,16.25,46.11,44.1
2026-04-22,S002,Ankara Keçiören,Ankara,Keçiören,Büyük,352,329,16,17,7,1.54,21,8,8,2,13.1,3,10,2,0,19212.2,14168.32,186,95,Bulutlu,0,0,1.08,93.47,4.83,1.99,9.12,15.67,44.0,54.58
2026-04-22,S003,İstanbul Kadıköy,İstanbul,Kadıköy,Merkez,468,446,12,14,10,1.27,28,11,12,0,2.0,2,16,3,1,19624.04,16190.9,169,92,Açık,0,0,1.38,95.3,2.99,2.14,4.48,15.93,42.55,41.93
2026-04-22,S004,İstanbul Üsküdar,İstanbul,Üsküdar,Büyük,427,402,19,23,6,1.34,25,10,10,3,17.7,3,12,1,1,20203.78,15713.46,204,92,Açık,0,0,1.2,94.15,5.39,1.41,7.46,16.08,42.7,47.32
2026-04-22,S005,İzmir Konak,İzmir,Konak,Merkez,393,356,31,36,6,1.42,23,9,9,1,6.7,5,23,2,1,19115.85,15920.27,140,54,Yağmurlu,0,0,1.23,90.59,9.16,1.53,14.04,15.48,43.67,48.64
2026-04-22,S006,Bursa Nilüfer,Bursa,Nilüfer,Büyük,352,309,36,44,7,1.93,19,7,7,3,26.6,7,8,1,1,18731.86,14740.07,191,59,Açık,0,0,1.03,87.78,12.5,1.99,22.65,16.26,50.29,53.22
2026-04-22,S007,Antalya Muratpaşa,Antalya,Muratpaşa,Büyük,319,297,16,21,6,1.47,20,8,7,2,8.0,3,6,1,1,14348.71,11571.62,141,66,Açık,0,0,0.94,93.1,6.58,1.88,10.1,14.85,39.88,44.98
2026-04-22,S008,Konya Selçuklu,Konya,Selçuklu,Orta,311,262,43,45,6,2.01,16,6,5,3,32.4,7,6,1,1,14403.9,12079.43,112,39,Açık,0,0,0.89,84.24,14.47,1.93,26.72,16.38,51.83,46.31
2026-04-22,S009,Samsun İlkadım,Samsun,İlkadım,Orta,258,233,18,21,7,1.48,15,6,4,2,12.4,2,8,1,1,12491.98,10239.67,103,31,Bulutlu,0,0,0.82,90.31,8.14,2.71,8.58,15.53,43.0,48.42
2026-04-22,S010,Erzurum Yakutiye,Erzurum,Yakutiye,Orta,261,226,29,33,6,1.82,14,5,4,2,20.5,4,6,1,1,10991.57,8798.53,116,43,Açık,0,0,0.79,86.59,12.64,2.3,17.7,16.14,52.2,42.11
2026-04-23,S001,Ankara Çankaya,Ankara,Çankaya,Merkez,177,162,12,14,3,1.6,24,9,10,0,0.0,4,10,0,0,8505.37,6413.1,91,30,Yağmurlu,1,0,0.57,91.53,7.91,1.69,24.69,6.75,19.67,48.05
2026-04-23,S002,Ankara Keçiören,Ankara,Keçiören,Büyük,145,136,7,8,2,1.48,21,8,8,1,0.0,2,5,0,0,7850.37,6110.56,68,24,Bulutlu,1,0,0.55,93.79,5.52,1.38,14.71,6.48,18.12,54.14
2026-04-23,S003,İstanbul Kadıköy,İstanbul,Kadıköy,Merkez,229,212,15,18,2,1.8,28,11,12,1,0.0,2,13,1,0,11055.69,8350.57,113,38,Yağmurlu,1,0,0.55,92.58,7.86,0.87,9.43,7.57,20.82,48.28
2026-04-23,S004,İstanbul Üsküdar,İstanbul,Üsküdar,Büyük,177,162,12,15,3,1.84,25,10,10,1,0.0,2,10,1,1,9855.07,7744.96,90,35,Yağmurlu,1,0,0.55,91.53,8.47,1.69,12.35,6.48,17.7,55.68
2026-04-23,S005,İzmir Konak,İzmir,Konak,Merkez,175,165,7,10,3,1.34,23,9,9,2,0.0,2,5,1,1,8969.68,7400.38,73,29,Açık,1,0,0.55,94.29,5.71,1.71,12.12,7.17,19.44,51.26
2026-04-23,S006,Bursa Nilüfer,Bursa,Nilüfer,Büyük,194,180,12,16,2,1.66,19,7,7,2,0.0,5,11,1,1,9248.55,7817.08,71,38,Yağmurlu,1,0,0.55,92.78,8.25,1.03,27.78,9.47,27.71,47.67
2026-04-23,S007,Antalya Muratpaşa,Antalya,Muratpaşa,Büyük,214,207,5,7,2,1.59,20,8,7,0,0.0,3,7,1,1,10588.14,8355.64,107,40,Açık,1,0,0.55,96.73,3.27,0.93,14.49,10.35,26.75,49.48
2026-04-23,S008,Konya Selçuklu,Konya,Selçuklu,Orta,181,175,3,6,3,1.35,16,6,5,2,2.9,3,6,1,0,8944.67,7099.59,90,31,Bulutlu,1,0,0.55,96.69,3.31,1.66,17.14,10.94,30.17,49.42
2026-04-23,S009,Samsun İlkadım,Samsun,İlkadım,Orta,171,163,5,8,3,1.13,15,6,4,1,0.0,2,4,0,1,7946.34,6760.01,65,28,Açık,1,0,0.55,95.32,4.68,1.75,12.27,10.87,28.5,46.47
2026-04-23,S010,Erzurum Yakutiye,Erzurum,Yakutiye,Orta,156,146,7,8,3,1.4,14,5,4,2,6.7,0,6,0,1,7810.12,6141.25,71,28,Bulutlu,1,0,0.55,93.59,5.13,1.92,0.0,10.43,31.2,50.06
2026-04-24,S001,Ankara Çankaya,Ankara,Çankaya,Merkez,446,415,22,26,9,1.45,24,9,10,1,8.6,2,13,1,2,19413.89,15376.23,153,65,Açık,0,0,1.28,93.05,5.83,2.02,4.82,17.29,49.56,43.53
2026-04-24,S002,Ankara Keçiören,Ankara,Keçiören,Büyük,386,355,23,27,8,1.43,21,8,8,2,14.6,4,9,2,1,20285.56,15904.52,210,63,Açık,0,0,1.15,91.97,6.99,2.07,11.27,16.9,48.25,52.55
2026-04-24,S003,İstanbul Kadıköy,İstanbul,Kadıköy,Merkez,503,468,26,29,9,1.32,28,11,12,2,14.3,1,9,1,1,25693.67,20458.7,218,77,Açık,0,0,1.55,93.04,5.77,1.79,2.14,16.71,45.73,51.08
2026-04-24,S004,İstanbul Üsküdar,İstanbul,Üsküdar,Büyük,371,345,20,26,6,1.23,25,10,10,3,9.9,1,6,1,0,16699.72,13304.99,126,64,Bulutlu,0,0,1.2,92.99,7.01,1.62,2.9,13.8,37.1,45.01
2026-04-24,S005,İzmir Konak,İzmir,Konak,Merkez,410,380,19,23,11,1.63,23,9,9,1,6.3,5,11,2,1,21523.6,18038.55,136,61,Bulutlu,0,0,1.21,92.68,5.61,2.68,13.16,16.52,45.56,52.5
2026-04-24,S006,Bursa Nilüfer,Bursa,Nilüfer,Büyük,327,308,12,10,7,1.43,19,7,7,1,8.0,2,7,2,1,16397.53,12568.45,174,94,Açık,0,0,1.01,94.19,3.06,2.14,6.49,16.21,46.71,50.15
2026-04-24,S007,Antalya Muratpaşa,Antalya,Muratpaşa,Büyük,407,376,22,27,9,1.39,20,8,7,0,8.0,5,13,1,1,21542.99,17563.41,204,71,Bulutlu,0,0,1.17,92.38,6.63,2.21,13.3,18.8,50.88,52.93
2026-04-24,S008,Konya Selçuklu,Konya,Selçuklu,Orta,264,239,16,20,9,1.29,16,6,5,1,7.4,2,9,1,1,12541.8,9249.28,129,62,Bulutlu,0,0,0.74,90.53,7.58,3.41,8.37,14.94,44.0,47.51
2026-04-24,S009,Samsun İlkadım,Samsun,İlkadım,Orta,296,274,14,18,8,1.47,15,6,4,1,11.3,3,9,1,0,15212.07,12007.07,133,57,Açık,0,0,0.93,92.57,6.08,2.7,10.95,18.27,49.33,51.39
2026-04-24,S010,Erzurum Yakutiye,Erzurum,Yakutiye,Orta,268,202,60,62,6,2.73,14,5,4,3,39.2,7,20,1,0,12671.26,8921.18,138,75,Yağmurlu,0,0,0.8,75.37,23.13,2.24,34.65,14.43,53.6,47.28
2026-04-25,S001,Ankara Çankaya,Ankara,Çankaya,Merkez,216,206,6,8,4,1.44,24,9,10,3,0.0,2,5,1,1,10720.14,8608.52,90,42,Açık,0,0,1.29,95.37,3.7,1.85,9.71,8.58,24.0,49.63
2026-04-25,S002,Ankara Keçiören,Ankara,Keçiören,Büyük,200,190,6,6,4,1.34,21,8,8,2,0.0,0,6,0,1,9604.91,7434.93,87,38,Bulutlu,0,0,1.11,95.0,3.0,2.0,0.0,9.05,25.0,48.02
2026-04-25,S003,İstanbul Kadıköy,İstanbul,Kadıköy,Merkez,223,215,4,7,4,1.61,28,11,12,0,0.0,1,4,1,1,10390.24,8192.07,80,41,Açık,0,0,1.57,96.41,3.14,1.79,4.65,7.68,20.27,46.59
2026-04-25,S004,İstanbul Üsküdar,İstanbul,Üsküdar,Büyük,219,206,8,12,5,1.3,25,10,10,2,0.0,3,7,1,1,11461.9,9355.7,86,35,Açık,0,0,1.42,94.06,5.48,2.28,14.56,8.24,21.9,52.34
2026-04-25,S005,İzmir Konak,İzmir,Konak,Merkez,201,188,8,8,5,1.38,23,9,9,4,1.5,2,6,0,1,10475.96,8789.12,82,34,Açık,0,0,1.23,93.53,3.98,2.49,10.64,8.17,22.33,52.12
2026-04-25,S006,Bursa Nilüfer,Bursa,Nilüfer,Büyük,172,163,6,7,3,1.2,19,7,7,1,0.0,1,3,1,1,7878.52,6080.86,81,38,Açık,0,0,1.05,94.77,4.07,1.74,6.13,8.58,24.57,45.81
2026-04-25,S007,Antalya Muratpaşa,Antalya,Muratpaşa,Büyük,221,211,7,11,3,1.53,20,8,7,3,2.5,1,5,1,1,12317.26,9337.99,116,50,Açık,0,0,1.3,95.48,4.98,1.36,4.74,10.55,27.62,55.73
2026-04-25,S008,Konya Selçuklu,Konya,Selçuklu,Orta,183,172,7,10,4,1.4,16,6,5,1,0.7,0,6,1,0,8391.34,6991.83,60,32,Açık,0,0,1.0,93.99,5.46,2.19,0.0,10.75,30.5,45.85
2026-04-25,S009,Samsun İlkadım,Samsun,İlkadım,Orta,158,149,6,9,3,1.42,15,6,4,1,0.0,1,4,1,0,7577.42,5969.38,87,28,Açık,0,0,0.99,94.3,5.7,1.9,6.71,9.93,26.33,47.96
2026-04-25,S010,Erzurum Yakutiye,Erzurum,Yakutiye,Orta,138,132,4,6,2,1.21,14,5,4,0,0.0,1,4,0,0,6327.86,4875.42,75,28,Açık,0,0,0.8,95.65,4.35,1.45,7.58,9.43,27.6,45.85
2026-04-26,S001,Ankara Çankaya,Ankara,Çankaya,Merkez,216,194,16,20,6,1.88,24,9,10,2,0.0,4,13,0,0,9963.83,8318.63,77,30,Yağmurlu,0,0,1.25,89.81,9.26,2.78,20.62,8.08,24.0,46.13
2026-04-26,S002,Ankara Keçiören,Ankara,Keçiören,Büyük,234,224,7,10,3,1.31,21,8,8,2,1.1,2,8,1,1,10896.66,8727.43,95,35,Açık,0,0,1.29,95.73,4.27,1.28,8.93,10.67,29.25,46.57
2026-04-26,S003,İstanbul Kadıköy,İstanbul,Kadıköy,Merkez,265,249,11,15,5,1.16,28,11,12,2,0.0,2,6,1,1,13379.21,10266.53,145,69,Açık,0,0,1.36,93.96,5.66,1.89,8.03,8.89,24.09,50.49
2026-04-26,S004,İstanbul Üsküdar,İstanbul,Üsküdar,Büyük,209,199,8,11,2,1.4,25,10,10,1,0.0,2,6,1,1,11184.67,9185.26,77,34,Açık,0,0,1.2,95.22,5.26,0.96,10.05,7.96,20.9,53.52
2026-04-26,S005,İzmir Konak,İzmir,Konak,Merkez,235,224,10,13,1,1.52,23,9,9,1,0.0,2,9,1,1,12628.08,10349.53,101,38,Açık,0,0,1.25,95.32,5.53,0.43,8.93,9.74,26.11,53.74
2026-04-26,S006,Bursa Nilüfer,Bursa,Nilüfer,Büyük,200,191,8,9,1,1.4,19,7,7,1,0.0,0,5,1,1,9446.05,6930.66,97,50,Açık,0,0,1.03,95.5,4.5,0.5,0.0,10.05,28.57,47.23
2026-04-26,S007,Antalya Muratpaşa,Antalya,Muratpaşa,Büyük,204,189,11,14,4,1.42,20,8,7,0,0.0,3,7,1,1,10160.31,8582.14,66,28,Açık,0,0,1.25,92.65,6.86,1.96,15.87,9.45,25.5,49.81
2026-04-26,S008,Konya Selçuklu,Konya,Selçuklu,Orta,112,101,8,9,3,1.82,16,6,5,2,0.0,2,8,1,0,5115.95,4015.86,56,22,Yağmurlu,0,0,0.9,90.18,8.04,2.68,19.8,6.31,18.67,45.68
2026-04-26,S009,Samsun İlkadım,Samsun,İlkadım,Orta,148,132,13,15,3,1.55,15,6,4,1,0.0,1,8,1,0,6443.88,4831.13,60,25,Yağmurlu,0,0,0.7,89.19,10.14,2.03,7.58,8.8,24.67,43.54
2026-04-26,S010,Erzurum Yakutiye,Erzurum,Yakutiye,Orta,139,131,5,7,3,1.5,14,5,4,1,0.0,3,3,0,0,7672.92,6157.31,58,22,Bulutlu,0,0,0.86,94.24,5.04,2.16,22.9,9.36,27.8,55.2
2026-04-27,S001,Ankara Çankaya,Ankara,Çankaya,Merkez,510,462,39,45,9,1.69,24,9,10,2,25.8,5,15,2,1,28897.95,22017.16,269,116,Açık,0,0,1.19,90.59,8.82,1.76,10.82,19.25,56.67,56.66
2026-04-27,S002,Ankara Keçiören,Ankara,Keçiören,Büyük,476,423,44,50,9,1.95,21,8,8,2,24.9,8,14,3,3,21712.89,16667.92,237,127,Açık,0,0,1.17,88.87,10.5,1.89,18.91,20.14,59.5,45.62
2026-04-27,S003,İstanbul Kadıköy,İstanbul,Kadıköy,Merkez,558,511,34,39,13,1.37,28,11,12,2,19.6,5,15,2,2,24887.26,21012.94,197,73,Açık,0,0,1.4,91.58,6.99,2.33,9.78,18.25,50.73,44.6
2026-04-27,S004,İstanbul Üsküdar,İstanbul,Üsküdar,Büyük,544,499,31,38,14,1.55,25,10,10,1,17.6,2,14,2,2,22108.87,18579.2,184,66,Açık,0,0,1.42,91.73,6.99,2.57,4.01,19.96,54.4,40.64
2026-04-27,S005,İzmir Konak,İzmir,Konak,Merkez,466,418,38,39,10,1.7,23,9,9,2,21.1,4,12,2,0,23336.39,19305.19,194,62,Bulutlu,0,0,1.26,89.7,8.37,2.15,9.57,18.17,51.78,50.08
2026-04-27,S006,Bursa Nilüfer,Bursa,Nilüfer,Büyük,362,315,43,48,4,2.01,19,7,7,3,28.2,6,7,1,1,17365.06,12777.62,184,71,Açık,0,0,0.96,87.02,13.26,1.1,19.05,16.58,51.71,47.97
2026-04-27,S007,Antalya Muratpaşa,Antalya,Muratpaşa,Büyük,505,441,55,60,9,1.8,20,8,7,2,30.4,9,16,1,2,24426.71,19499.71,193,98,Açık,0,0,1.25,87.33,11.88,1.78,20.41,22.05,63.12,48.37
2026-04-27,S008,Konya Selçuklu,Konya,Selçuklu,Orta,315,264,46,48,5,2.05,16,6,5,3,32.5,8,8,2,1,16169.53,12507.31,161,65,Açık,0,0,0.87,83.81,15.24,1.59,30.3,16.5,52.5,51.33
2026-04-27,S009,Samsun İlkadım,Samsun,İlkadım,Orta,316,269,42,46,5,1.98,15,6,4,3,32.4,5,9,1,1,13959.99,11243.84,134,63,Açık,0,0,0.79,85.13,14.56,1.58,18.59,17.93,52.67,44.18
2026-04-27,S010,Erzurum Yakutiye,Erzurum,Yakutiye,Orta,273,251,20,20,2,1.77,14,5,4,1,9.8,3,6,1,1,15531.73,11990.94,140,56,Açık,0,0,0.76,91.94,7.33,0.73,11.95,17.93,54.6,56.89
2026-04-28,S001,Ankara Çankaya,Ankara,Çankaya,Merkez,449,412,28,38,9,1.74,24,9,10,2,18.6,5,11,2,1,22754.07,17978.45,194,96,Açık,0,0,1.3,91.76,8.46,2.0,12.14,17.17,49.89,50.68
2026-04-28,S002,Ankara Keçiören,Ankara,Keçiören,Büyük,416,355,53,59,8,2.26,21,8,8,4,42.5,9,16,1,0,19241.9,15585.14,160,84,Bulutlu,0,0,1.2,85.34,14.18,1.92,25.35,16.9,52.0,46.25
2026-04-28,S003,İstanbul Kadıköy,İstanbul,Kadıköy,Merkez,462,439,16,26,7,1.32,28,11,12,1,8.6,4,12,2,1,23986.24,20260.43,208,67,Açık,0,0,1.43,95.02,5.63,1.52,9.11,15.68,42.0,51.92
2026-04-28,S004,İstanbul Üsküdar,İstanbul,Üsküdar,Büyük,405,376,22,26,7,1.51,25,10,10,1,4.9,2,9,2,1,20921.41,16465.82,191,89,Bulutlu,0,0,1.2,92.84,6.42,1.73,5.32,15.04,40.5,51.66
2026-04-28,S005,İzmir Konak,İzmir,Konak,Merkez,443,419,15,23,9,1.5,23,9,9,0,7.7,4,9,1,1,20397.42,16650.02,191,99,Bulutlu,0,0,1.2,94.58,5.19,2.03,9.55,18.22,49.22,46.04
2026-04-28,S006,Bursa Nilüfer,Bursa,Nilüfer,Büyük,294,251,37,41,6,1.97,19,7,7,3,20.7,7,18,1,1,13738.8,10998.97,128,41,Yağmurlu,0,0,1.05,85.37,13.95,2.04,27.89,13.21,42.0,46.73
2026-04-28,S007,Antalya Muratpaşa,Antalya,Muratpaşa,Büyük,429,391,31,35,7,1.6,20,8,7,1,12.4,4,7,2,1,22733.84,17845.09,210,113,Açık,0,0,1.2,91.14,8.16,1.63,10.23,19.55,53.62,52.99
2026-04-28,S008,Konya Selçuklu,Konya,Selçuklu,Orta,338,301,31,36,6,1.63,16,6,5,0,7.4,6,20,2,1,16554.6,13368.84,122,46,Yağmurlu,0,0,0.94,89.05,10.65,1.78,19.93,18.81,56.33,48.98
2026-04-28,S009,Samsun İlkadım,Samsun,İlkadım,Orta,294,264,25,28,5,1.78,15,6,4,2,16.1,1,5,1,1,12800.57,10528.84,103,46,Açık,0,0,0.9,89.8,9.52,1.7,3.79,17.6,49.0,43.54
2026-04-28,S010,Erzurum Yakutiye,Erzurum,Yakutiye,Orta,277,250,20,22,7,1.6,14,5,4,1,11.4,1,7,1,1,13439.06,11185.59,95,48,Açık,0,0,0.79,90.25,7.94,2.53,4.0,17.86,55.4,48.52
2026-04-29,S001,Ankara Çankaya,Ankara,Çankaya,Merkez,430,390,33,33,7,1.75,24,9,10,1,9.6,6,27,2,1,21101.78,16282.13,214,85,Yağmurlu,0,0,1.26,90.7,7.67,1.63,15.38,16.25,47.78,49.07
2026-04-29,S002,Ankara Keçiören,Ankara,Keçiören,Büyük,421,385,28,32,8,1.68,21,8,8,2,18.9,6,9,2,1,22787.2,18446.86,193,66,Açık,0,0,1.24,91.45,7.6,1.9,15.58,18.33,52.62,54.13
2026-04-29,S003,İstanbul Kadıköy,İstanbul,Kadıköy,Merkez,531,502,19,24,10,1.43,28,11,12,2,17.6,6,12,1,1,26726.4,21963.79,218,88,Açık,0,0,1.45,94.54,4.52,1.88,11.95,17.93,48.27,50.33
2026-04-29,S004,İstanbul Üsküdar,İstanbul,Üsküdar,Büyük,472,446,17,27,9,1.57,25,10,10,1,11.0,2,9,2,0,24285.14,19872.37,227,74,Açık,0,0,1.39,94.49,5.72,1.91,4.48,17.84,47.2,51.45
2026-04-29,S005,İzmir Konak,İzmir,Konak,Merkez,414,381,23,26,10,1.5,23,9,9,2,13.0,2,10,2,1,20536.8,16386.32,182,88,Açık,0,0,1.21,92.03,6.28,2.42,5.25,16.57,46.0,49.61
2026-04-29,S006,Bursa Nilüfer,Bursa,Nilüfer,Büyük,379,351,22,29,6,1.45,19,7,7,1,14.6,3,10,2,0,17804.59,13022.84,177,95,Açık,0,0,1.09,92.61,7.65,1.58,8.55,18.47,54.14,46.98
2026-04-29,S007,Antalya Muratpaşa,Antalya,Muratpaşa,Büyük,417,385,25,27,7,1.48,20,8,7,2,20.2,5,10,2,2,19363.08,15299.24,198,75,Açık,0,0,1.22,92.33,6.47,1.68,12.99,19.25,52.12,46.43
2026-04-29,S008,Konya Selçuklu,Konya,Selçuklu,Orta,293,272,15,19,6,1.48,16,6,5,1,10.4,2,10,1,1,15335.49,12236.34,115,55,Açık,0,0,1.0,92.83,6.48,2.05,7.35,17.0,48.83,52.34
2026-04-29,S009,Samsun İlkadım,Samsun,İlkadım,Orta,339,292,40,45,7,1.99,15,6,4,1,15.6,7,20,1,0,14060.51,11153.67,164,60,Yağmurlu,0,0,0.98,86.14,13.27,2.06,23.97,19.47,56.5,41.48
2026-04-29,S010,Erzurum Yakutiye,Erzurum,Yakutiye,Orta,193,179,10,13,4,1.39,14,5,4,1,4.0,2,5,1,1,8109.86,6631.82,82,34,Açık,0,0,0.64,92.75,6.74,2.07,11.17,12.79,38.6,42.02
2026-04-30,S001,Ankara Çankaya,Ankara,Çankaya,Merkez,444,400,37,39,7,1.49,24,9,10,2,15.5,7,15,1,1,22241.42,17265.15,213,99,Bulutlu,0,0,1.3,90.09,8.78,1.58,17.5,16.67,49.33,50.09
2026-04-30,S002,Ankara Keçiören,Ankara,Keçiören,Büyük,374,333,37,43,4,1.86,21,8,8,2,12.9,7,21,2,1,18678.08,15441.19,175,55,Yağmurlu,0,0,1.11,89.04,11.5,1.07,21.02,15.86,46.75,49.94
2026-04-30,S003,İstanbul Kadıköy,İstanbul,Kadıköy,Merkez,417,395,15,17,7,1.3,28,11,12,2,3.1,3,14,1,1,20613.01,16205.82,220,69,Açık,0,0,1.31,94.72,4.08,1.68,7.59,14.11,37.91,49.43
2026-04-30,S004,İstanbul Üsküdar,İstanbul,Üsküdar,Büyük,474,435,32,38,7,1.53,25,10,10,3,22.3,5,7,2,2,23605.11,18806.94,225,108,Açık,0,0,1.38,91.77,8.02,1.48,11.49,17.4,47.4,49.8
2026-04-30,S005,İzmir Konak,İzmir,Konak,Merkez,425,387,33,42,5,1.33,23,9,9,3,22.3,5,11,2,2,19559.72,15393.16,170,53,Açık,0,0,1.25,91.06,9.88,1.18,12.92,16.83,47.22,46.02
2026-04-30,S006,Bursa Nilüfer,Bursa,Nilüfer,Büyük,352,312,31,38,9,1.76,19,7,7,3,25.1,4,12,1,1,16070.1,13200.31,137,66,Açık,0,0,1.09,88.64,10.8,2.56,12.82,16.42,50.29,45.65
2026-04-30,S007,Antalya Muratpaşa,Antalya,Muratpaşa,Büyük,382,363,13,17,6,1.26,20,8,7,0,4.9,3,8,2,1,17011.42,13375.36,185,57,Açık,0,0,1.1,95.03,4.45,1.57,8.26,18.15,47.75,44.53
2026-04-30,S008,Konya Selçuklu,Konya,Selçuklu,Orta,301,266,29,30,6,1.74,16,6,5,2,17.2,4,10,1,1,14409.72,11107.96,159,75,Açık,0,0,0.92,88.37,9.97,1.99,15.04,16.62,50.17,47.87
2026-04-30,S009,Samsun İlkadım,Samsun,İlkadım,Orta,308,285,18,21,5,1.54,15,6,4,1,12.8,2,7,1,1,15744.34,13414.75,131,40,Açık,0,0,0.83,92.53,6.82,1.62,7.02,19.0,51.33,51.12
2026-04-30,S010,Erzurum Yakutiye,Erzurum,Yakutiye,Orta,302,259,38,41,5,2.19,14,5,4,1,15.9,7,21,1,1,13340.59,10990.85,106,50,Yağmurlu,0,0,0.88,85.76,13.58,1.66,27.03,18.5,60.4,44.17
2026-05-01,S001,Ankara Çankaya,Ankara,Çankaya,Merkez,166,152,11,12,3,1.65,24,9,10,1,0.0,1,9,1,0,9313.22,6990.01,91,32,Yağmurlu,1,0,0.55,91.57,7.23,1.81,6.58,6.33,18.44,56.1
2026-05-01,S002,Ankara Keçiören,Ankara,Keçiören,Büyük,155,147,6,8,2,1.35,21,8,8,0,0.0,1,3,1,0,7154.49,5510.18,83,28,Açık,1,0,0.55,94.84,5.16,1.29,6.8,7.0,19.38,46.16
2026-05-01,S003,İstanbul Kadıköy,İstanbul,Kadıköy,Merkez,179,172,6,8,1,1.22,28,11,12,2,0.0,0,5,1,0,7646.45,6315.44,69,31,Açık,1,0,0.55,96.09,4.47,0.56,0.0,6.14,16.27,42.72
2026-05-01,S004,İstanbul Üsküdar,İstanbul,Üsküdar,Büyük,149,138,10,9,1,1.71,25,10,10,3,0.0,3,10,1,1,6450.9,5203.95,50,17,Yağmurlu,1,0,0.55,92.62,6.04,0.67,21.74,5.52,14.9,43.29
2026-05-01,S005,İzmir Konak,İzmir,Konak,Merkez,176,168,5,8,3,1.36,23,9,9,2,0.0,0,6,1,0,8844.74,7154.26,67,25,Bulutlu,1,0,0.55,95.45,4.55,1.7,0.0,7.3,19.56,50.25
2026-05-01,S006,Bursa Nilüfer,Bursa,Nilüfer,Büyük,177,169,5,7,3,1.54,19,7,7,2,0.0,3,4,1,0,8772.54,6648.69,79,40,Açık,1,0,0.55,95.48,3.95,1.69,17.75,8.89,25.29,49.56
2026-05-01,S007,Antalya Muratpaşa,Antalya,Muratpaşa,Büyük,197,185,8,9,4,1.43,20,8,7,3,0.0,1,5,0,0,9522.71,8144.11,72,34,Açık,1,0,0.55,93.91,4.57,2.03,5.41,9.25,24.62,48.34
2026-05-01,S008,Konya Selçuklu,Konya,Selçuklu,Orta,199,189,7,8,3,1.48,16,6,5,1,2.3,0,6,1,0,9744.67,8100.12,78,27,Açık,1,0,0.55,94.97,4.02,1.51,0.0,11.81,33.17,48.97
2026-05-01,S009,Samsun İlkadım,Samsun,İlkadım,Orta,178,170,4,6,4,1.23,15,6,4,1,0.0,1,4,1,0,9019.98,7326.54,65,33,Açık,1,0,0.55,95.51,3.37,2.25,5.88,11.33,29.67,50.67
2026-05-01,S010,Erzurum Yakutiye,Erzurum,Yakutiye,Orta,138,130,6,7,2,1.29,14,5,4,2,3.8,2,3,0,0,6516.65,5052.63,75,34,Bulutlu,1,0,0.55,94.2,5.07,1.45,15.38,9.29,27.6,47.22
2026-05-02,S001,Ankara Çankaya,Ankara,Çankaya,Merkez,221,210,7,9,4,1.25,24,9,10,3,0.0,0,6,1,1,10238.64,7701.97,107,34,Açık,0,0,1.18,95.02,4.07,1.81,0.0,8.75,24.56,46.33
2026-05-02,S002,Ankara Keçiören,Ankara,Keçiören,Büyük,193,187,2,4,4,1.3,21,8,8,2,0.0,0,5,1,0,9740.62,7702.24,78,28,Açık,0,0,1.12,96.89,2.07,2.07,0.0,8.9,24.12,50.47
2026-05-02,S003,İstanbul Kadıköy,İstanbul,Kadıköy,Merkez,263,238,21,21,4,1.62,28,11,12,1,0.0,3,13,1,1,13199.78,10435.88,114,39,Yağmurlu,0,0,1.53,90.49,7.98,1.52,12.61,8.5,23.91,50.19
2026-05-02,S004,İstanbul Üsküdar,İstanbul,Üsküdar,Büyük,208,199,5,5,4,1.28,25,10,10,2,0.0,1,4,1,0,8749.12,7326.97,68,36,Açık,0,0,1.45,95.67,2.4,1.92,5.03,7.96,20.8,42.06
2026-05-02,S005,İzmir Konak,İzmir,Konak,Merkez,206,193,9,10,4,1.24,23,9,9,2,0.0,1,8,1,0,9963.66,8131.84,88,34,Bulutlu,0,0,1.27,93.69,4.85,1.94,5.18,8.39,22.89,48.37
2026-05-02,S006,Bursa Nilüfer,Bursa,Nilüfer,Büyük,173,161,8,10,4,1.29,19,7,7,1,0.0,0,4,1,0,8525.93,6798.67,71,34,Açık,0,0,1.08,93.06,5.78,2.31,0.0,8.47,24.71,49.28
2026-05-02,S007,Antalya Muratpaşa,Antalya,Muratpaşa,Büyük,135,128,5,6,2,1.46,20,8,7,0,0.0,1,4,0,0,6794.28,5588.38,62,24,Açık,0,0,1.06,94.81,4.44,1.48,7.81,6.4,16.88,50.33
2026-05-02,S008,Konya Selçuklu,Konya,Selçuklu,Orta,125,117,5,6,3,1.31,16,6,5,0,0.0,3,3,1,0,6770.49,5546.27,54,26,Açık,0,0,0.99,93.6,4.8,2.4,25.64,7.31,20.83,54.16
2026-05-02,S009,Samsun İlkadım,Samsun,İlkadım,Orta,128,120,6,7,2,1.36,15,6,4,1,0.0,2,4,1,0,5889.96,4876.81,53,28,Açık,0,0,0.92,93.75,5.47,1.56,16.67,8.0,21.33,46.02
2026-05-02,S010,Erzurum Yakutiye,Erzurum,Yakutiye,Orta,171,161,6,6,4,1.48,14,5,4,0,0.0,1,4,1,0,9256.34,7522.79,79,36,Açık,0,0,0.89,94.15,3.51,2.34,6.21,11.5,34.2,54.13
2026-05-03,S001,Ankara Çankaya,Ankara,Çankaya,Merkez,194,178,14,16,2,1.54,24,9,10,4,0.0,2,13,1,0,9042.03,6866.77,96,50,Yağmurlu,0,0,1.2,91.75,8.25,1.03,11.24,7.42,21.56,46.61
2026-05-03,S002,Ankara Keçiören,Ankara,Keçiören,Büyük,190,178,8,8,4,1.43,21,8,8,2,0.0,1,4,1,1,8694.42,6750.53,83,43,Açık,0,0,1.24,93.68,4.21,2.11,5.62,8.48,23.75,45.76
2026-05-03,S003,İstanbul Kadıköy,İstanbul,Kadıköy,Merkez,261,239,18,20,4,1.77,28,11,12,1,0.0,4,14,0,1,12048.86,9612.02,100,54,Yağmurlu,0,0,1.54,91.57,7.66,1.53,16.74,8.54,23.73,46.16
2026-05-03,S004,İstanbul Üsküdar,İstanbul,Üsküdar,Büyük,191,171,15,20,5,1.93,25,10,10,2,0.0,3,13,1,0,8504.66,6221.84,89,34,Yağmurlu,0,0,1.37,89.53,10.47,2.62,17.54,6.84,19.1,44.53
2026-05-03,S005,İzmir Konak,İzmir,Konak,Merkez,203,192,8,12,3,1.53,23,9,9,1,0.0,3,4,1,0,10359.7,8368.96,102,49,Açık,0,0,1.2,94.58,5.91,1.48,15.62,8.35,22.56,51.03
2026-05-03,S006,Bursa Nilüfer,Bursa,Nilüfer,Büyük,197,185,8,11,4,1.41,19,7,7,0,0.0,1,5,1,0,8490.6,6715.4,82,26,Bulutlu,0,0,1.14,93.91,5.58,2.03,5.41,9.74,28.14,43.1
2026-05-03,S007,Antalya Muratpaşa,Antalya,Muratpaşa,Büyük,178,161,12,13,5,1.66,20,8,7,0,0.0,2,11,0,1,7839.62,5922.84,89,34,Yağmurlu,0,0,1.11,90.45,7.3,2.81,12.42,8.05,22.25,44.04
2026-05-03,S008,Konya Selçuklu,Konya,Selçuklu,Orta,185,176,6,10,3,1.25,16,6,5,0,0.0,3,7,1,0,9062.82,7195.94,90,40,Açık,0,0,0.99,95.14,5.41,1.62,17.05,11.0,30.83,48.99
2026-05-03,S009,Samsun İlkadım,Samsun,İlkadım,Orta,121,113,6,7,2,1.38,15,6,4,1,0.0,2,3,1,0,6870.5,5179.23,64,27,Açık,0,0,0.96,93.39,5.79,1.65,17.7,7.53,20.17,56.78
2026-05-03,S010,Erzurum Yakutiye,Erzurum,Yakutiye,Orta,130,122,6,8,2,1.47,14,5,4,2,1.7,0,2,0,0,6935.79,5700.11,56,28,Açık,0,0,0.86,93.85,6.15,1.54,0.0,8.71,26.0,53.35
2026-05-04,S001,Ankara Çankaya,Ankara,Çankaya,Merkez,533,475,47,51,11,1.81,24,9,10,2,24.9,6,11,1,1,26019.13,21383.7,191,101,Açık,0,0,1.29,89.12,9.57,2.06,12.63,19.79,59.22,48.82
2026-05-04,S002,Ankara Keçiören,Ankara,Keçiören,Büyük,439,400,34,34,5,1.78,21,8,8,2,19.9,5,15,2,1,19810.86,15339.92,190,84,Açık,0,0,1.16,91.12,7.74,1.14,12.5,19.05,54.88,45.13
2026-05-04,S003,İstanbul Kadıköy,İstanbul,Kadıköy,Merkez,709,648,50,58,11,1.62,28,11,12,0,20.1,9,16,3,1,37137.87,30088.47,291,156,Açık,0,0,1.67,91.4,8.18,1.55,13.89,23.14,64.45,52.38
2026-05-04,S004,İstanbul Üsküdar,İstanbul,Üsküdar,Büyük,553,515,28,32,10,1.58,25,10,10,1,16.9,4,18,3,1,23698.43,19729.24,185,71,Açık,0,0,1.4,93.13,5.79,1.81,7.77,20.6,55.3,42.85
2026-05-04,S005,İzmir Konak,İzmir,Konak,Merkez,504,465,31,38,8,1.41,23,9,9,1,15.3,4,11,1,1,24670.77,19287.24,251,122,Bulutlu,0,0,1.29,92.26,7.54,1.59,8.6,20.22,56.0,48.95
2026-05-04,S006,Bursa Nilüfer,Bursa,Nilüfer,Büyük,435,381,50,56,4,1.74,19,7,7,2,25.5,6,7,1,1,18906.68,14346.42,192,71,Açık,0,0,1.15,87.59,12.87,0.92,15.75,20.05,62.14,43.46
2026-05-04,S007,Antalya Muratpaşa,Antalya,Muratpaşa,Büyük,474,426,39,44,9,1.61,20,8,7,1,16.6,4,12,2,0,22659.62,16907.92,248,119,Açık,0,0,1.19,89.87,9.28,1.9,9.39,21.3,59.25,47.81
2026-05-04,S008,Konya Selçuklu,Konya,Selçuklu,Orta,355,290,58,64,7,2.38,16,6,5,3,40.2,10,13,1,1,15914.98,13179.87,132,49,Bulutlu,0,0,0.92,81.69,18.03,1.97,34.48,18.12,59.17,44.83
2026-05-04,S009,Samsun İlkadım,Samsun,İlkadım,Orta,254,235,14,16,5,1.4,15,6,4,2,12.0,2,6,2,1,13969.76,10944.51,135,64,Açık,0,0,0.66,92.52,6.3,1.97,8.51,15.67,42.33,55.0
2026-05-04,S010,Erzurum Yakutiye,Erzurum,Yakutiye,Orta,352,285,61,67,6,2.17,14,5,4,2,33.6,10,12,1,1,13569.57,10621.07,144,46,Açık,0,0,0.83,80.97,19.03,1.7,35.09,20.36,70.4,38.55
2026-05-05,S001,Ankara Çankaya,Ankara,Çankaya,Merkez,505,464,30,30,11,1.52,24,9,10,1,15.1,5,12,2,1,22647.77,18093.17,199,61,Açık,0,0,1.44,91.88,5.94,2.18,10.78,19.33,56.11,44.85
2026-05-05,S002,Ankara Keçiören,Ankara,Keçiören,Büyük,411,374,25,31,12,1.49,21,8,8,1,11.6,5,12,0,2,18583.65,14787.73,153,75,Açık,0,0,1.16,91.0,7.54,2.92,13.37,17.81,51.38,45.22
2026-05-05,S003,İstanbul Kadıköy,İstanbul,Kadıköy,Merkez,508,469,28,33,11,1.41,28,11,12,1,10.1,5,17,1,1,22362.72,17661.2,214,79,Bulutlu,0,0,1.55,92.32,6.5,2.17,10.66,16.75,46.18,44.02
2026-05-05,S004,İstanbul Üsküdar,İstanbul,Üsküdar,Büyük,496,471,18,22,7,1.41,25,10,10,0,6.8,4,14,0,0,25809.81,21270.27,184,87,Açık,0,0,1.47,94.96,4.44,1.41,8.49,18.84,49.6,52.04
2026-05-05,S005,İzmir Konak,İzmir,Konak,Merkez,450,402,41,44,7,1.7,23,9,9,3,24.3,6,9,1,0,20446.99,15171.54,188,93,Açık,0,0,1.29,89.33,9.78,1.56,14.93,17.48,50.0,45.44
2026-05-05,S006,Bursa Nilüfer,Bursa,Nilüfer,Büyük,402,351,44,48,7,1.64,19,7,7,2,23.4,4,11,2,1,19715.75,16801.27,131,59,Bulutlu,0,0,1.2,87.31,11.94,1.74,11.4,18.47,57.43,49.04
2026-05-05,S007,Antalya Muratpaşa,Antalya,Muratpaşa,Büyük,399,381,14,22,4,1.28,20,8,7,0,6.6,3,16,1,1,19878.58,16674.85,159,67,Açık,0,0,1.1,95.49,5.51,1.0,7.87,19.05,49.88,49.82
2026-05-05,S008,Konya Selçuklu,Konya,Selçuklu,Orta,279,222,53,56,4,2.63,16,6,5,4,47.6,6,9,1,0,12184.3,9761.4,90,44,Açık,0,0,0.79,79.57,20.07,1.43,27.03,13.88,46.5,43.67
2026-05-05,S009,Samsun İlkadım,Samsun,İlkadım,Orta,302,284,9,12,9,1.43,15,6,4,0,5.1,3,9,2,0,12910.52,10529.34,111,44,Açık,0,0,0.87,94.04,3.97,2.98,10.56,18.93,50.33,42.75
2026-05-05,S010,Erzurum Yakutiye,Erzurum,Yakutiye,Orta,293,252,35,36,6,2.07,14,5,4,1,14.0,5,16,1,1,13942.13,11016.99,149,50,Yağmurlu,0,0,0.92,86.01,12.29,2.05,19.84,18.0,58.6,47.58
2026-05-06,S001,Ankara Çankaya,Ankara,Çankaya,Merkez,425,399,18,19,8,1.43,24,9,10,0,4.9,3,13,1,1,19387.7,16486.18,143,59,Açık,0,0,1.36,93.88,4.47,1.88,7.52,16.62,47.22,45.62
2026-05-06,S002,Ankara Keçiören,Ankara,Keçiören,Büyük,379,351,20,24,8,1.66,21,8,8,1,9.3,1,13,1,1,18951.58,15174.33,205,102,Bulutlu,0,0,1.18,92.61,6.33,2.11,2.85,16.71,47.38,50.0
2026-05-06,S003,İstanbul Kadıköy,İstanbul,Kadıköy,Merkez,525,473,44,45,8,1.83,28,11,12,2,16.0,6,26,3,1,21903.66,18022.03,218,73,Yağmurlu,0,0,1.5,90.1,8.57,1.52,12.68,16.89,47.73,41.72
2026-05-06,S004,İstanbul Üsküdar,İstanbul,Üsküdar,Büyük,463,427,32,34,4,1.95,25,10,10,0,6.2,5,28,2,1,19543.58,16493.75,150,48,Yağmurlu,0,0,1.28,92.22,7.34,0.86,11.71,17.08,46.3,42.21
2026-05-06,S005,İzmir Konak,İzmir,Konak,Merkez,513,481,26,32,6,1.64,23,9,9,1,15.1,2,6,2,2,21419.42,17387.34,167,65,Açık,0,0,1.38,93.76,6.24,1.17,4.16,20.91,57.0,41.75
2026-05-06,S006,Bursa Nilüfer,Bursa,Nilüfer,Büyük,360,333,21,25,6,1.47,19,7,7,1,14.3,4,10,2,1,15438.72,12405.91,165,52,Bulutlu,0,0,1.09,92.5,6.94,1.67,12.01,17.53,51.43,42.89
2026-05-06,S007,Antalya Muratpaşa,Antalya,Muratpaşa,Büyük,398,355,33,38,10,1.89,20,8,7,2,17.8,7,22,1,1,19558.42,14752.79,214,87,Yağmurlu,0,0,1.2,89.2,9.55,2.51,19.72,17.75,49.75,49.14
2026-05-06,S008,Konya Selçuklu,Konya,Selçuklu,Orta,398,352,35,36,11,1.74,16,6,5,1,17.8,6,11,1,1,16928.95,13448.84,184,81,Açık,0,0,1.03,88.44,9.05,2.76,17.05,22.0,66.33,42.54
2026-05-06,S009,Samsun İlkadım,Samsun,İlkadım,Orta,303,261,37,45,5,2.09,15,6,4,2,18.1,6,18,1,2,13046.36,10170.6,118,52,Yağmurlu,0,0,0.84,86.14,14.85,1.65,22.99,17.4,50.5,43.06
2026-05-06,S010,Erzurum Yakutiye,Erzurum,Yakutiye,Orta,318,224,89,76,5,4.5,14,5,4,4,110.8,9,10,2,1,14378.36,10501.58,157,75,Bulutlu,0,0,0.88,70.44,23.9,1.57,40.18,16.0,63.6,45.21
2026-05-07,S001,Ankara Çankaya,Ankara,Çankaya,Merkez,429,398,24,28,7,1.37,24,9,10,1,7.5,5,14,2,2,21146.86,16694.35,220,93,Bulutlu,0,0,1.27,92.77,6.53,1.63,12.56,16.58,47.67,49.29
2026-05-07,S002,Ankara Keçiören,Ankara,Keçiören,Büyük,453,409,37,41,7,1.63,21,8,8,2,20.9,5,10,2,1,22600.11,19622.22,147,62,Açık,0,0,1.25,90.29,9.05,1.55,12.22,19.48,56.62,49.89
2026-05-07,S003,İstanbul Kadıköy,İstanbul,Kadıköy,Merkez,541,490,39,41,12,1.54,28,11,12,3,25.5,4,12,2,0,24694.6,19325.67,219,67,Açık,0,0,1.57,90.57,7.58,2.22,8.16,17.5,49.18,45.65
2026-05-07,S004,İstanbul Üsküdar,İstanbul,Üsküdar,Büyük,520,433,75,76,12,1.71,25,10,10,5,51.8,9,12,2,1,21338.17,16042.73,235,125,Bulutlu,0,0,1.53,83.27,14.62,2.31,20.79,17.32,52.0,41.03
2026-05-07,S005,İzmir Konak,İzmir,Konak,Merkez,440,409,24,27,7,1.38,23,9,9,2,17.6,5,8,4,2,20048.91,15317.12,186,66,Açık,0,0,1.22,92.95,6.14,1.59,12.22,17.78,48.89,45.57
2026-05-07,S006,Bursa Nilüfer,Bursa,Nilüfer,Büyük,378,333,42,44,3,2.01,19,7,7,3,32.3,5,12,1,1,19075.3,14651.65,170,84,Açık,0,0,1.15,88.1,11.64,0.79,15.02,17.53,54.0,50.46
2026-05-07,S007,Antalya Muratpaşa,Antalya,Muratpaşa,Büyük,390,357,29,33,4,1.39,20,8,7,2,14.6,2,9,1,1,20533.18,16238.94,175,70,Açık,0,0,1.14,91.54,8.46,1.03,5.6,17.85,48.75,52.65
2026-05-07,S008,Konya Selçuklu,Konya,Selçuklu,Orta,240,219,17,18,4,1.52,16,6,5,2,8.9,4,7,1,1,10685.49,7886.84,120,66,Bulutlu,0,0,0.79,91.25,7.5,1.67,18.26,13.69,40.0,44.52
2026-05-07,S009,Samsun İlkadım,Samsun,İlkadım,Orta,266,246,13,16,7,1.69,15,6,4,1,5.2,1,7,1,1,11915.18,9441.29,130,47,Açık,0,0,0.84,92.48,6.02,2.63,4.07,16.4,44.33,44.79
2026-05-07,S010,Erzurum Yakutiye,Erzurum,Yakutiye,Orta,283,255,26,27,2,1.64,14,5,4,1,14.0,5,7,2,1,13443.68,10372.35,124,39,Açık,0,0,0.86,90.11,9.54,0.71,19.61,18.21,56.6,47.5
2026-05-08,S001,Ankara Çankaya,Ankara,Çankaya,Merkez,476,437,29,37,10,1.23,24,9,10,1,13.1,5,15,1,1,24051.4,18128.58,258,136,Açık,0,0,1.39,91.81,7.77,2.1,11.44,18.21,52.89,50.53
2026-05-08,S002,Ankara Keçiören,Ankara,Keçiören,Büyük,391,367,18,20,6,1.67,21,8,8,2,16.2,4,9,2,1,20134.67,15436.09,184,77,Açık,0,0,1.21,93.86,5.12,1.53,10.9,17.48,48.88,51.5
2026-05-08,S003,İstanbul Kadıköy,İstanbul,Kadıköy,Merkez,471,445,14,16,12,1.44,28,11,12,1,6.8,0,12,2,1,26139.85,19684.55,245,88,Bulutlu,0,0,1.42,94.48,3.4,2.55,0.0,15.89,42.82,55.5
2026-05-08,S004,İstanbul Üsküdar,İstanbul,Üsküdar,Büyük,463,431,23,30,9,1.34,25,10,10,0,4.3,7,13,3,1,22494.54,17640.74,241,74,Açık,0,0,1.36,93.09,6.48,1.94,16.24,17.24,46.3,48.58
2026-05-08,S005,İzmir Konak,İzmir,Konak,Merkez,457,422,28,31,7,1.75,23,9,9,2,19.5,4,7,1,1,22849.31,17901.17,211,65,Açık,0,0,1.28,92.34,6.78,1.53,9.48,18.35,50.78,50.0
2026-05-08,S006,Bursa Nilüfer,Bursa,Nilüfer,Büyük,380,345,27,31,8,1.34,19,7,7,1,14.9,2,8,2,1,16458.32,13262.09,170,63,Açık,0,0,1.09,90.79,8.16,2.11,5.8,18.16,54.29,43.31
2026-05-08,S007,Antalya Muratpaşa,Antalya,Muratpaşa,Büyük,385,343,34,44,8,1.72,20,8,7,3,23.2,4,8,2,1,16942.18,13745.41,170,89,Açık,0,0,1.13,89.09,11.43,2.08,11.66,17.15,48.12,44.01
2026-05-08,S008,Konya Selçuklu,Konya,Selçuklu,Orta,274,250,19,25,5,1.37,16,6,5,2,12.7,5,6,1,1,12465.32,9896.68,110,34,Bulutlu,0,0,0.76,91.24,9.12,1.82,20.0,15.62,45.67,45.49
2026-05-08,S009,Samsun İlkadım,Samsun,İlkadım,Orta,316,260,50,52,6,2.12,15,6,4,3,29.6,5,8,2,1,14056.79,10787.06,173,86,Açık,0,0,0.82,82.28,16.46,1.9,19.23,17.33,52.67,44.48
2026-05-08,S010,Erzurum Yakutiye,Erzurum,Yakutiye,Orta,275,238,30,31,7,2.1,14,5,4,2,22.4,2,7,1,1,13196.84,10010.96,135,43,Açık,0,0,0.84,86.55,11.27,2.55,8.4,17.0,55.0,47.99
2026-05-09,S001,Ankara Çankaya,Ankara,Çankaya,Merkez,229,206,18,18,5,1.82,24,9,10,0,0.0,6,15,1,1,10504.42,8394.25,117,40,Yağmurlu,0,0,1.47,89.96,7.86,2.18,29.13,8.58,25.44,45.87
2026-05-09,S002,Ankara Keçiören,Ankara,Keçiören,Büyük,224,210,7,10,7,1.01,21,8,8,1,0.0,3,7,1,1,10769.86,9297.82,72,39,Açık,0,0,1.24,93.75,4.46,3.12,14.29,10.0,28.0,48.08
2026-05-09,S003,İstanbul Kadıköy,İstanbul,Kadıköy,Merkez,269,245,19,25,5,1.86,28,11,12,1,0.0,2,17,1,1,14004.12,11596.06,95,47,Yağmurlu,0,0,1.51,91.08,9.29,1.86,8.16,8.75,24.45,52.06
2026-05-09,S004,İstanbul Üsküdar,İstanbul,Üsküdar,Büyük,186,178,6,10,2,1.27,25,10,10,0,0.0,1,6,1,0,8851.25,7369.99,63,28,Açık,0,0,1.36,95.7,5.38,1.08,5.62,7.12,18.6,47.59
2026-05-09,S005,İzmir Konak,İzmir,Konak,Merkez,229,217,9,11,3,1.31,23,9,9,3,0.0,1,6,1,1,11337.27,9348.3,106,49,Açık,0,0,1.28,94.76,4.8,1.31,4.61,9.43,25.44,49.51
2026-05-09,S006,Bursa Nilüfer,Bursa,Nilüfer,Büyük,209,197,8,9,4,1.29,19,7,7,1,0.0,0,4,1,1,10385.86,8425.36,93,32,Açık,0,0,1.2,94.26,4.31,1.91,0.0,10.37,29.86,49.69
2026-05-09,S007,Antalya Muratpaşa,Antalya,Muratpaşa,Büyük,187,176,8,13,3,1.38,20,8,7,3,0.0,1,5,0,1,9443.6,7661.64,75,38,Açık,0,0,1.2,94.12,6.95,1.6,5.68,8.8,23.38,50.5
2026-05-09,S008,Konya Selçuklu,Konya,Selçuklu,Orta,147,138,6,8,3,1.46,16,6,5,3,5.5,1,3,1,0,7002.97,5718.92,65,27,Açık,0,0,0.98,93.88,5.44,2.04,7.25,8.62,24.5,47.64
2026-05-09,S009,Samsun İlkadım,Samsun,İlkadım,Orta,124,120,2,3,2,1.28,15,6,4,2,0.0,1,4,1,0,6152.01,4956.73,62,20,Açık,0,0,0.92,96.77,2.42,1.61,8.33,8.0,20.67,49.61
2026-05-09,S010,Erzurum Yakutiye,Erzurum,Yakutiye,Orta,92,85,5,6,2,1.27,14,5,4,2,0.0,1,2,0,0,4434.75,3415.13,49,22,Açık,0,0,0.7,92.39,6.52,2.17,11.76,6.07,18.4,48.2
2026-05-10,S001,Ankara Çankaya,Ankara,Çankaya,Merkez,235,222,9,11,4,1.62,24,9,10,0,0.0,1,6,1,1,10870.95,8361.7,120,46,Açık,0,0,1.19,94.47,4.68,1.7,4.5,9.25,26.11,46.26
2026-05-10,S002,Ankara Keçiören,Ankara,Keçiören,Büyük,196,186,7,9,3,1.27,21,8,8,1,0.0,1,6,1,1,9415.22,8061.44,63,28,Açık,0,0,1.17,94.9,4.59,1.53,5.38,8.86,24.5,48.04
2026-05-10,S003,İstanbul Kadıköy,İstanbul,Kadıköy,Merkez,224,210,10,11,4,1.22,28,11,12,2,0.0,2,8,1,0,12110.83,9831.79,94,49,Açık,0,0,1.35,93.75,4.91,1.79,9.52,7.5,20.36,54.07
2026-05-10,S004,İstanbul Üsküdar,İstanbul,Üsküdar,Büyük,242,215,22,24,5,1.53,25,10,10,1,0.0,6,14,1,1,10697.43,8113.06,106,33,Yağmurlu,0,0,1.44,88.84,9.92,2.07,27.91,8.6,24.2,44.2
2026-05-10,S005,İzmir Konak,İzmir,Konak,Merkez,224,211,9,10,4,1.17,23,9,9,1,0.0,2,6,1,1,10215.21,8182.69,100,36,Açık,0,0,1.31,94.2,4.46,1.79,9.48,9.17,24.89,45.6
2026-05-10,S006,Bursa Nilüfer,Bursa,Nilüfer,Büyük,170,156,12,14,2,1.61,19,7,7,1,0.0,2,10,1,0,7756.21,6392.4,71,29,Yağmurlu,0,0,1.19,91.76,8.24,1.18,12.82,8.21,24.29,45.62
2026-05-10,S007,Antalya Muratpaşa,Antalya,Muratpaşa,Büyük,224,215,5,7,4,1.36,20,8,7,3,4.8,2,6,0,1,9990.49,8068.21,73,40,Açık,0,0,1.18,95.98,3.12,1.79,9.3,10.75,28.0,44.6
2026-05-10,S008,Konya Selçuklu,Konya,Selçuklu,Orta,166,156,7,8,3,1.43,16,6,5,2,1.4,2,4,0,0,8755.56,6909.25,70,36,Açık,0,0,0.84,93.98,4.82,1.81,12.82,9.75,27.67,52.74
2026-05-10,S009,Samsun İlkadım,Samsun,İlkadım,Orta,142,133,6,8,3,1.31,15,6,4,3,3.4,4,4,1,0,7024.31,5994.05,50,23,Açık,0,0,0.92,93.66,5.63,2.11,30.08,8.87,23.67,49.47
2026-05-10,S010,Erzurum Yakutiye,Erzurum,Yakutiye,Orta,98,92,4,5,2,1.24,14,5,4,3,5.1,0,2,1,0,5332.0,4121.73,52,29,Açık,0,0,0.8,93.88,5.1,2.04,0.0,6.57,19.6,54.41
2026-05-11,S001,Ankara Çankaya,Ankara,Çankaya,Merkez,582,496,78,84,8,2.33,24,9,10,2,31.0,12,36,2,2,26292.9,20423.38,255,123,Yağmurlu,0,0,1.46,85.22,14.43,1.37,24.19,20.67,64.67,45.18
2026-05-11,S002,Ankara Keçiören,Ankara,Keçiören,Büyük,432,381,44,47,7,2.16,21,8,8,2,19.2,7,26,2,2,21250.49,16192.15,222,98,Yağmurlu,0,0,1.12,88.19,10.88,1.62,18.37,18.14,54.0,49.19
2026-05-11,S003,İstanbul Kadıköy,İstanbul,Kadıköy,Merkez,550,500,38,43,12,1.57,28,11,12,2,17.5,5,15,1,2,25050.6,19584.56,281,98,Açık,0,0,1.4,90.91,7.82,2.18,10.0,17.86,50.0,45.55
2026-05-11,S004,İstanbul Üsküdar,İstanbul,Üsküdar,Büyük,575,514,48,56,13,1.44,25,10,10,1,18.5,10,22,3,2,28525.01,22837.49,309,100,Bulutlu,0,0,1.5,89.39,9.74,2.26,19.46,20.56,57.5,49.61
2026-05-11,S005,İzmir Konak,İzmir,Konak,Merkez,571,514,45,51,12,1.54,23,9,9,1,22.2,4,12,1,2,30219.56,24276.6,287,130,Bulutlu,0,0,1.3,90.02,8.93,2.1,7.78,22.35,63.44,52.92
2026-05-11,S006,Bursa Nilüfer,Bursa,Nilüfer,Büyük,445,410,25,28,10,1.52,19,7,7,0,15.2,4,12,3,1,20610.63,15756.02,227,73,Açık,0,0,1.15,92.13,6.29,2.25,9.76,21.58,63.57,46.32
2026-05-11,S007,Antalya Muratpaşa,Antalya,Muratpaşa,Büyük,452,395,49,57,8,2.09,20,8,7,2,24.2,9,29,2,2,22264.07,18056.25,163,85,Yağmurlu,0,0,1.06,87.39,12.61,1.77,22.78,19.75,56.5,49.26
2026-05-11,S008,Konya Selçuklu,Konya,Selçuklu,Orta,470,402,58,60,10,1.99,16,6,5,1,25.8,8,11,2,1,23854.11,18426.29,223,102,Açık,0,0,1.1,85.53,12.77,2.13,19.9,25.12,78.33,50.75
2026-05-11,S009,Samsun İlkadım,Samsun,İlkadım,Orta,334,242,85,80,7,2.89,15,6,4,4,61.6,7,11,2,1,12583.33,9814.79,113,57,Bulutlu,0,0,0.9,72.46,23.95,2.1,28.93,16.13,55.67,37.67
2026-05-11,S010,Erzurum Yakutiye,Erzurum,Yakutiye,Orta,327,278,42,47,7,2.03,14,5,4,2,29.8,3,7,2,0,15419.29,13241.9,113,54,Açık,0,0,0.86,85.02,14.37,2.14,10.79,19.86,65.4,47.15
2026-05-12,S001,Ankara Çankaya,Ankara,Çankaya,Merkez,469,378,84,87,7,2.38,24,9,10,4,41.0,12,31,2,1,19250.6,15107.69,174,59,Yağmurlu,0,0,1.41,80.6,18.55,1.49,31.75,15.75,52.11,41.05
2026-05-12,S002,Ankara Keçiören,Ankara,Keçiören,Büyük,419,378,35,35,6,1.64,21,8,8,2,18.7,4,11,2,2,19814.79,13766.7,225,108,Açık,0,0,1.23,90.21,8.35,1.43,10.58,18.0,52.38,47.29
2026-05-12,S003,İstanbul Kadıköy,İstanbul,Kadıköy,Merkez,540,510,19,25,11,1.42,28,11,12,0,6.7,2,17,2,2,25066.81,20570.8,193,75,Açık,0,0,1.55,94.44,4.63,2.04,3.92,18.21,49.09,46.42
2026-05-12,S004,İstanbul Üsküdar,İstanbul,Üsküdar,Büyük,481,427,42,49,12,1.8,25,10,10,1,10.5,10,29,2,2,22510.56,17767.49,233,101,Yağmurlu,0,0,1.45,88.77,10.19,2.49,23.42,17.08,48.1,46.8
2026-05-12,S005,İzmir Konak,İzmir,Konak,Merkez,447,414,21,23,12,1.18,23,9,9,0,7.0,2,13,1,2,20180.42,16836.05,173,55,Bulutlu,0,0,1.36,92.62,5.15,2.68,4.83,18.0,49.67,45.15
2026-05-12,S006,Bursa Nilüfer,Bursa,Nilüfer,Büyük,406,356,43,45,7,1.71,19,7,7,2,24.2,7,16,2,2,16663.04,12884.17,162,83,Bulutlu,0,0,1.16,87.68,11.08,1.72,19.66,18.74,58.0,41.04
2026-05-12,S007,Antalya Muratpaşa,Antalya,Muratpaşa,Büyük,447,405,34,41,8,1.91,20,8,7,2,22.0,5,14,3,1,20793.77,16704.67,154,80,Açık,0,0,1.33,90.6,9.17,1.79,12.35,20.25,55.88,46.52
2026-05-12,S008,Konya Selçuklu,Konya,Selçuklu,Orta,296,274,18,16,4,1.35,16,6,5,1,10.4,2,10,0,1,14384.28,11654.03,114,53,Açık,0,0,0.9,92.57,5.41,1.35,7.3,17.12,49.33,48.6
2026-05-12,S009,Samsun İlkadım,Samsun,İlkadım,Orta,348,276,66,71,6,2.15,15,6,4,3,37.2,8,8,1,1,13502.72,10771.84,151,61,Açık,0,0,1.05,79.31,20.4,1.72,28.99,18.4,58.0,38.8
2026-05-12,S010,Erzurum Yakutiye,Erzurum,Yakutiye,Orta,308,274,28,33,6,1.74,14,5,4,1,16.7,7,7,1,1,15626.41,11893.05,151,65,Bulutlu,0,0,1.0,88.96,10.71,1.95,25.55,19.57,61.6,50.74
2026-05-13,S001,Ankara Çankaya,Ankara,Çankaya,Merkez,472,429,35,37,8,1.57,24,9,10,2,20.8,5,13,1,1,23395.74,18032.52,229,99,Açık,0,0,1.29,90.89,7.84,1.69,11.66,17.88,52.44,49.57
2026-05-13,S002,Ankara Keçiören,Ankara,Keçiören,Büyük,392,355,26,28,11,1.67,21,8,8,2,18.4,3,11,3,1,18943.09,13356.9,204,99,Bulutlu,0,0,1.24,90.56,7.14,2.81,8.45,16.9,49.0,48.32
2026-05-13,S003,İstanbul Kadıköy,İstanbul,Kadıköy,Merkez,554,516,28,31,10,1.58,28,11,12,1,12.6,5,14,1,1,23795.46,19261.25,239,118,Bulutlu,0,0,1.62,93.14,5.6,1.81,9.69,18.43,50.36,42.95
2026-05-13,S004,İstanbul Üsküdar,İstanbul,Üsküdar,Büyük,452,411,36,41,5,1.79,25,10,10,2,13.8,8,26,3,1,23649.55,18665.85,236,96,Yağmurlu,0,0,1.32,90.93,9.07,1.11,19.46,16.44,45.2,52.32
2026-05-13,S005,İzmir Konak,İzmir,Konak,Merkez,398,366,27,35,5,1.46,23,9,9,2,12.9,4,14,2,1,18027.68,14318.21,151,55,Bulutlu,0,0,1.28,91.96,8.79,1.26,10.93,15.91,44.22,45.3
2026-05-13,S006,Bursa Nilüfer,Bursa,Nilüfer,Büyük,409,370,32,36,7,1.45,19,7,7,1,14.9,4,10,3,1,18347.11,14011.7,213,113,Açık,0,0,1.19,90.46,8.8,1.71,10.81,19.47,58.43,44.86
2026-05-13,S007,Antalya Muratpaşa,Antalya,Muratpaşa,Büyük,364,333,22,25,9,1.48,20,8,7,2,11.7,3,15,1,1,18294.34,13692.28,194,82,Bulutlu,0,0,1.2,91.48,6.87,2.47,9.01,16.65,45.5,50.26
2026-05-13,S008,Konya Selçuklu,Konya,Selçuklu,Orta,375,319,52,56,4,1.89,16,6,5,2,26.3,8,13,0,1,16272.9,13821.56,125,45,Bulutlu,0,0,1.1,85.07,14.93,1.07,25.08,19.94,62.5,43.39
2026-05-13,S009,Samsun İlkadım,Samsun,İlkadım,Orta,346,301,43,43,2,1.96,15,6,4,2,24.2,6,9,1,0,15626.07,11014.47,182,89,Açık,0,0,0.93,86.99,12.43,0.58,19.93,20.07,57.67,45.16
2026-05-13,S010,Erzurum Yakutiye,Erzurum,Yakutiye,Orta,286,249,31,30,6,1.89,14,5,4,2,23.6,4,6,1,1,12563.23,9512.59,121,49,Açık,0,0,0.82,87.06,10.49,2.1,16.06,17.79,57.2,43.93
2026-05-14,S001,Ankara Çankaya,Ankara,Çankaya,Merkez,473,419,47,49,7,1.88,24,9,10,3,28.1,6,12,2,1,19978.45,15622.55,176,87,Açık,0,0,1.38,88.58,10.36,1.48,14.32,17.46,52.56,42.24
2026-05-14,S002,Ankara Keçiören,Ankara,Keçiören,Büyük,454,406,40,46,8,1.7,21,8,8,2,22.7,7,14,2,1,18742.11,15018.3,195,63,Açık,0,0,1.28,89.43,10.13,1.76,17.24,19.33,56.75,41.28
2026-05-14,S003,İstanbul Kadıköy,İstanbul,Kadıköy,Merkez,626,548,66,68,12,1.65,28,11,12,2,26.5,11,40,4,1,24616.2,20240.08,229,77,Yağmurlu,0,0,1.73,87.54,10.86,1.92,20.07,19.57,56.91,39.32
2026-05-14,S004,İstanbul Üsküdar,İstanbul,Üsküdar,Büyük,429,395,25,33,9,1.61,25,10,10,3,17.6,6,11,2,2,21390.25,15720.77,217,117,Açık,0,0,1.39,92.07,7.69,2.1,15.19,15.8,42.9,49.86
2026-05-14,S005,İzmir Konak,İzmir,Konak,Merkez,498,449,37,46,12,1.45,23,9,9,2,24.5,7,15,2,0,21223.91,16862.49,221,85,Bulutlu,0,0,1.4,90.16,9.24,2.41,15.59,19.52,55.33,42.62
2026-05-14,S006,Bursa Nilüfer,Bursa,Nilüfer,Büyük,394,353,37,41,4,1.56,19,7,7,2,21.7,8,9,2,1,19449.98,15538.21,146,60,Açık,0,0,1.16,89.59,10.41,1.02,22.66,18.58,56.29,49.37
2026-05-14,S007,Antalya Muratpaşa,Antalya,Muratpaşa,Büyük,392,353,32,35,7,1.33,20,8,7,2,16.0,5,10,2,0,18492.29,13732.22,205,68,Açık,0,0,1.12,90.05,8.93,1.79,14.16,17.65,49.0,47.17
2026-05-14,S008,Konya Selçuklu,Konya,Selçuklu,Orta,355,322,27,29,6,1.58,16,6,5,1,12.6,3,10,1,1,15560.12,12303.09,140,49,Açık,0,0,0.9,90.7,8.17,1.69,9.32,20.12,59.17,43.83
2026-05-14,S009,Samsun İlkadım,Samsun,İlkadım,Orta,378,343,28,32,7,1.57,15,6,4,0,11.3,4,11,2,1,18871.92,15081.55,180,95,Açık,0,0,0.96,90.74,8.47,1.85,11.66,22.87,63.0,49.93
2026-05-14,S010,Erzurum Yakutiye,Erzurum,Yakutiye,Orta,278,242,32,30,4,1.9,14,5,4,2,21.4,5,10,1,1,13493.52,11417.49,102,33,Açık,0,0,0.87,87.05,10.79,1.44,20.66,17.29,55.6,48.54
2026-05-15,S001,Ankara Çankaya,Ankara,Çankaya,Merkez,421,383,31,34,7,1.68,24,9,10,2,12.8,4,17,0,1,20028.53,14780.71,219,112,Açık,0,0,1.31,90.97,8.08,1.66,10.44,15.96,46.78,47.57
2026-05-15,S002,Ankara Keçiören,Ankara,Keçiören,Büyük,442,389,47,52,6,1.7,21,8,8,3,31.3,6,15,1,1,19443.25,15460.34,173,62,Açık,0,0,1.37,88.01,11.76,1.36,15.42,18.52,55.25,43.99
2026-05-15,S003,İstanbul Kadıköy,İstanbul,Kadıköy,Merkez,501,456,31,39,14,1.55,28,11,12,3,20.4,6,17,3,2,22561.65,17088.93,253,81,Açık,0,0,1.5,91.02,7.78,2.79,13.16,16.29,45.55,45.03
2026-05-15,S004,İstanbul Üsküdar,İstanbul,Üsküdar,Büyük,492,460,21,23,11,1.51,25,10,10,2,18.0,5,15,2,2,25661.48,21444.6,245,85,Açık,0,0,1.42,93.5,4.67,2.24,10.87,18.4,49.2,52.16
2026-05-15,S005,İzmir Konak,İzmir,Konak,Merkez,421,389,24,30,8,1.36,23,9,9,2,14.0,4,8,2,1,21903.15,16655.83,213,83,Açık,0,0,1.28,92.4,7.13,1.9,10.28,16.91,46.78,52.03
2026-05-15,S006,Bursa Nilüfer,Bursa,Nilüfer,Büyük,398,356,35,36,7,1.69,19,7,7,0,10.4,7,22,2,1,17043.49,13516.05,162,68,Yağmurlu,0,0,1.14,89.45,9.05,1.76,19.66,18.74,56.86,42.82
2026-05-15,S007,Antalya Muratpaşa,Antalya,Muratpaşa,Büyük,453,414,32,35,7,1.72,20,8,7,2,22.9,2,8,3,1,22692.47,18762.85,156,79,Açık,0,0,1.36,91.39,7.73,1.55,4.83,20.7,56.62,50.09
2026-05-15,S008,Konya Selçuklu,Konya,Selçuklu,Orta,310,274,30,37,6,1.66,16,6,5,0,6.9,5,22,2,0,13595.19,10439.71,165,52,Yağmurlu,0,0,0.93,88.39,11.94,1.94,18.25,17.12,51.67,43.86
2026-05-15,S009,Samsun İlkadım,Samsun,İlkadım,Orta,318,293,19,21,6,1.5,15,6,4,1,12.2,3,9,1,1,16687.42,13549.61,122,55,Açık,0,0,0.89,92.14,6.6,1.89,10.24,19.53,53.0,52.48
2026-05-15,S010,Erzurum Yakutiye,Erzurum,Yakutiye,Orta,257,236,17,18,4,1.38,14,5,4,1,11.3,2,6,1,0,12061.01,9852.14,111,43,Açık,0,0,0.77,91.83,7.0,1.56,8.47,16.86,51.4,46.93
2026-05-16,S001,Ankara Çankaya,Ankara,Çankaya,Merkez,204,181,19,23,4,1.87,24,9,10,1,0.0,5,15,0,1,8770.35,6853.89,75,36,Yağmurlu,0,0,1.22,88.73,11.27,1.96,27.62,7.54,22.67,42.99
2026-05-16,S002,Ankara Keçiören,Ankara,Keçiören,Büyük,246,230,10,14,6,1.56,21,8,8,0,0.0,2,9,2,1,12330.1,10219.05,101,36,Bulutlu,0,0,1.16,93.5,5.69,2.44,8.7,10.95,30.75,50.12
2026-05-16,S003,İstanbul Kadıköy,İstanbul,Kadıköy,Merkez,246,227,15,16,4,1.84,28,11,12,3,0.0,4,16,1,1,11652.72,9747.29,90,28,Yağmurlu,0,0,1.44,92.28,6.5,1.63,17.62,8.11,22.36,47.37
2026-05-16,S004,İstanbul Üsküdar,İstanbul,Üsküdar,Büyük,201,182,15,17,4,1.76,25,10,10,2,0.0,3,11,0,1,9026.23,7508.11,75,32,Yağmurlu,0,0,1.38,90.55,8.46,1.99,16.48,7.28,20.1,44.91
2026-05-16,S005,İzmir Konak,İzmir,Konak,Merkez,246,225,17,20,4,1.47,23,9,9,2,0.0,2,8,0,1,12214.94,10224.76,84,41,Bulutlu,0,0,1.47,91.46,8.13,1.63,8.89,9.78,27.33,49.65
2026-05-16,S006,Bursa Nilüfer,Bursa,Nilüfer,Büyük,200,186,11,11,3,1.72,19,7,7,2,0.0,2,13,1,1,8917.6,7276.85,79,27,Yağmurlu,0,0,1.16,93.0,5.5,1.5,10.75,9.79,28.57,44.59
2026-05-16,S007,Antalya Muratpaşa,Antalya,Muratpaşa,Büyük,207,197,7,12,3,1.44,20,8,7,2,0.0,2,7,1,1,9538.14,7563.01,86,38,Açık,0,0,1.21,95.17,5.8,1.45,10.15,9.85,25.88,46.08
2026-05-16,S008,Konya Selçuklu,Konya,Selçuklu,Orta,194,175,14,16,5,1.66,16,6,5,1,0.0,3,11,1,1,9218.84,6900.98,100,52,Yağmurlu,0,0,0.94,90.21,8.25,2.58,17.14,10.94,32.33,47.52
2026-05-16,S009,Samsun İlkadım,Samsun,İlkadım,Orta,158,151,5,8,2,1.56,15,6,4,2,0.2,1,6,1,0,8683.91,7154.4,67,35,Bulutlu,0,0,0.86,95.57,5.06,1.27,6.62,10.07,26.33,54.96
2026-05-16,S010,Erzurum Yakutiye,Erzurum,Yakutiye,Orta,79,74,3,4,2,1.4,14,5,4,1,0.0,1,2,0,0,4306.94,3339.48,36,19,Açık,0,0,0.82,93.67,5.06,2.53,13.51,5.29,15.8,54.52
2026-05-17,S001,Ankara Çankaya,Ankara,Çankaya,Merkez,241,225,11,13,5,1.79,24,9,10,2,0.0,1,5,1,0,12239.81,9892.6,87,44,Açık,0,0,1.42,93.36,5.39,2.07,4.44,9.38,26.78,50.79
2026-05-17,S002,Ankara Keçiören,Ankara,Keçiören,Büyük,188,173,13,15,2,1.79,21,8,8,2,0.0,1,10,1,1,8603.62,7322.17,72,24,Yağmurlu,0,0,1.24,92.02,7.98,1.06,5.78,8.24,23.5,45.76
2026-05-17,S003,İstanbul Kadıköy,İstanbul,Kadıköy,Merkez,292,275,10,12,7,1.24,28,11,12,3,0.0,2,8,1,1,13531.6,10021.58,145,55,Açık,0,0,1.61,94.18,4.11,2.4,7.27,9.82,26.55,46.34
2026-05-17,S004,İstanbul Üsküdar,İstanbul,Üsküdar,Büyük,259,246,8,11,5,1.25,25,10,10,1,0.0,2,7,1,1,13063.55,10554.82,97,51,Açık,0,0,1.44,94.98,4.25,1.93,8.13,9.84,25.9,50.44
2026-05-17,S005,İzmir Konak,İzmir,Konak,Merkez,212,201,7,10,4,1.56,23,9,9,1,0.0,1,9,1,0,11447.15,8847.59,114,42,Bulutlu,0,0,1.34,94.81,4.72,1.89,4.98,8.74,23.56,54.0
2026-05-17,S006,Bursa Nilüfer,Bursa,Nilüfer,Büyük,160,149,7,8,4,1.36,19,7,7,1,0.0,1,4,1,0,7578.6,6560.97,52,23,Açık,0,0,1.15,93.12,5.0,2.5,6.71,7.84,22.86,47.37
2026-05-17,S007,Antalya Muratpaşa,Antalya,Muratpaşa,Büyük,166,159,4,6,3,1.35,20,8,7,1,0.0,0,4,1,0,8510.99,7186.95,56,20,Açık,0,0,1.22,95.78,3.61,1.81,0.0,7.95,20.75,51.27
2026-05-17,S008,Konya Selçuklu,Konya,Selçuklu,Orta,182,172,5,6,5,1.25,16,6,5,1,0.0,0,5,1,1,7929.55,6410.0,61,29,Açık,0,0,1.08,94.51,3.3,2.75,0.0,10.75,30.33,43.57
2026-05-17,S009,Samsun İlkadım,Samsun,İlkadım,Orta,115,104,9,10,2,1.62,15,6,4,3,0.1,0,7,0,0,5064.63,4162.17,48,18,Yağmurlu,0,0,0.85,90.43,8.7,1.74,0.0,6.93,19.17,44.04
2026-05-17,S010,Erzurum Yakutiye,Erzurum,Yakutiye,Orta,169,158,8,9,3,1.6,14,5,4,2,8.5,1,5,0,0,8349.28,7228.2,65,20,Bulutlu,0,0,0.85,93.49,5.33,1.78,6.33,11.29,33.8,49.4
2026-05-18,S001,Ankara Çankaya,Ankara,Çankaya,Merkez,509,459,39,48,11,1.97,24,9,10,1,19.5,8,18,2,1,22580.73,18682.64,204,75,Açık,0,0,1.31,90.18,9.43,2.16,17.43,19.12,56.56,44.36
2026-05-18,S002,Ankara Keçiören,Ankara,Keçiören,Büyük,605,504,96,102,5,2.42,21,8,8,2,39.1,14,39,2,2,29033.87,22721.48,298,107,Yağmurlu,0,0,1.4,83.31,16.86,0.83,27.78,24.0,75.62,47.99
2026-05-18,S003,İstanbul Kadıköy,İstanbul,Kadıköy,Merkez,641,589,46,47,6,1.64,28,11,12,1,20.9,8,17,4,1,27838.77,23087.77,273,94,Bulutlu,0,0,1.56,91.89,7.33,0.94,13.58,21.04,58.27,43.43
2026-05-18,S004,İstanbul Üsküdar,İstanbul,Üsküdar,Büyük,549,496,43,53,10,1.73,25,10,10,2,23.4,5,11,2,1,24824.37,19388.69,225,103,Açık,0,0,1.32,90.35,9.65,1.82,10.08,19.84,54.9,45.22
2026-05-18,S005,İzmir Konak,İzmir,Konak,Merkez,547,487,48,47,12,1.73,23,9,9,2,29.3,6,15,2,1,26512.93,21873.26,206,112,Açık,0,0,1.33,89.03,8.59,2.19,12.32,21.17,60.78,48.47
2026-05-18,S006,Bursa Nilüfer,Bursa,Nilüfer,Büyük,460,422,31,43,7,1.64,19,7,7,1,20.6,5,13,1,1,23178.49,17710.36,224,122,Açık,0,0,1.18,91.74,9.35,1.52,11.85,22.21,65.71,50.39
2026-05-18,S007,Antalya Muratpaşa,Antalya,Muratpaşa,Büyük,553,480,61,64,12,1.91,20,8,7,2,31.3,8,14,3,2,27932.41,22771.11,190,90,Açık,0,0,1.31,86.8,11.57,2.17,16.67,24.0,69.12,50.51
2026-05-18,S008,Konya Selçuklu,Konya,Selçuklu,Orta,383,329,47,50,7,2.29,16,6,5,2,28.2,5,8,0,1,16721.09,13330.41,142,59,Bulutlu,0,0,1.02,85.9,13.05,1.83,15.2,20.56,63.83,43.66
2026-05-18,S009,Samsun İlkadım,Samsun,İlkadım,Orta,373,336,31,35,6,1.65,15,6,4,1,18.5,3,9,2,1,16101.61,12959.58,125,40,Açık,0,0,0.98,90.08,9.38,1.61,8.93,22.4,62.17,43.17
2026-05-18,S010,Erzurum Yakutiye,Erzurum,Yakutiye,Orta,351,311,31,34,9,1.57,14,5,4,0,14.0,5,14,1,1,17416.78,13473.25,176,56,Bulutlu,0,0,0.9,88.6,9.69,2.56,16.08,22.21,70.2,49.62
2026-05-19,S001,Ankara Çankaya,Ankara,Çankaya,Merkez,207,192,11,12,4,1.34,24,9,10,1,0.0,4,6,1,0,11135.94,8721.04,108,41,Açık,1,0,0.55,92.75,5.8,1.93,20.83,8.0,23.0,53.8
2026-05-19,S002,Ankara Keçiören,Ankara,Keçiören,Büyük,191,171,15,16,5,1.73,21,8,8,1,0.0,3,12,1,1,7927.26,6314.18,74,40,Yağmurlu,1,0,0.55,89.53,8.38,2.62,17.54,8.14,23.88,41.5
2026-05-19,S003,İstanbul Kadıköy,İstanbul,Kadıköy,Merkez,216,205,8,8,3,1.42,28,11,12,2,0.0,1,5,0,0,11347.3,9370.73,83,44,Açık,1,0,0.55,94.91,3.7,1.39,4.88,7.32,19.64,52.53
2026-05-19,S004,İstanbul Üsküdar,İstanbul,Üsküdar,Büyük,243,227,11,14,5,1.5,25,10,10,1,0.0,2,6,1,1,11709.27,8856.93,115,36,Açık,1,0,0.59,93.42,5.76,2.06,8.81,9.08,24.3,48.19
2026-05-19,S005,İzmir Konak,İzmir,Konak,Merkez,200,191,6,8,3,1.22,23,9,9,3,0.0,1,4,0,0,10155.36,7764.5,99,34,Açık,1,0,0.56,95.5,4.0,1.5,5.24,8.3,22.22,50.78
2026-05-19,S006,Bursa Nilüfer,Bursa,Nilüfer,Büyük,198,181,14,17,3,1.66,19,7,7,1,0.0,4,12,1,1,8767.98,7389.43,73,35,Yağmurlu,1,0,0.55,91.41,8.59,1.52,22.1,9.53,28.29,44.28
2026-05-19,S007,Antalya Muratpaşa,Antalya,Muratpaşa,Büyük,206,191,10,9,5,1.43,20,8,7,1,0.0,3,7,1,1,9862.97,6997.92,105,56,Bulutlu,1,0,0.55,92.72,4.37,2.43,15.71,9.55,25.75,47.88
2026-05-19,S008,Konya Selçuklu,Konya,Selçuklu,Orta,233,219,8,13,6,1.14,16,6,5,2,8.3,4,6,1,1,10327.81,8565.57,80,34,Açık,1,0,0.55,93.99,5.58,2.58,18.26,13.69,38.83,44.33
2026-05-19,S009,Samsun İlkadım,Samsun,İlkadım,Orta,194,185,7,11,2,1.33,15,6,4,0,0.0,2,4,2,0,9605.84,7991.41,76,31,Açık,1,0,0.55,95.36,5.67,1.03,10.81,12.33,32.33,49.51
2026-05-19,S010,Erzurum Yakutiye,Erzurum,Yakutiye,Orta,226,209,13,15,4,1.65,14,5,4,1,6.2,2,6,1,0,10743.8,7658.08,115,63,Bulutlu,1,0,0.55,92.48,6.64,1.77,9.57,14.93,45.2,47.54
2026-05-20,S001,Ankara Çankaya,Ankara,Çankaya,Merkez,479,430,36,35,13,1.7,24,9,10,1,14.8,6,13,3,1,21650.73,16749.78,192,60,Açık,0,0,1.38,89.77,7.31,2.71,13.95,17.92,53.22,45.2
2026-05-20,S002,Ankara Keçiören,Ankara,Keçiören,Büyük,377,334,33,41,10,1.73,21,8,8,2,15.0,5,21,3,1,18073.99,14470.84,127,69,Yağmurlu,0,0,1.11,88.59,10.88,2.65,14.97,15.9,47.12,47.94
2026-05-20,S003,İstanbul Kadıköy,İstanbul,Kadıköy,Merkez,504,478,16,20,10,1.37,28,11,12,0,5.3,2,10,2,1,23802.25,19582.09,220,82,Açık,0,0,1.55,94.84,3.97,1.98,4.18,17.07,45.82,47.23
2026-05-20,S004,İstanbul Üsküdar,İstanbul,Üsküdar,Büyük,425,383,34,40,8,1.74,25,10,10,0,0.4,7,28,1,1,18088.93,15270.92,137,56,Yağmurlu,0,0,1.29,90.12,9.41,1.88,18.28,15.32,42.5,42.56
2026-05-20,S005,İzmir Konak,İzmir,Konak,Merkez,442,398,35,37,9,1.64,23,9,9,2,17.5,6,12,3,1,22354.2,17507.73,205,69,Bulutlu,0,0,1.35,90.05,8.37,2.04,15.08,17.3,49.11,50.58
2026-05-20,S006,Bursa Nilüfer,Bursa,Nilüfer,Büyük,437,383,49,55,5,1.96,19,7,7,2,28.9,5,11,1,1,20664.24,16056.9,222,96,Açık,0,0,1.21,87.64,12.59,1.14,13.05,20.16,62.43,47.29
2026-05-20,S007,Antalya Muratpaşa,Antalya,Muratpaşa,Büyük,438,401,33,31,4,1.65,20,8,7,1,15.0,6,15,0,1,20356.63,15955.19,179,59,Bulutlu,0,0,1.28,91.55,7.08,0.91,14.96,20.05,54.75,46.48
2026-05-20,S008,Konya Selçuklu,Konya,Selçuklu,Orta,303,277,22,25,4,1.63,16,6,5,2,17.8,3,6,1,1,15026.44,11692.01,157,85,Açık,0,0,0.94,91.42,8.25,1.32,10.83,17.31,50.5,49.59
2026-05-20,S009,Samsun İlkadım,Samsun,İlkadım,Orta,362,314,41,47,7,2.0,15,6,4,2,25.8,4,8,2,1,18406.09,15065.04,172,53,Açık,0,0,0.96,86.74,12.98,1.93,12.74,20.93,60.33,50.85
2026-05-20,S010,Erzurum Yakutiye,Erzurum,Yakutiye,Orta,311,234,73,75,4,2.78,14,5,4,3,45.8,9,8,0,1,13919.73,9586.39,168,73,Açık,0,0,0.89,75.24,24.12,1.29,38.46,16.71,62.2,44.76
2026-05-21,S001,Ankara Çankaya,Ankara,Çankaya,Merkez,467,410,51,56,6,1.89,24,9,10,0,7.7,7,34,2,1,24456.66,18940.87,232,81,Yağmurlu,0,0,1.37,87.79,11.99,1.28,17.07,17.08,51.89,52.37
2026-05-21,S002,Ankara Keçiören,Ankara,Keçiören,Büyük,471,423,41,48,7,1.79,21,8,8,2,23.7,9,16,1,1,23085.17,17455.58,256,108,Açık,0,0,1.3,89.81,10.19,1.49,21.28,20.14,58.88,49.01
2026-05-21,S003,İstanbul Kadıköy,İstanbul,Kadıköy,Merkez,542,490,40,44,12,1.58,28,11,12,3,23.0,3,12,2,2,28157.33,21856.4,285,153,Açık,0,0,1.54,90.41,8.12,2.21,6.12,17.5,49.27,51.95
2026-05-21,S004,İstanbul Üsküdar,İstanbul,Üsküdar,Büyük,539,497,36,41,6,1.56,25,10,10,2,24.2,8,14,2,1,24560.41,21290.31,174,68,Açık,0,0,1.59,92.21,7.61,1.11,16.1,19.88,53.9,45.57
2026-05-21,S005,İzmir Konak,İzmir,Konak,Merkez,460,397,53,59,10,2.08,23,9,9,4,36.2,9,15,2,2,23908.75,18874.41,192,86,Açık,0,0,1.29,86.3,12.83,2.17,22.67,17.26,51.11,51.98
2026-05-21,S006,Bursa Nilüfer,Bursa,Nilüfer,Büyük,338,298,34,34,6,1.88,19,7,7,3,25.6,4,6,1,1,15618.76,12590.4,151,61,Açık,0,0,1.14,88.17,10.06,1.78,13.42,15.68,48.29,46.21
2026-05-21,S007,Antalya Muratpaşa,Antalya,Muratpaşa,Büyük,390,353,32,35,5,1.74,20,8,7,3,23.5,6,10,1,2,21249.38,16743.57,209,83,Açık,0,0,1.25,90.51,8.97,1.28,17.0,17.65,48.75,54.49
2026-05-21,S008,Konya Selçuklu,Konya,Selçuklu,Orta,396,313,74,76,9,2.52,16,6,5,3,45.1,12,17,2,1,15190.8,11612.4,184,90,Bulutlu,0,0,0.96,79.04,19.19,2.27,38.34,19.56,66.0,38.36
2026-05-21,S009,Samsun İlkadım,Samsun,İlkadım,Orta,346,304,37,41,5,1.77,15,6,4,2,22.9,3,6,2,1,17571.23,13727.06,151,76,Açık,0,0,0.95,87.86,11.85,1.45,9.87,20.27,57.67,50.78
2026-05-21,S010,Erzurum Yakutiye,Erzurum,Yakutiye,Orta,221,197,19,18,5,1.75,14,5,4,2,14.4,4,6,1,0,9418.87,7264.78,92,43,Bulutlu,0,0,0.74,89.14,8.14,2.26,20.3,14.07,44.2,42.62
2026-05-22,S001,Ankara Çankaya,Ankara,Çankaya,Merkez,426,381,33,35,12,1.66,24,9,10,2,16.9,4,18,2,1,21307.02,17329.08,177,60,Bulutlu,0,0,1.3,89.44,8.22,2.82,10.5,15.88,47.33,50.02
2026-05-22,S002,Ankara Keçiören,Ankara,Keçiören,Büyük,470,426,35,38,9,1.84,21,8,8,2,24.0,5,18,2,1,21998.85,17310.95,247,85,Bulutlu,0,0,1.21,90.64,8.09,1.91,11.74,20.29,58.75,46.81
2026-05-22,S003,İstanbul Kadıköy,İstanbul,Kadıköy,Merkez,485,437,39,42,9,1.71,28,11,12,1,7.0,8,30,1,2,25846.94,19817.85,244,83,Yağmurlu,0,0,1.49,90.1,8.66,1.86,18.31,15.61,44.09,53.29
2026-05-22,S004,İstanbul Üsküdar,İstanbul,Üsküdar,Büyük,484,436,39,46,9,1.75,25,10,10,4,32.3,6,9,1,1,23913.64,18518.66,221,84,Açık,0,0,1.41,90.08,9.5,1.86,13.76,17.44,48.4,49.41
2026-05-22,S005,İzmir Konak,İzmir,Konak,Merkez,518,475,34,37,9,1.76,23,9,9,1,18.3,6,11,1,1,23833.98,18771.1,208,64,Açık,0,0,1.43,91.7,7.14,1.74,12.63,20.65,57.56,46.01
2026-05-22,S006,Bursa Nilüfer,Bursa,Nilüfer,Büyük,342,323,10,16,9,1.36,19,7,7,0,5.5,3,11,1,1,17348.02,14309.69,135,68,Açık,0,0,0.97,94.44,4.68,2.63,9.29,17.0,48.86,50.73
2026-05-22,S007,Antalya Muratpaşa,Antalya,Muratpaşa,Büyük,419,386,27,30,6,1.57,20,8,7,1,12.5,6,11,2,1,19828.71,16831.78,144,59,Açık,0,0,1.24,92.12,7.16,1.43,15.54,19.3,52.38,47.32
2026-05-22,S008,Konya Selçuklu,Konya,Selçuklu,Orta,299,281,11,15,7,1.45,16,6,5,0,6.2,2,9,1,1,14617.21,11960.75,102,45,Bulutlu,0,0,1.0,93.98,5.02,2.34,7.12,17.56,49.83,48.89
2026-05-22,S009,Samsun İlkadım,Samsun,İlkadım,Orta,380,345,30,29,5,1.72,15,6,4,1,16.0,4,10,1,1,18866.41,15853.08,137,68,Açık,0,0,1.01,90.79,7.63,1.32,11.59,23.0,63.33,49.65
2026-05-22,S010,Erzurum Yakutiye,Erzurum,Yakutiye,Orta,299,277,19,23,3,1.43,14,5,4,0,8.8,1,3,2,1,14501.07,12158.12,131,40,Açık,0,0,0.95,92.64,7.69,1.0,3.61,19.79,59.8,48.5
2026-05-23,S001,Ankara Çankaya,Ankara,Çankaya,Merkez,179,164,13,14,2,1.57,24,9,10,1,0.0,2,7,1,1,8550.9,6698.61,74,35,Açık,0,0,1.3,91.62,7.82,1.12,12.2,6.83,19.89,47.77
2026-05-23,S002,Ankara Keçiören,Ankara,Keçiören,Büyük,150,145,3,4,2,1.35,21,8,8,2,0.0,3,4,1,0,8006.75,6379.77,80,40,Açık,0,0,1.3,96.67,2.67,1.33,20.69,6.9,18.75,53.38
2026-05-23,S003,İstanbul Kadıköy,İstanbul,Kadıköy,Merkez,288,274,10,11,4,1.31,28,11,12,3,0.0,2,9,1,1,13776.61,11904.6,105,38,Açık,0,0,1.69,95.14,3.82,1.39,7.3,9.79,26.18,47.84
2026-05-23,S004,İstanbul Üsküdar,İstanbul,Üsküdar,Büyük,211,192,14,18,5,1.74,25,10,10,3,0.0,5,14,1,1,10979.83,8458.4,110,51,Yağmurlu,0,0,1.32,91.0,8.53,2.37,26.04,7.68,21.1,52.04
2026-05-23,S005,İzmir Konak,İzmir,Konak,Merkez,188,179,7,11,2,1.32,23,9,9,1,0.0,3,7,0,0,9533.19,8008.47,69,24,Açık,0,0,1.28,95.21,5.85,1.06,16.76,7.78,20.89,50.71
2026-05-23,S006,Bursa Nilüfer,Bursa,Nilüfer,Büyük,220,205,9,11,6,1.48,19,7,7,3,7.3,1,6,1,1,12013.0,9641.13,111,40,Açık,0,0,1.07,93.18,5.0,2.73,4.88,10.79,31.43,54.6
2026-05-23,S007,Antalya Muratpaşa,Antalya,Muratpaşa,Büyük,209,197,7,11,5,1.31,20,8,7,3,1.0,5,6,1,0,9852.38,7875.34,86,41,Açık,0,0,1.17,94.26,5.26,2.39,25.38,9.85,26.12,47.14
2026-05-23,S008,Konya Selçuklu,Konya,Selçuklu,Orta,134,129,3,3,2,1.33,16,6,5,3,5.0,0,2,1,1,7159.3,5410.53,71,24,Açık,0,0,0.95,96.27,2.24,1.49,0.0,8.06,22.33,53.43
2026-05-23,S009,Samsun İlkadım,Samsun,İlkadım,Orta,122,115,5,6,2,1.28,15,6,4,1,0.0,1,3,1,0,4913.33,4153.14,39,16,Açık,0,0,0.81,94.26,4.92,1.64,8.7,7.67,20.33,40.27
2026-05-23,S010,Erzurum Yakutiye,Erzurum,Yakutiye,Orta,103,98,3,5,2,1.31,14,5,4,1,0.0,0,3,0,0,5445.92,4234.34,49,17,Açık,0,0,0.84,95.15,4.85,1.94,0.0,7.0,20.6,52.87
2026-05-24,S001,Ankara Çankaya,Ankara,Çankaya,Merkez,191,177,11,13,3,1.74,24,9,10,2,0.0,2,9,0,0,8427.88,6974.52,64,23,Açık,0,0,1.29,92.67,6.81,1.57,11.3,7.38,21.22,44.13
2026-05-24,S002,Ankara Keçiören,Ankara,Keçiören,Büyük,188,172,13,15,3,1.56,21,8,8,1,0.0,3,12,1,1,8488.87,6381.45,96,38,Yağmurlu,0,0,1.27,91.49,7.98,1.6,17.44,8.19,23.5,45.15
2026-05-24,S003,İstanbul Kadıköy,İstanbul,Kadıköy,Merkez,249,230,13,13,6,1.4,28,11,12,2,0.0,5,10,1,1,11756.93,9713.33,89,47,Bulutlu,0,0,1.53,92.37,5.22,2.41,21.74,8.21,22.64,47.22
2026-05-24,S004,İstanbul Üsküdar,İstanbul,Üsküdar,Büyük,259,250,4,5,5,1.5,25,10,10,1,0.0,0,7,2,1,13388.9,10554.4,128,61,Açık,0,0,1.58,96.53,1.93,1.93,0.0,10.0,25.9,51.69
2026-05-24,S005,İzmir Konak,İzmir,Konak,Merkez,199,189,9,13,1,1.43,23,9,9,2,0.0,3,5,1,1,10875.44,8693.73,90,46,Açık,0,0,1.42,94.97,6.53,0.5,15.87,8.22,22.11,54.65
2026-05-24,S006,Bursa Nilüfer,Bursa,Nilüfer,Büyük,253,224,24,30,5,2.06,19,7,7,4,27.9,3,7,1,1,11383.28,8681.06,115,59,Açık,0,0,1.28,88.54,11.86,1.98,13.39,11.79,36.14,44.99
2026-05-24,S007,Antalya Muratpaşa,Antalya,Muratpaşa,Büyük,214,204,7,11,3,1.32,20,8,7,0,0.0,2,5,0,1,8900.18,7369.39,74,37,Bulutlu,0,0,1.25,95.33,5.14,1.4,9.8,10.2,26.75,41.59
2026-05-24,S008,Konya Selçuklu,Konya,Selçuklu,Orta,172,163,6,9,3,1.18,16,6,5,2,6.3,3,3,1,0,8328.86,6509.31,92,42,Açık,0,0,1.01,94.77,5.23,1.74,18.4,10.19,28.67,48.42
2026-05-24,S009,Samsun İlkadım,Samsun,İlkadım,Orta,158,149,6,7,3,1.33,15,6,4,2,1.4,0,4,1,0,7240.65,6015.23,57,18,Açık,0,0,1.01,94.3,4.43,1.9,0.0,9.93,26.33,45.83
2026-05-24,S010,Erzurum Yakutiye,Erzurum,Yakutiye,Orta,136,129,5,7,2,1.39,14,5,4,0,0.0,3,3,0,0,6410.8,5195.44,48,22,Bulutlu,0,0,0.93,94.85,5.15,1.47,23.26,9.21,27.2,47.14
2026-05-25,S001,Ankara Çankaya,Ankara,Çankaya,Merkez,537,477,46,54,14,1.77,24,9,10,0,14.1,10,21,2,0,26171.53,20995.57,215,109,Açık,0,0,1.36,88.83,10.06,2.61,20.96,19.88,59.67,48.74
2026-05-25,S002,Ankara Keçiören,Ankara,Keçiören,Büyük,506,454,45,50,7,1.57,21,8,8,1,19.7,7,13,2,1,26710.79,21790.97,192,101,Bulutlu,0,0,1.21,89.72,9.88,1.38,15.42,21.62,63.25,52.79
2026-05-25,S003,İstanbul Kadıköy,İstanbul,Kadıköy,Merkez,541,501,29,35,11,1.63,28,11,12,1,12.3,4,11,2,1,27616.12,20503.82,292,153,Açık,0,0,1.36,92.61,6.47,2.03,7.98,17.89,49.18,51.05
2026-05-25,S004,İstanbul Üsküdar,İstanbul,Üsküdar,Büyük,548,507,32,41,9,1.51,25,10,10,1,17.3,6,17,2,2,28989.95,23662.59,203,70,Bulutlu,0,0,1.36,92.52,7.48,1.64,11.83,20.28,54.8,52.9
2026-05-25,S005,İzmir Konak,İzmir,Konak,Merkez,539,480,47,57,12,1.5,23,9,9,2,27.5,8,16,2,2,24074.7,18959.04,203,107,Açık,0,0,1.32,89.05,10.58,2.23,16.67,20.87,59.89,44.67
2026-05-25,S006,Bursa Nilüfer,Bursa,Nilüfer,Büyük,463,395,59,62,9,2.24,19,7,7,2,29.5,9,29,2,2,21463.02,16107.17,233,92,Yağmurlu,0,0,1.29,85.31,13.39,1.94,22.78,20.79,66.14,46.36
2026-05-25,S007,Antalya Muratpaşa,Antalya,Muratpaşa,Büyük,550,463,79,89,8,2.37,20,8,7,2,33.1,12,32,3,1,25470.62,21225.28,201,67,Yağmurlu,0,0,1.24,84.18,16.18,1.45,25.92,23.15,68.75,46.31
2026-05-25,S008,Konya Selçuklu,Konya,Selçuklu,Orta,347,329,14,16,4,1.79,16,6,5,0,7.6,3,6,1,1,19167.51,15545.01,148,48,Açık,0,0,0.93,94.81,4.61,1.15,9.12,20.56,57.83,55.24
2026-05-25,S009,Samsun İlkadım,Samsun,İlkadım,Orta,346,304,35,40,7,2.02,15,6,4,1,16.5,6,19,1,1,17797.37,14046.2,160,59,Yağmurlu,0,0,0.88,87.86,11.56,2.02,19.74,20.27,57.67,51.44
2026-05-25,S010,Erzurum Yakutiye,Erzurum,Yakutiye,Orta,372,319,46,49,7,1.9,14,5,4,1,22.9,7,11,2,2,17190.46,13671.55,183,87,Açık,0,0,0.89,85.75,13.17,1.88,21.94,22.79,74.4,46.21
2026-05-26,S001,Ankara Çankaya,Ankara,Çankaya,Merkez,593,509,78,88,6,2.02,24,9,10,2,32.8,11,23,2,2,23736.18,18784.04,232,113,Açık,0,1,1.84,85.83,14.84,1.01,21.61,21.21,65.89,40.03
2026-05-26,S002,Ankara Keçiören,Ankara,Keçiören,Büyük,586,522,51,57,13,1.56,21,8,8,0,22.4,7,14,2,1,27688.79,21799.4,247,108,Açık,0,1,1.61,89.08,9.73,2.22,13.41,24.86,73.25,47.25
2026-05-26,S003,İstanbul Kadıköy,İstanbul,Kadıköy,Merkez,591,518,56,59,17,1.71,28,11,12,1,12.8,10,36,2,1,28830.83,24190.33,190,63,Yağmurlu,0,1,1.85,87.65,9.98,2.88,19.31,18.5,53.73,48.78
2026-05-26,S004,İstanbul Üsküdar,İstanbul,Üsküdar,Büyük,663,597,56,65,10,1.88,25,10,10,2,32.8,9,20,2,1,32861.77,24890.92,329,164,Açık,0,1,1.83,90.05,9.8,1.51,15.08,23.88,66.3,49.57
2026-05-26,S005,İzmir Konak,İzmir,Konak,Merkez,545,479,51,60,15,1.75,23,9,9,2,27.2,6,17,2,2,23089.5,18370.82,181,87,Bulutlu,0,1,1.67,87.89,11.01,2.75,12.53,20.83,60.56,42.37
2026-05-26,S006,Bursa Nilüfer,Bursa,Nilüfer,Büyük,499,431,53,63,15,1.89,19,7,7,0,15.8,9,26,3,2,20151.52,16144.33,191,61,Yağmurlu,0,1,1.44,86.37,12.63,3.01,20.88,22.68,71.29,40.38
2026-05-26,S007,Antalya Muratpaşa,Antalya,Muratpaşa,Büyük,536,476,49,57,11,1.6,20,8,7,1,23.4,7,14,2,1,24756.01,20138.75,182,83,Açık,0,1,1.52,88.81,10.63,2.05,14.71,23.8,67.0,46.19
2026-05-26,S008,Konya Selçuklu,Konya,Selçuklu,Orta,374,337,33,36,4,1.83,16,6,5,1,15.8,5,11,1,0,19192.78,15903.16,156,47,Açık,0,1,1.14,90.11,9.63,1.07,14.84,21.06,62.33,51.32
2026-05-26,S009,Samsun İlkadım,Samsun,İlkadım,Orta,343,320,18,23,5,1.28,15,6,4,0,9.4,6,10,1,1,18681.2,14877.6,181,78,Açık,0,1,1.15,93.29,6.71,1.46,18.75,21.33,57.17,54.46
2026-05-26,S010,Erzurum Yakutiye,Erzurum,Yakutiye,Orta,370,313,50,51,7,2.21,14,5,4,1,19.7,8,28,1,1,16014.8,12352.44,184,67,Yağmurlu,0,1,1.13,84.59,13.78,1.89,25.56,22.36,74.0,43.28
2026-05-27,S001,Ankara Çankaya,Ankara,Çankaya,Merkez,557,478,73,79,6,2.14,24,9,10,2,31.0,9,18,1,1,23509.78,17598.85,265,93,Açık,0,1,1.79,85.82,14.18,1.08,18.83,19.92,61.89,42.21
2026-05-27,S002,Ankara Keçiören,Ankara,Keçiören,Büyük,589,518,62,66,9,2.04,21,8,8,1,27.1,8,14,2,1,24219.56,19196.65,196,65,Bulutlu,0,1,1.76,87.95,11.21,1.53,15.44,24.67,73.62,41.12
2026-05-27,S003,İstanbul Kadıköy,İstanbul,Kadıköy,Merkez,643,573,58,67,12,1.48,28,11,12,3,37.9,9,14,4,2,28724.54,23128.4,273,99,Açık,0,1,1.85,89.11,10.42,1.87,15.71,20.46,58.45,44.67
2026-05-27,S004,İstanbul Üsküdar,İstanbul,Üsküdar,Büyük,642,572,58,70,12,1.79,25,10,10,2,31.4,10,20,3,2,33698.42,26233.98,284,109,Bulutlu,0,1,1.75,89.1,10.9,1.87,17.48,22.88,64.2,52.49
2026-05-27,S005,İzmir Konak,İzmir,Konak,Merkez,602,534,54,63,14,1.89,23,9,9,1,25.5,7,14,1,2,27925.6,21426.47,289,99,Açık,0,1,1.75,88.7,10.47,2.33,13.11,23.22,66.89,46.39
2026-05-27,S006,Bursa Nilüfer,Bursa,Nilüfer,Büyük,535,448,77,82,10,2.11,19,7,7,2,38.8,10,14,3,0,21662.59,17622.24,194,65,Açık,0,1,1.47,83.74,15.33,1.87,22.32,23.58,76.43,40.49
2026-05-27,S007,Antalya Muratpaşa,Antalya,Muratpaşa,Büyük,519,442,65,69,12,1.97,20,8,7,1,21.6,9,30,1,1,24804.46,20124.86,212,111,Yağmurlu,0,1,1.62,85.16,13.29,2.31,20.36,22.1,64.88,47.79
2026-05-27,S008,Konya Selçuklu,Konya,Selçuklu,Orta,520,438,75,84,7,2.19,16,6,5,1,33.7,10,15,2,0,20919.66,17678.81,173,60,Açık,0,1,1.39,84.23,16.15,1.35,22.83,27.38,86.67,40.23
2026-05-27,S009,Samsun İlkadım,Samsun,İlkadım,Orta,411,356,47,50,8,1.97,15,6,4,0,15.1,7,24,2,1,21632.2,16404.89,207,88,Yağmurlu,0,1,1.14,86.62,12.17,1.95,19.66,23.73,68.5,52.63
2026-05-27,S010,Erzurum Yakutiye,Erzurum,Yakutiye,Orta,290,247,38,41,5,1.93,14,5,4,2,24.6,5,9,2,1,14025.22,11657.24,103,49,Bulutlu,0,1,0.9,85.17,14.14,1.72,20.24,17.64,58.0,48.36
2026-05-28,S001,Ankara Çankaya,Ankara,Çankaya,Merkez,596,525,61,65,10,1.74,24,9,10,0,16.0,8,26,3,0,28781.0,22313.69,227,112,Bulutlu,0,1,1.7,88.09,10.91,1.68,15.24,21.88,66.22,48.29
2026-05-28,S002,Ankara Keçiören,Ankara,Keçiören,Büyük,549,481,60,63,8,1.79,21,8,8,2,32.0,7,14,2,1,28418.96,21815.22,273,113,Bulutlu,0,1,1.6,87.61,11.48,1.46,14.55,22.9,68.62,51.76
2026-05-28,S003,İstanbul Kadıköy,İstanbul,Kadıköy,Merkez,663,596,53,61,14,1.48,28,11,12,1,23.1,9,14,2,2,36378.71,28266.25,357,118,Açık,0,1,1.85,89.89,9.2,2.11,15.1,21.29,60.27,54.87
2026-05-28,S004,İstanbul Üsküdar,İstanbul,Üsküdar,Büyük,610,531,62,63,17,1.79,25,10,10,3,37.5,8,17,3,2,24280.33,19877.77,204,97,Açık,0,1,1.85,87.05,10.33,2.79,15.07,21.24,61.0,39.8
2026-05-28,S005,İzmir Konak,İzmir,Konak,Merkez,534,467,59,67,8,2.04,23,9,9,3,34.7,8,14,3,2,24202.37,19187.06,262,84,Açık,0,1,1.69,87.45,12.55,1.5,17.13,20.3,59.33,45.32
2026-05-28,S006,Bursa Nilüfer,Bursa,Nilüfer,Büyük,532,446,76,87,10,1.97,19,7,7,2,38.1,12,17,1,2,24368.82,17344.53,285,152,Bulutlu,0,1,1.49,83.83,16.35,1.88,26.91,23.47,76.0,45.81
2026-05-28,S007,Antalya Muratpaşa,Antalya,Muratpaşa,Büyük,507,434,64,71,9,2.05,20,8,7,3,41.2,8,13,2,1,25108.34,20026.01,245,76,Bulutlu,0,1,1.54,85.6,14.0,1.78,18.43,21.7,63.38,49.52
2026-05-28,S008,Konya Selçuklu,Konya,Selçuklu,Orta,395,321,69,71,5,2.46,16,6,5,3,44.9,10,6,2,1,17786.7,13846.4,173,87,Açık,0,1,1.23,81.27,17.97,1.27,31.15,20.06,65.83,45.03
2026-05-28,S009,Samsun İlkadım,Samsun,İlkadım,Orta,337,311,20,24,6,1.32,15,6,4,0,7.0,3,9,1,0,14583.05,11722.85,125,61,Açık,0,1,1.08,92.28,7.12,1.78,9.65,20.73,56.17,43.27
2026-05-28,S010,Erzurum Yakutiye,Erzurum,Yakutiye,Orta,351,292,55,63,4,2.23,14,5,4,2,31.9,8,7,1,1,14271.37,10760.91,171,79,Açık,0,1,1.03,83.19,17.95,1.14,27.4,20.86,70.2,40.66
2026-05-29,S001,Ankara Çankaya,Ankara,Çankaya,Merkez,631,528,92,106,11,2.4,24,9,10,1,28.1,17,54,4,1,25348.91,21249.41,220,73,Yağmurlu,0,1,1.85,83.68,16.8,1.74,32.2,22.0,70.11,40.17
2026-05-29,S002,Ankara Keçiören,Ankara,Keçiören,Büyük,547,494,39,49,14,1.65,21,8,8,1,23.1,7,14,2,1,27244.38,21236.4,245,133,Açık,0,1,1.65,90.31,8.96,2.56,14.17,23.52,68.38,49.81
2026-05-29,S003,İstanbul Kadıköy,İstanbul,Kadıköy,Merkez,624,564,47,55,13,1.59,28,11,12,2,26.1,7,18,2,3,30870.68,24693.58,238,100,Açık,0,1,1.85,90.38,8.81,2.08,12.41,20.14,56.73,49.47
2026-05-29,S004,İstanbul Üsküdar,İstanbul,Üsküdar,Büyük,638,552,70,72,16,1.92,25,10,10,1,23.5,11,37,3,2,30770.09,24069.83,336,112,Yağmurlu,0,1,1.8,86.52,11.29,2.51,19.93,22.08,63.8,48.23
2026-05-29,S005,İzmir Konak,İzmir,Konak,Merkez,564,493,63,69,8,1.8,23,9,9,2,28.0,8,14,3,1,28489.78,21230.08,299,140,Bulutlu,0,1,1.7,87.41,12.23,1.42,16.23,21.43,62.67,50.51
2026-05-29,S006,Bursa Nilüfer,Bursa,Nilüfer,Büyük,461,419,32,37,10,1.65,19,7,7,0,14.8,5,10,2,2,24161.63,18883.42,228,97,Açık,0,1,1.43,90.89,8.03,2.17,11.93,22.05,65.86,52.41
2026-05-29,S007,Antalya Muratpaşa,Antalya,Muratpaşa,Büyük,488,421,57,63,10,1.84,20,8,7,1,19.9,10,31,1,1,19794.41,15755.05,172,58,Yağmurlu,0,1,1.51,86.27,12.91,2.05,23.75,21.05,61.0,40.56
2026-05-29,S008,Konya Selçuklu,Konya,Selçuklu,Orta,461,376,75,80,10,2.1,16,6,5,2,36.7,10,17,3,2,18868.91,14111.45,217,74,Açık,0,1,1.34,81.56,17.35,2.17,26.6,23.5,76.83,40.93
2026-05-29,S009,Samsun İlkadım,Samsun,İlkadım,Orta,413,353,50,55,10,1.82,15,6,4,2,30.3,6,13,1,1,16304.51,13377.52,155,62,Açık,0,1,1.18,85.47,13.32,2.42,17.0,23.53,68.83,39.48
2026-05-29,S010,Erzurum Yakutiye,Erzurum,Yakutiye,Orta,401,281,112,96,8,4.5,14,5,4,4,145.0,12,11,1,1,13684.26,10189.14,170,78,Bulutlu,0,1,1.16,70.07,23.94,2.0,42.7,20.07,80.2,34.13
2026-05-30,S001,Ankara Çankaya,Ankara,Çankaya,Merkez,276,254,16,22,6,1.7,24,9,10,1,0.0,4,12,1,1,14636.13,11837.38,107,47,Açık,0,1,1.8,92.03,7.97,2.17,15.75,10.58,30.67,53.03
2026-05-30,S002,Ankara Keçiören,Ankara,Keçiören,Büyük,258,235,19,22,4,1.54,21,8,8,2,2.6,4,17,2,1,12569.06,9352.6,129,46,Yağmurlu,0,1,1.55,91.09,8.53,1.55,17.02,11.19,32.25,48.72
2026-05-30,S003,İstanbul Kadıköy,İstanbul,Kadıköy,Merkez,305,287,12,15,6,1.13,28,11,12,4,1.7,0,7,1,1,16863.53,12754.73,148,67,Açık,0,1,1.85,94.1,4.92,1.97,0.0,10.25,27.73,55.29
2026-05-30,S004,İstanbul Üsküdar,İstanbul,Üsküdar,Büyük,315,290,19,23,6,1.9,25,10,10,1,0.0,4,18,1,1,15947.54,12552.88,152,54,Yağmurlu,0,1,1.85,92.06,7.3,1.9,13.79,11.6,31.5,50.63
2026-05-30,S005,İzmir Konak,İzmir,Konak,Merkez,290,275,9,13,6,1.32,23,9,9,1,0.0,2,9,1,1,12513.41,10144.45,94,40,Açık,0,1,1.71,94.83,4.48,2.07,7.27,11.96,32.22,43.15
2026-05-30,S006,Bursa Nilüfer,Bursa,Nilüfer,Büyük,301,278,21,23,2,1.74,19,7,7,1,4.8,4,21,2,0,14067.74,11423.58,131,45,Yağmurlu,0,1,1.6,92.36,7.64,0.66,14.39,14.63,43.0,46.74
2026-05-30,S007,Antalya Muratpaşa,Antalya,Muratpaşa,Büyük,257,244,8,10,5,1.5,20,8,7,2,1.9,3,8,1,1,11485.12,8817.78,137,43,Açık,0,1,1.66,94.94,3.89,1.95,12.3,12.2,32.12,44.69
2026-05-30,S008,Konya Selçuklu,Konya,Selçuklu,Orta,221,208,9,10,4,1.48,16,6,5,2,7.7,2,7,1,0,11349.09,9598.36,80,32,Açık,0,1,1.31,94.12,4.52,1.81,9.62,13.0,36.83,51.35
2026-05-30,S009,Samsun İlkadım,Samsun,İlkadım,Orta,195,177,14,17,4,1.42,15,6,4,3,12.5,0,5,1,1,9551.08,7792.27,65,34,Açık,0,1,1.08,90.77,8.72,2.05,0.0,11.8,32.5,48.98
2026-05-30,S010,Erzurum Yakutiye,Erzurum,Yakutiye,Orta,173,159,10,11,4,1.51,14,5,4,2,7.5,1,5,0,1,8731.63,6614.77,79,38,Bulutlu,0,1,1.14,91.91,6.36,2.31,6.29,11.36,34.6,50.47
2026-05-31,S001,Ankara Çankaya,Ankara,Çankaya,Merkez,229,209,17,20,3,1.56,24,9,10,1,0.0,4,12,0,1,10425.94,7858.61,100,48,Açık,0,0,1.39,91.27,8.73,1.31,19.14,8.71,25.44,45.53
2026-05-31,S002,Ankara Keçiören,Ankara,Keçiören,Büyük,231,221,6,10,4,1.42,21,8,8,2,0.0,1,7,1,1,10952.06,9010.14,94,36,Açık,0,0,1.25,95.67,4.33,1.73,4.52,10.52,28.88,47.41
2026-05-31,S003,İstanbul Kadıköy,İstanbul,Kadıköy,Merkez,243,229,9,8,5,1.33,28,11,12,2,0.0,2,5,1,1,12560.02,10773.33,84,35,Açık,0,0,1.55,94.24,3.29,2.06,8.73,8.18,22.09,51.69
2026-05-31,S004,İstanbul Üsküdar,İstanbul,Üsküdar,Büyük,197,190,4,4,3,1.35,25,10,10,0,0.0,0,6,1,1,10072.26,8000.02,93,40,Açık,0,0,1.4,96.45,2.03,1.52,0.0,7.6,19.7,51.13
2026-05-31,S005,İzmir Konak,İzmir,Konak,Merkez,237,220,12,14,5,1.56,23,9,9,1,0.0,1,7,1,1,12469.0,9997.24,95,41,Bulutlu,0,0,1.35,92.83,5.91,2.11,4.55,9.57,26.33,52.61
2026-05-31,S006,Bursa Nilüfer,Bursa,Nilüfer,Büyük,140,128,9,11,3,1.66,19,7,7,2,0.0,3,8,1,0,7166.6,5891.99,66,22,Yağmurlu,0,0,1.18,91.43,7.86,2.14,23.44,6.74,20.0,51.19
2026-05-31,S007,Antalya Muratpaşa,Antalya,Muratpaşa,Büyük,230,219,8,11,3,1.54,20,8,7,0,0.0,3,5,1,0,11391.61,9260.77,104,32,Açık,0,0,1.34,95.22,4.78,1.3,13.7,10.95,28.75,49.53
2026-05-31,S008,Konya Selçuklu,Konya,Selçuklu,Orta,188,178,6,9,4,1.31,16,6,5,1,0.0,2,5,0,0,8247.32,6744.51,76,36,Açık,0,0,0.95,94.68,4.79,2.13,11.24,11.12,31.33,43.87
2026-05-31,S009,Samsun İlkadım,Samsun,İlkadım,Orta,127,122,4,4,1,1.31,15,6,4,1,0.0,0,4,1,0,5973.75,4806.83,54,16,Açık,0,0,0.78,96.06,3.15,0.79,0.0,8.13,21.17,47.04
2026-05-31,S010,Erzurum Yakutiye,Erzurum,Yakutiye,Orta,173,158,11,15,4,1.48,14,5,4,2,6.4,2,5,1,1,9253.76,7407.07,72,34,Açık,0,0,0.78,91.33,8.67,2.31,12.66,11.29,34.6,53.49
2026-06-01,S001,Ankara Çankaya,Ankara,Çankaya,Merkez,564,470,80,85,14,2.12,24,9,10,3,39.6,10,23,2,1,23154.58,17583.15,286,124,Bulutlu,0,0,1.36,83.33,15.07,2.48,21.28,19.58,62.67,41.05
2026-06-01,S002,Ankara Keçiören,Ankara,Keçiören,Büyük,506,426,71,75,9,2.2,21,8,8,2,31.0,9,30,1,2,22487.96,18148.65,234,85,Yağmurlu,0,0,1.29,84.19,14.82,1.78,21.13,20.29,63.25,44.44
2026-06-01,S003,İstanbul Kadıköy,İstanbul,Kadıköy,Merkez,576,536,32,36,8,1.52,28,11,12,1,15.6,5,9,3,1,31324.78,24176.13,289,138,Açık,0,0,1.4,93.06,6.25,1.39,9.33,19.14,52.36,54.38
2026-06-01,S004,İstanbul Üsküdar,İstanbul,Üsküdar,Büyük,535,480,41,47,14,1.31,25,10,10,2,22.0,7,14,2,2,26202.7,19943.93,287,128,Açık,0,0,1.36,89.72,8.79,2.62,14.58,19.2,53.5,48.98
2026-06-01,S005,İzmir Konak,İzmir,Konak,Merkez,569,513,42,40,14,1.81,23,9,9,1,22.8,6,16,1,1,25537.26,18494.07,295,146,Açık,0,0,1.42,90.16,7.03,2.46,11.7,22.3,63.22,44.88
2026-06-01,S006,Bursa Nilüfer,Bursa,Nilüfer,Büyük,478,423,46,48,9,1.78,19,7,7,1,21.5,6,13,2,2,25654.84,19235.2,256,88,Açık,0,0,1.23,88.49,10.04,1.88,14.18,22.26,68.29,53.67
2026-06-01,S007,Antalya Muratpaşa,Antalya,Muratpaşa,Büyük,530,455,68,66,7,2.11,20,8,7,2,32.7,10,20,2,1,25584.79,19491.82,285,116,Sıcak,0,0,1.34,85.85,12.45,1.32,21.98,22.75,66.25,48.27
2026-06-01,S008,Konya Selçuklu,Konya,Selçuklu,Orta,378,329,42,48,7,2.12,16,6,5,2,27.2,8,10,2,1,17742.61,14459.27,123,62,Açık,0,0,0.92,87.04,12.7,1.85,24.32,20.56,63.0,46.94
2026-06-01,S009,Samsun İlkadım,Samsun,İlkadım,Orta,339,312,20,27,7,1.63,15,6,4,0,8.2,3,10,1,1,18310.35,14476.18,178,73,Açık,0,0,0.85,92.04,7.96,2.06,9.62,20.8,56.5,54.01
2026-06-01,S010,Erzurum Yakutiye,Erzurum,Yakutiye,Orta,304,277,22,25,5,1.75,14,5,4,1,14.1,5,11,1,0,14303.06,12119.17,119,46,Açık,0,0,0.84,91.12,8.22,1.64,18.05,19.79,60.8,47.05
2026-06-02,S001,Ankara Çankaya,Ankara,Çankaya,Merkez,480,417,56,58,7,2.12,24,9,10,1,15.3,11,37,1,2,19356.44,15631.98,189,58,Yağmurlu,0,0,1.32,86.88,12.08,1.46,26.38,17.38,53.33,40.33
2026-06-02,S002,Ankara Keçiören,Ankara,Keçiören,Büyük,429,386,32,38,11,1.61,21,8,8,2,20.9,3,11,2,1,22322.37,17301.0,214,109,Açık,0,0,1.25,89.98,8.86,2.56,7.77,18.38,53.62,52.03
2026-06-02,S003,İstanbul Kadıköy,İstanbul,Kadıköy,Merkez,498,463,23,28,12,1.21,28,11,12,1,8.4,5,17,3,1,23375.36,18925.18,201,109,Açık,0,0,1.55,92.97,5.62,2.41,10.8,16.54,45.27,46.94
2026-06-02,S004,İstanbul Üsküdar,İstanbul,Üsküdar,Büyük,476,428,42,48,6,2.02,25,10,10,3,21.3,5,25,2,2,22694.55,19156.1,163,67,Yağmurlu,0,0,1.37,89.92,10.08,1.26,11.68,17.12,47.6,47.68
2026-06-02,S005,İzmir Konak,İzmir,Konak,Merkez,410,386,19,24,5,1.29,23,9,9,2,12.8,2,14,2,1,19740.57,16209.13,148,64,Açık,0,0,1.21,94.15,5.85,1.22,5.18,16.78,45.56,48.15
2026-06-02,S006,Bursa Nilüfer,Bursa,Nilüfer,Büyük,371,344,18,23,9,1.42,19,7,7,0,8.2,3,9,2,1,15995.6,12502.94,167,62,Açık,0,0,1.08,92.72,6.2,2.43,8.72,18.11,53.0,43.11
2026-06-02,S007,Antalya Muratpaşa,Antalya,Muratpaşa,Büyük,394,356,34,37,4,1.83,20,8,7,2,16.2,5,19,1,0,20070.44,15022.19,204,87,Sıcak,0,0,1.09,90.36,9.39,1.02,14.04,17.8,49.25,50.94
2026-06-02,S008,Konya Selçuklu,Konya,Selçuklu,Orta,319,269,45,50,5,2.25,16,6,5,3,32.2,5,9,1,1,16232.5,12156.17,152,76,Açık,0,0,0.94,84.33,15.67,1.57,18.59,16.81,53.17,50.89
2026-06-02,S009,Samsun İlkadım,Samsun,İlkadım,Orta,291,267,21,24,3,1.81,15,6,4,0,5.8,4,18,1,0,15073.59,12131.14,137,47,Yağmurlu,0,0,0.9,91.75,8.25,1.03,14.98,17.8,48.5,51.8
2026-06-02,S010,Erzurum Yakutiye,Erzurum,Yakutiye,Orta,239,212,22,25,5,1.61,14,5,4,2,16.6,2,8,1,1,9929.34,8309.01,85,34,Açık,0,0,0.78,88.7,10.46,2.09,9.43,15.14,47.8,41.55
2026-06-03,S001,Ankara Çankaya,Ankara,Çankaya,Merkez,476,426,43,47,7,1.86,24,9,10,1,15.8,7,20,2,1,25514.47,19881.93,249,126,Açık,0,0,1.47,89.5,9.87,1.47,16.43,17.75,52.89,53.6
2026-06-03,S002,Ankara Keçiören,Ankara,Keçiören,Büyük,437,385,41,40,11,1.63,21,8,8,2,23.0,5,11,0,1,20933.37,17024.28,179,55,Açık,0,0,1.31,88.1,9.15,2.52,12.99,18.33,54.62,47.9
2026-06-03,S003,İstanbul Kadıköy,İstanbul,Kadıköy,Merkez,512,473,27,38,12,1.44,28,11,12,2,14.0,6,13,2,1,23546.93,20258.0,169,52,Açık,0,0,1.52,92.38,7.42,2.34,12.68,16.89,46.55,45.99
2026-06-03,S004,İstanbul Üsküdar,İstanbul,Üsküdar,Büyük,491,448,39,38,4,1.76,25,10,10,3,23.7,6,9,3,1,25753.1,21325.12,166,91,Açık,0,0,1.46,91.24,7.74,0.81,13.39,17.92,49.1,52.45
2026-06-03,S005,İzmir Konak,İzmir,Konak,Merkez,433,395,32,32,6,1.66,23,9,9,2,14.9,4,18,2,1,22978.15,17709.37,229,92,Sıcak,0,0,1.33,91.22,7.39,1.39,10.13,17.17,48.11,53.07
2026-06-03,S006,Bursa Nilüfer,Bursa,Nilüfer,Büyük,418,374,34,34,10,1.71,19,7,7,2,26.5,7,10,2,1,19047.74,14794.87,186,63,Açık,0,0,1.37,89.47,8.13,2.39,18.72,19.68,59.71,45.57
2026-06-03,S007,Antalya Muratpaşa,Antalya,Muratpaşa,Büyük,360,336,16,18,8,1.42,20,8,7,2,16.2,2,9,1,0,19475.87,15129.37,173,80,Açık,0,0,1.16,93.33,5.0,2.22,5.95,16.8,45.0,54.1
2026-06-03,S008,Konya Selçuklu,Konya,Selçuklu,Orta,353,314,29,37,10,1.62,16,6,5,1,15.4,4,14,1,1,18802.39,14595.77,171,55,Bulutlu,0,0,1.01,88.95,10.48,2.83,12.74,19.62,58.83,53.26
2026-06-03,S009,Samsun İlkadım,Samsun,İlkadım,Orta,311,263,41,42,7,2.09,15,6,4,3,30.6,5,8,2,0,14918.56,11845.81,123,54,Bulutlu,0,0,0.91,84.57,13.5,2.25,19.01,17.53,51.83,47.97
2026-06-03,S010,Erzurum Yakutiye,Erzurum,Yakutiye,Orta,234,222,10,13,2,1.26,14,5,4,0,4.5,3,9,1,1,11138.47,8751.62,92,47,Bulutlu,0,0,0.72,94.87,5.56,0.85,13.51,15.86,46.8,47.6
2026-06-04,S001,Ankara Çankaya,Ankara,Çankaya,Merkez,441,386,47,48,8,1.91,24,9,10,2,18.0,8,16,1,1,21494.56,18492.9,150,71,Açık,0,0,1.26,87.53,10.88,1.81,20.73,16.08,49.0,48.74
2026-06-04,S002,Ankara Keçiören,Ankara,Keçiören,Büyük,390,367,14,18,9,1.6,21,8,8,1,10.6,6,9,1,1,18037.9,15216.69,126,42,Açık,0,0,1.19,94.1,4.62,2.31,16.35,17.48,48.75,46.25
2026-06-04,S003,İstanbul Kadıköy,İstanbul,Kadıköy,Merkez,535,489,35,34,11,1.62,28,11,12,3,25.2,5,11,1,2,28019.03,21750.53,281,134,Açık,0,0,1.51,91.4,6.36,2.06,10.22,17.46,48.64,52.37
2026-06-04,S004,İstanbul Üsküdar,İstanbul,Üsküdar,Büyük,428,383,35,37,10,1.79,25,10,10,2,11.4,6,26,1,1,21612.14,18127.37,188,68,Yağmurlu,0,0,1.33,89.49,8.64,2.34,15.67,15.32,42.8,50.5
2026-06-04,S005,İzmir Konak,İzmir,Konak,Merkez,424,397,16,19,11,1.35,23,9,9,1,8.4,4,11,2,0,21505.79,18743.88,151,56,Açık,0,0,1.26,93.63,4.48,2.59,10.08,17.26,47.11,50.72
2026-06-04,S006,Bursa Nilüfer,Bursa,Nilüfer,Büyük,376,339,32,37,5,1.57,19,7,7,0,8.2,7,27,2,1,16573.84,12371.64,191,69,Yağmurlu,0,0,1.08,90.16,9.84,1.33,20.65,17.84,53.71,44.08
2026-06-04,S007,Antalya Muratpaşa,Antalya,Muratpaşa,Büyük,419,376,39,43,4,1.69,20,8,7,3,26.5,6,8,3,1,19164.76,14732.58,224,117,Açık,0,0,1.17,89.74,10.26,0.95,15.96,18.8,52.38,45.74
2026-06-04,S008,Konya Selçuklu,Konya,Selçuklu,Orta,347,301,40,45,6,1.9,16,6,5,2,20.7,5,9,2,1,19053.93,14134.12,179,90,Bulutlu,0,0,0.95,86.74,12.97,1.73,16.61,18.81,57.83,54.91
2026-06-04,S009,Samsun İlkadım,Samsun,İlkadım,Orta,292,272,16,23,4,1.93,15,6,4,0,4.6,4,17,1,1,12687.29,9953.01,142,70,Yağmurlu,0,0,0.78,93.15,7.88,1.37,14.71,18.13,48.67,43.45
2026-06-04,S010,Erzurum Yakutiye,Erzurum,Yakutiye,Orta,314,266,40,44,8,1.99,14,5,4,2,28.4,7,8,2,1,12990.82,10167.68,111,39,Açık,0,0,0.81,84.71,14.01,2.55,26.32,19.0,62.8,41.37
2026-06-05,S001,Ankara Çankaya,Ankara,Çankaya,Merkez,389,349,35,41,5,1.66,24,9,10,2,11.4,4,16,2,2,17717.0,14275.8,140,71,Açık,0,0,1.23,89.72,10.54,1.29,11.46,14.54,43.22,45.54
2026-06-05,S002,Ankara Keçiören,Ankara,Keçiören,Büyük,407,365,35,40,7,1.86,21,8,8,3,27.4,4,8,2,1,21156.7,16454.78,195,73,Açık,0,0,1.26,89.68,9.83,1.72,10.96,17.38,50.88,51.98
2026-06-05,S003,İstanbul Kadıköy,İstanbul,Kadıköy,Merkez,532,499,22,31,11,1.37,28,11,12,0,7.6,5,15,4,1,27722.98,21423.72,261,100,Açık,0,0,1.51,93.8,5.83,2.07,10.02,17.82,48.36,52.11
2026-06-05,S004,İstanbul Üsküdar,İstanbul,Üsküdar,Büyük,466,428,28,34,10,1.51,25,10,10,2,14.0,5,14,3,1,22041.48,17170.83,218,67,Açık,0,0,1.37,91.85,7.3,2.15,11.68,17.12,46.6,47.3
2026-06-05,S005,İzmir Konak,İzmir,Konak,Merkez,442,400,31,35,11,1.5,23,9,9,1,10.3,4,17,2,1,23192.72,17623.0,229,120,Sıcak,0,0,1.29,90.5,7.92,2.49,10.0,17.39,49.11,52.47
2026-06-05,S006,Bursa Nilüfer,Bursa,Nilüfer,Büyük,423,386,27,32,10,1.57,19,7,7,0,13.4,4,10,1,1,18480.16,14820.29,170,76,Açık,0,0,1.24,91.25,7.57,2.36,10.36,20.32,60.43,43.69
2026-06-05,S007,Antalya Muratpaşa,Antalya,Muratpaşa,Büyük,398,355,36,41,7,2.03,20,8,7,3,25.5,6,10,2,1,20199.28,16416.79,174,86,Açık,0,0,1.16,89.2,10.3,1.76,16.9,17.75,49.75,50.75
2026-06-05,S008,Konya Selçuklu,Konya,Selçuklu,Orta,347,304,41,43,2,1.88,16,6,5,2,22.7,5,9,1,1,17887.76,13983.72,168,77,Bulutlu,0,0,1.03,87.61,12.39,0.58,16.45,19.0,57.83,51.55
2026-06-05,S009,Samsun İlkadım,Samsun,İlkadım,Orta,307,278,21,28,8,1.6,15,6,4,1,11.6,1,8,1,1,13138.95,11052.73,125,38,Açık,0,0,0.88,90.55,9.12,2.61,3.6,18.53,51.17,42.8
2026-06-05,S010,Erzurum Yakutiye,Erzurum,Yakutiye,Orta,250,221,22,23,7,1.69,14,5,4,2,18.4,4,9,1,1,11299.42,8711.1,118,38,Açık,0,0,0.73,88.4,9.2,2.8,18.1,15.79,50.0,45.2
2026-06-06,S001,Ankara Çankaya,Ankara,Çankaya,Merkez,200,183,14,14,3,1.6,24,9,10,2,0.0,2,10,1,1,9783.76,7533.55,99,50,Bulutlu,0,0,1.26,91.5,7.0,1.5,10.93,7.62,22.22,48.92
2026-06-06,S002,Ankara Keçiören,Ankara,Keçiören,Büyük,195,187,6,8,2,1.61,21,8,8,0,0.0,0,6,0,0,9882.24,8096.14,64,29,Bulutlu,0,0,1.2,95.9,4.1,1.03,0.0,8.9,24.38,50.68
2026-06-06,S003,İstanbul Kadıköy,İstanbul,Kadıköy,Merkez,274,262,7,9,5,1.25,28,11,12,2,0.0,4,8,1,0,13479.48,9982.8,139,65,Açık,0,0,1.56,95.62,3.28,1.82,15.27,9.36,24.91,49.2
2026-06-06,S004,İstanbul Üsküdar,İstanbul,Üsküdar,Büyük,231,212,15,16,4,1.72,25,10,10,2,0.0,3,12,1,0,10867.74,8859.67,100,33,Yağmurlu,0,0,1.36,91.77,6.93,1.73,14.15,8.48,23.1,47.05
2026-06-06,S005,İzmir Konak,İzmir,Konak,Merkez,234,224,6,9,4,1.53,23,9,9,2,0.0,1,6,1,1,11775.31,9591.57,104,37,Açık,0,0,1.3,95.73,3.85,1.71,4.46,9.74,26.0,50.32
2026-06-06,S006,Bursa Nilüfer,Bursa,Nilüfer,Büyük,180,170,7,9,3,1.61,19,7,7,1,0.0,0,6,1,1,8909.84,6620.23,94,50,Bulutlu,0,0,1.03,94.44,5.0,1.67,0.0,8.95,25.71,49.5
2026-06-06,S007,Antalya Muratpaşa,Antalya,Muratpaşa,Büyük,194,181,9,12,4,1.38,20,8,7,3,0.0,0,4,1,1,10107.03,8400.75,86,41,Açık,0,0,1.13,93.3,6.19,2.06,0.0,9.05,24.25,52.1
2026-06-06,S008,Konya Selçuklu,Konya,Selçuklu,Orta,194,185,5,8,4,1.32,16,6,5,2,4.8,3,7,1,0,9933.07,7872.92,76,41,Bulutlu,0,0,0.99,95.36,4.12,2.06,16.22,11.56,32.33,51.2
2026-06-06,S009,Samsun İlkadım,Samsun,İlkadım,Orta,155,146,8,11,1,1.55,15,6,4,1,0.0,2,2,0,0,8008.2,6898.96,58,23,Açık,0,0,0.78,94.19,7.1,0.65,13.7,9.73,25.83,51.67
2026-06-06,S010,Erzurum Yakutiye,Erzurum,Yakutiye,Orta,130,105,23,24,2,2.45,14,5,4,4,34.0,3,2,0,0,5732.89,4574.36,57,24,Açık,0,0,0.82,80.77,18.46,1.54,28.57,7.5,26.0,44.1
2026-06-07,S001,Ankara Çankaya,Ankara,Çankaya,Merkez,269,242,22,25,5,1.53,24,9,10,2,0.0,7,10,1,0,11776.45,9595.18,111,49,Açık,0,0,1.45,89.96,9.29,1.86,28.93,10.08,29.89,43.78
2026-06-07,S002,Ankara Keçiören,Ankara,Keçiören,Büyük,152,144,6,8,2,1.43,21,8,8,2,0.0,1,4,0,0,7037.49,5667.74,60,30,Bulutlu,0,0,1.04,94.74,5.26,1.32,6.94,6.86,19.0,46.3
2026-06-07,S003,İstanbul Kadıköy,İstanbul,Kadıköy,Merkez,262,248,11,14,3,1.49,28,11,12,2,0.0,0,7,1,1,12376.31,8971.49,127,70,Açık,0,0,1.71,94.66,5.34,1.15,0.0,8.86,23.82,47.24
2026-06-07,S004,İstanbul Üsküdar,İstanbul,Üsküdar,Büyük,208,194,10,14,4,1.67,25,10,10,2,0.0,1,6,1,0,9147.54,7566.62,77,29,Bulutlu,0,0,1.38,93.27,6.73,1.92,5.15,7.76,20.8,43.98
2026-06-07,S005,İzmir Konak,İzmir,Konak,Merkez,199,185,10,12,4,1.56,23,9,9,0,0.0,2,8,1,0,10020.41,8299.63,76,30,Sıcak,0,0,1.27,92.96,6.03,2.01,10.81,8.04,22.11,50.35
2026-06-07,S006,Bursa Nilüfer,Bursa,Nilüfer,Büyük,184,174,7,9,3,1.19,19,7,7,0,0.0,2,5,1,1,8566.97,6866.08,72,24,Açık,0,0,1.17,94.57,4.89,1.63,11.49,9.16,26.29,46.56
2026-06-07,S007,Antalya Muratpaşa,Antalya,Muratpaşa,Büyük,197,189,3,5,5,1.41,20,8,7,3,0.0,1,5,1,1,10237.26,7876.71,101,34,Açık,0,0,1.22,95.94,2.54,2.54,5.29,9.45,24.62,51.97
2026-06-07,S008,Konya Selçuklu,Konya,Selçuklu,Orta,147,141,3,5,3,1.35,16,6,5,1,0.0,0,4,0,0,7036.2,5816.38,61,25,Açık,0,0,0.89,95.92,3.4,2.04,0.0,8.81,24.5,47.87
2026-06-07,S009,Samsun İlkadım,Samsun,İlkadım,Orta,115,107,7,8,1,1.27,15,6,4,0,0.0,0,4,1,0,5686.24,4754.27,47,16,Bulutlu,0,0,0.76,93.04,6.96,0.87,0.0,7.13,19.17,49.45
2026-06-07,S010,Erzurum Yakutiye,Erzurum,Yakutiye,Orta,141,134,5,5,2,1.36,14,5,4,1,0.0,0,3,0,0,7558.51,5830.94,70,34,Açık,0,0,0.72,95.04,3.55,1.42,0.0,9.57,28.2,53.61
2026-06-08,S001,Ankara Çankaya,Ankara,Çankaya,Merkez,470,417,44,48,9,1.75,24,9,10,0,8.2,7,22,3,1,21801.62,18133.69,156,55,Açık,0,0,1.14,88.72,10.21,1.91,16.79,17.38,52.22,46.39
2026-06-08,S002,Ankara Keçiören,Ankara,Keçiören,Büyük,535,462,63,68,10,1.87,21,8,8,0,17.5,10,31,1,1,21456.16,16791.81,206,93,Yağmurlu,0,0,1.34,86.36,12.71,1.87,21.65,22.0,66.88,40.1
2026-06-08,S003,İstanbul Kadıköy,İstanbul,Kadıköy,Merkez,612,545,54,62,13,1.7,28,11,12,1,18.0,11,34,2,1,32570.11,25549.56,271,95,Yağmurlu,0,0,1.52,89.05,10.13,2.12,20.18,19.46,55.64,53.22
2026-06-08,S004,İstanbul Üsküdar,İstanbul,Üsküdar,Büyük,555,510,33,32,12,1.53,25,10,10,0,10.8,4,13,2,1,28286.84,23403.24,196,61,Açık,0,0,1.37,91.89,5.77,2.16,7.84,20.4,55.5,50.97
2026-06-08,S005,İzmir Konak,İzmir,Konak,Merkez,561,510,42,48,9,1.64,23,9,9,1,22.3,6,13,1,2,27589.01,22055.27,259,127,Açık,0,0,1.44,90.91,8.56,1.6,11.76,22.17,62.33,49.18
2026-06-08,S006,Bursa Nilüfer,Bursa,Nilüfer,Büyük,427,364,55,54,8,2.25,19,7,7,2,25.6,8,26,2,1,21356.57,16245.47,217,84,Yağmurlu,0,0,1.15,85.25,12.65,1.87,21.98,19.16,61.0,50.02
2026-06-08,S007,Antalya Muratpaşa,Antalya,Muratpaşa,Büyük,499,434,57,61,8,2.08,20,8,7,2,25.9,9,14,0,1,26464.79,20799.11,242,90,Sıcak,0,0,1.2,86.97,12.22,1.6,20.74,21.7,62.38,53.04
2026-06-08,S008,Konya Selçuklu,Konya,Selçuklu,Orta,363,309,45,46,9,1.91,16,6,5,2,25.5,8,9,1,1,18021.04,13703.01,158,76,Açık,0,0,0.88,85.12,12.67,2.48,25.89,19.31,60.5,49.64
2026-06-08,S009,Samsun İlkadım,Samsun,İlkadım,Orta,368,309,52,53,7,2.05,15,6,4,1,15.6,10,24,2,1,14775.86,11353.6,134,71,Yağmurlu,0,0,0.83,83.97,14.4,1.9,32.36,20.6,61.33,40.15
2026-06-08,S010,Erzurum Yakutiye,Erzurum,Yakutiye,Orta,388,352,28,34,8,1.79,14,5,4,0,14.2,5,13,1,1,21235.87,16322.96,213,91,Açık,0,0,0.93,90.72,8.76,2.06,14.2,25.14,77.6,54.73
2026-06-09,S001,Ankara Çankaya,Ankara,Çankaya,Merkez,410,353,49,51,8,1.99,24,9,10,1,7.6,6,33,2,1,19720.29,16077.55,188,73,Yağmurlu,0,0,1.32,86.1,12.44,1.95,17.0,14.71,45.56,48.1
2026-06-09,S002,Ankara Keçiören,Ankara,Keçiören,Büyük,406,375,21,27,10,1.66,21,8,8,1,11.0,5,12,1,1,19082.02,15170.05,176,55,Açık,0,0,1.18,92.36,6.65,2.46,13.33,17.86,50.75,47.0
2026-06-09,S003,İstanbul Kadıköy,İstanbul,Kadıköy,Merkez,486,446,29,30,11,1.45,28,11,12,3,14.5,6,14,3,1,24176.16,19015.76,243,84,Açık,0,0,1.54,91.77,6.17,2.26,13.45,15.93,44.18,49.75
2026-06-09,S004,İstanbul Üsküdar,İstanbul,Üsküdar,Büyük,505,456,36,40,13,1.73,25,10,10,2,16.5,6,14,1,1,23783.55,19141.4,212,110,Açık,0,0,1.36,90.3,7.92,2.57,13.16,18.24,50.5,47.1
2026-06-09,S005,İzmir Konak,İzmir,Konak,Merkez,455,406,39,43,10,1.72,23,9,9,2,18.7,2,17,2,1,18513.45,14760.19,160,48,Sıcak,0,0,1.37,89.23,9.45,2.2,4.93,17.65,50.56,40.69
2026-06-09,S006,Bursa Nilüfer,Bursa,Nilüfer,Büyük,399,336,57,63,6,2.23,19,7,7,2,20.7,7,22,2,1,16286.97,12916.6,152,61,Yağmurlu,0,0,1.23,84.21,15.79,1.5,20.83,17.68,57.0,40.82
2026-06-09,S007,Antalya Muratpaşa,Antalya,Muratpaşa,Büyük,351,315,27,27,9,1.65,20,8,7,3,18.7,3,9,1,1,17600.1,13995.49,170,84,Açık,0,0,1.06,89.74,7.69,2.56,9.52,15.75,43.88,50.14
2026-06-09,S008,Konya Selçuklu,Konya,Selçuklu,Orta,299,278,18,18,3,1.59,16,6,5,1,11.4,0,9,0,1,16135.75,13118.1,133,69,Açık,0,0,0.87,92.98,6.02,1.0,0.0,17.38,49.83,53.97
2026-06-09,S009,Samsun İlkadım,Samsun,İlkadım,Orta,300,268,25,28,7,1.72,15,6,4,2,17.6,3,7,1,1,13480.74,11008.03,114,42,Açık,0,0,0.96,89.33,9.33,2.33,11.19,17.87,50.0,44.94
2026-06-09,S010,Erzurum Yakutiye,Erzurum,Yakutiye,Orta,318,294,22,26,2,1.73,14,5,4,0,10.2,6,12,1,0,14200.39,11829.45,127,54,Bulutlu,0,0,0.76,92.45,8.18,0.63,20.41,21.0,63.6,44.66
2026-06-10,S001,Ankara Çankaya,Ankara,Çankaya,Merkez,421,364,50,56,7,2.14,24,9,10,3,20.8,9,21,3,1,18599.37,13569.34,186,92,Açık,0,0,1.29,86.46,13.3,1.66,24.73,15.17,46.78,44.18
2026-06-10,S002,Ankara Keçiören,Ankara,Keçiören,Büyük,376,344,24,29,8,1.44,21,8,8,2,16.9,5,9,1,0,17975.94,15122.27,142,47,Açık,0,0,1.16,91.49,7.71,2.13,14.53,16.38,47.0,47.81
2026-06-10,S003,İstanbul Kadıköy,İstanbul,Kadıköy,Merkez,505,476,16,17,13,1.24,28,11,12,0,5.0,3,13,1,1,24712.77,20833.71,171,90,Açık,0,0,1.44,94.26,3.37,2.57,6.3,17.0,45.91,48.94
2026-06-10,S004,İstanbul Üsküdar,İstanbul,Üsküdar,Büyük,435,393,33,39,9,1.58,25,10,10,1,8.4,7,24,1,2,20676.26,16324.91,187,87,Yağmurlu,0,0,1.25,90.34,8.97,2.07,17.81,15.72,43.5,47.53
2026-06-10,S005,İzmir Konak,İzmir,Konak,Merkez,361,344,12,16,5,1.34,23,9,9,1,2.6,1,5,2,1,17672.15,14943.74,153,48,Açık,0,0,1.12,95.29,4.43,1.39,2.91,14.96,40.11,48.95
2026-06-10,S006,Bursa Nilüfer,Bursa,Nilüfer,Büyük,326,305,13,17,8,1.47,19,7,7,1,8.7,4,8,1,1,15844.97,12789.43,131,49,Açık,0,0,1.07,93.56,5.21,2.45,13.11,16.05,46.57,48.6
2026-06-10,S007,Antalya Muratpaşa,Antalya,Muratpaşa,Büyük,450,412,33,33,5,1.52,20,8,7,1,15.4,3,6,2,1,21111.22,17259.05,190,95,Açık,0,0,1.25,91.56,7.33,1.11,7.28,20.6,56.25,46.91
2026-06-10,S008,Konya Selçuklu,Konya,Selçuklu,Orta,292,251,37,41,4,1.78,16,6,5,3,27.6,7,8,1,1,14009.46,10835.49,154,51,Açık,0,0,0.87,85.96,14.04,1.37,27.89,15.69,48.67,47.98
2026-06-10,S009,Samsun İlkadım,Samsun,İlkadım,Orta,205,195,6,9,4,1.36,15,6,4,1,2.0,2,6,0,0,9090.06,7259.46,70,32,Açık,0,0,0.73,95.12,4.39,1.95,10.26,13.0,34.17,44.34
2026-06-10,S010,Erzurum Yakutiye,Erzurum,Yakutiye,Orta,277,246,28,29,3,1.83,14,5,4,2,22.1,4,8,0,1,14387.57,10548.51,151,65,Açık,0,0,0.82,88.81,10.47,1.08,16.26,17.57,55.4,51.94
2026-06-11,S001,Ankara Çankaya,Ankara,Çankaya,Merkez,383,344,34,38,5,1.93,24,9,10,0,2.0,5,16,2,1,18650.49,14875.94,149,68,Açık,0,0,1.24,89.82,9.92,1.31,14.53,14.33,42.56,48.7
2026-06-11,S002,Ankara Keçiören,Ankara,Keçiören,Büyük,498,442,48,52,8,1.87,21,8,8,2,28.7,6,12,2,1,24518.17,18840.43,215,83,Açık,0,0,1.38,88.76,10.44,1.61,13.57,21.05,62.25,49.23
2026-06-11,S003,İstanbul Kadıköy,İstanbul,Kadıköy,Merkez,520,475,31,36,14,1.37,28,11,12,2,14.6,5,14,2,1,24333.21,18500.02,229,82,Açık,0,0,1.45,91.35,6.92,2.69,10.53,16.96,47.27,46.79
2026-06-11,S004,İstanbul Üsküdar,İstanbul,Üsküdar,Büyük,525,484,31,34,10,1.61,25,10,10,1,15.0,6,16,2,1,25379.69,19942.32,218,86,Bulutlu,0,0,1.48,92.19,6.48,1.9,12.4,19.36,52.5,48.34
2026-06-11,S005,İzmir Konak,İzmir,Konak,Merkez,376,348,21,19,7,1.59,23,9,9,1,5.3,4,20,1,1,19477.02,16626.99,122,54,Sıcak,0,0,1.19,92.55,5.05,1.86,11.49,15.13,41.78,51.8
2026-06-11,S006,Bursa Nilüfer,Bursa,Nilüfer,Büyük,335,307,21,24,7,1.64,19,7,7,2,15.9,5,10,1,1,15371.39,11061.25,177,57,Bulutlu,0,0,1.04,91.64,7.16,2.09,16.29,16.16,47.86,45.88
2026-06-11,S007,Antalya Muratpaşa,Antalya,Muratpaşa,Büyük,420,391,18,22,11,1.54,20,8,7,0,7.9,4,21,2,1,20496.43,17313.5,139,56,Sıcak,0,0,1.16,93.1,5.24,2.62,10.23,19.55,52.5,48.8
2026-06-11,S008,Konya Selçuklu,Konya,Selçuklu,Orta,304,274,26,30,4,1.78,16,6,5,2,16.9,3,7,2,1,13818.32,10124.86,144,53,Açık,0,0,0.97,90.13,9.87,1.32,10.95,17.12,50.67,45.46
2026-06-11,S009,Samsun İlkadım,Samsun,İlkadım,Orta,305,274,25,24,6,1.68,15,6,4,2,17.0,2,6,2,1,13087.86,10363.59,137,47,Açık,0,0,0.83,89.84,7.87,1.97,7.3,18.27,50.83,42.91
2026-06-11,S010,Erzurum Yakutiye,Erzurum,Yakutiye,Orta,325,240,79,78,6,3.04,14,5,4,3,50.4,8,7,1,0,12643.93,10051.51,138,57,Açık,0,0,0.99,73.85,24.0,1.85,33.33,17.14,65.0,38.9
2026-06-12,S001,Ankara Çankaya,Ankara,Çankaya,Merkez,431,359,66,71,6,2.09,24,9,10,3,23.0,9,21,1,0,17337.22,14351.93,146,49,Açık,0,0,1.22,83.29,16.47,1.39,25.07,14.96,47.89,40.23
2026-06-12,S002,Ankara Keçiören,Ankara,Keçiören,Büyük,394,365,22,26,7,1.35,21,8,8,1,11.3,4,9,1,2,21357.24,17042.23,192,92,Bulutlu,0,0,1.17,92.64,6.6,1.78,10.96,17.38,49.25,54.21
2026-06-12,S003,İstanbul Kadıköy,İstanbul,Kadıköy,Merkez,445,425,14,21,6,1.31,28,11,12,2,7.2,3,8,0,1,21747.79,16477.79,211,75,Açık,0,0,1.44,95.51,4.72,1.35,7.06,15.18,40.45,48.87
2026-06-12,S004,İstanbul Üsküdar,İstanbul,Üsküdar,Büyük,464,445,11,16,8,1.35,25,10,10,0,5.3,5,15,1,1,24438.9,19944.1,223,77,Açık,0,0,1.36,95.91,3.45,1.72,11.24,17.8,46.4,52.67
2026-06-12,S005,İzmir Konak,İzmir,Konak,Merkez,432,390,33,40,9,1.71,23,9,9,1,10.8,4,21,2,1,17873.35,14300.91,179,62,Sıcak,0,0,1.19,90.28,9.26,2.08,10.26,16.96,48.0,41.37
2026-06-12,S006,Bursa Nilüfer,Bursa,Nilüfer,Büyük,351,286,56,61,9,2.18,19,7,7,4,43.9,10,9,1,1,16003.69,11643.38,180,79,Açık,0,0,1.1,81.48,17.38,2.56,34.97,15.05,50.14,45.59
2026-06-12,S007,Antalya Muratpaşa,Antalya,Muratpaşa,Büyük,330,318,8,11,4,1.48,20,8,7,2,11.7,1,9,1,1,15110.94,12093.1,121,45,Açık,0,0,1.12,96.36,3.33,1.21,3.14,15.9,41.25,45.79
2026-06-12,S008,Konya Selçuklu,Konya,Selçuklu,Orta,386,307,72,78,7,2.45,16,6,5,3,42.8,9,11,1,1,16438.74,11341.82,211,102,Açık,0,0,1.02,79.53,20.21,1.81,29.32,19.19,64.33,42.59
2026-06-12,S009,Samsun İlkadım,Samsun,İlkadım,Orta,306,292,9,15,5,1.4,15,6,4,0,4.5,2,7,1,1,13904.22,10664.71,147,58,Açık,0,0,0.77,95.42,4.9,1.63,6.85,19.47,51.0,45.44
2026-06-12,S010,Erzurum Yakutiye,Erzurum,Yakutiye,Orta,220,184,32,32,4,2.05,14,5,4,3,28.6,2,6,1,1,9673.53,7934.92,71,29,Açık,0,0,0.73,83.64,14.55,1.82,10.87,13.14,44.0,43.97
2026-06-13,S001,Ankara Çankaya,Ankara,Çankaya,Merkez,207,185,19,24,3,1.65,24,9,10,3,0.0,2,10,1,0,10036.2,7833.99,85,27,Açık,0,0,1.36,89.37,11.59,1.45,10.81,7.71,23.0,48.48
2026-06-13,S002,Ankara Keçiören,Ankara,Keçiören,Büyük,149,135,11,13,3,1.58,21,8,8,0,0.0,4,10,0,0,6867.13,5703.37,57,29,Yağmurlu,0,0,1.12,90.6,8.72,2.01,29.63,6.43,18.62,46.09
2026-06-13,S003,İstanbul Kadıköy,İstanbul,Kadıköy,Merkez,229,216,9,10,4,1.51,28,11,12,2,0.0,4,5,1,1,12009.4,10124.03,75,31,Açık,0,0,1.45,94.32,4.37,1.75,18.52,7.71,20.82,52.44
2026-06-13,S004,İstanbul Üsküdar,İstanbul,Üsküdar,Büyük,225,207,13,14,5,1.74,25,10,10,1,0.0,4,15,0,0,10727.0,9033.85,82,36,Yağmurlu,0,0,1.49,92.0,6.22,2.22,19.32,8.28,22.5,47.68
2026-06-13,S005,İzmir Konak,İzmir,Konak,Merkez,168,155,10,10,3,1.58,23,9,9,1,0.0,1,8,1,0,8123.77,6602.5,79,29,Sıcak,0,0,1.27,92.26,5.95,1.79,6.45,6.74,18.67,48.36
2026-06-13,S006,Bursa Nilüfer,Bursa,Nilüfer,Büyük,238,215,15,17,8,1.78,19,7,7,1,1.0,5,15,1,0,12595.4,9551.68,129,60,Yağmurlu,0,0,1.24,90.34,7.14,3.36,23.26,11.32,34.0,52.92
2026-06-13,S007,Antalya Muratpaşa,Antalya,Muratpaşa,Büyük,161,148,11,12,2,1.45,20,8,7,3,0.0,2,7,1,0,8240.57,6648.21,85,27,Sıcak,0,0,1.11,91.93,7.45,1.24,13.51,7.4,20.12,51.18
2026-06-13,S008,Konya Selçuklu,Konya,Selçuklu,Orta,151,140,9,11,2,1.18,16,6,5,3,6.6,1,3,1,0,6387.67,5361.84,49,22,Açık,0,0,0.96,92.72,7.28,1.32,7.14,8.75,25.17,42.3
2026-06-13,S009,Samsun İlkadım,Samsun,İlkadım,Orta,135,130,3,4,2,1.44,15,6,4,2,0.0,2,4,0,0,6388.49,4832.82,67,35,Açık,0,0,0.89,96.3,2.96,1.48,15.38,8.67,22.5,47.32
2026-06-13,S010,Erzurum Yakutiye,Erzurum,Yakutiye,Orta,134,125,6,8,3,1.32,14,5,4,1,1.0,1,4,0,0,6945.52,5342.99,62,32,Açık,0,0,0.65,93.28,5.97,2.24,8.0,8.93,26.8,51.83
2026-06-14,S001,Ankara Çankaya,Ankara,Çankaya,Merkez,222,191,29,29,2,2.19,24,9,10,2,0.0,5,20,1,0,9749.34,7430.59,115,56,Yağmurlu,0,0,1.25,86.04,13.06,0.9,26.18,7.96,24.67,43.92
2026-06-14,S002,Ankara Keçiören,Ankara,Keçiören,Büyük,144,135,7,10,2,1.57,21,8,8,0,0.0,4,4,1,0,7012.72,5758.96,47,22,Bulutlu,0,0,1.17,93.75,6.94,1.39,29.63,6.43,18.0,48.7
2026-06-14,S003,İstanbul Kadıköy,İstanbul,Kadıköy,Merkez,198,180,16,18,2,1.55,28,11,12,2,0.0,2,13,1,0,8203.96,6755.94,68,26,Yağmurlu,0,0,1.46,90.91,9.09,1.01,11.11,6.43,18.0,41.43
2026-06-14,S004,İstanbul Üsküdar,İstanbul,Üsküdar,Büyük,203,185,15,16,3,1.45,25,10,10,3,0.0,3,13,1,1,9433.43,8003.21,81,28,Yağmurlu,0,0,1.32,91.13,7.88,1.48,16.22,7.4,20.3,46.47
2026-06-14,S005,İzmir Konak,İzmir,Konak,Merkez,173,164,6,8,3,1.36,23,9,9,2,0.0,1,3,1,0,8551.25,6464.04,95,44,Açık,0,0,1.15,94.8,4.62,1.73,6.1,7.13,19.22,49.43
2026-06-14,S006,Bursa Nilüfer,Bursa,Nilüfer,Büyük,199,189,7,9,3,1.39,19,7,7,0,0.0,1,5,1,0,8530.91,6923.82,64,23,Bulutlu,0,0,1.12,94.97,4.52,1.51,5.29,9.95,28.43,42.87
2026-06-14,S007,Antalya Muratpaşa,Antalya,Muratpaşa,Büyük,215,202,10,11,3,1.53,20,8,7,0,0.0,2,10,1,0,9890.89,7729.32,77,37,Sıcak,0,0,1.1,93.95,5.12,1.4,9.9,10.1,26.88,46.0
2026-06-14,S008,Konya Selçuklu,Konya,Selçuklu,Orta,139,130,7,9,2,1.51,16,6,5,3,3.2,2,3,1,0,6637.31,5544.19,52,18,Açık,0,0,0.87,93.53,6.47,1.44,15.38,8.12,23.17,47.75
2026-06-14,S009,Samsun İlkadım,Samsun,İlkadım,Orta,140,132,5,6,3,1.38,15,6,4,2,0.0,2,4,1,0,6194.82,4996.62,54,24,Açık,0,0,0.87,94.29,4.29,2.14,15.15,8.8,23.33,44.25
2026-06-14,S010,Erzurum Yakutiye,Erzurum,Yakutiye,Orta,155,144,8,9,3,1.76,14,5,4,0,0.0,2,11,1,1,7601.98,5820.35,80,27,Yağmurlu,0,0,0.72,92.9,5.81,1.94,13.89,10.29,31.0,49.05
2026-06-15,S001,Ankara Çankaya,Ankara,Çankaya,Merkez,509,433,67,70,9,2.17,24,9,10,2,25.0,10,33,1,1,22824.52,18336.73,207,100,Bulutlu,0,0,1.23,85.07,13.75,1.77,23.09,18.04,56.56,44.84
2026-06-15,S002,Ankara Keçiören,Ankara,Keçiören,Büyük,484,433,37,45,14,1.51,21,8,8,1,18.4,7,14,2,2,21774.66,18032.65,164,75,Açık,0,0,1.14,89.46,9.3,2.89,16.17,20.62,60.5,44.99
2026-06-15,S003,İstanbul Kadıköy,İstanbul,Kadıköy,Merkez,607,558,40,39,9,1.81,28,11,12,2,22.5,5,19,2,1,30469.55,22892.44,295,121,Bulutlu,0,0,1.57,91.93,6.43,1.48,8.96,19.93,55.18,50.2
2026-06-15,S004,İstanbul Üsküdar,İstanbul,Üsküdar,Büyük,545,504,31,30,10,1.63,25,10,10,1,16.9,6,22,2,2,22802.61,19302.57,207,64,Bulutlu,0,0,1.42,92.48,5.5,1.83,11.9,20.16,54.5,41.84
2026-06-15,S005,İzmir Konak,İzmir,Konak,Merkez,512,473,30,36,9,1.43,23,9,9,1,15.2,6,10,2,1,25185.24,19879.74,236,95,Açık,0,0,1.24,92.38,7.03,1.76,12.68,20.57,56.89,49.19
2026-06-15,S006,Bursa Nilüfer,Bursa,Nilüfer,Büyük,434,394,35,41,5,1.58,19,7,7,1,20.7,4,12,2,0,20276.37,16328.56,186,100,Açık,0,0,1.04,90.78,9.45,1.15,10.15,20.74,62.0,46.72
2026-06-15,S007,Antalya Muratpaşa,Antalya,Muratpaşa,Büyük,474,415,48,52,11,1.76,20,8,7,2,26.7,6,19,1,1,19632.67,16004.0,171,89,Sıcak,0,0,1.17,87.55,10.97,2.32,14.46,20.75,59.25,41.42
2026-06-15,S008,Konya Selçuklu,Konya,Selçuklu,Orta,347,257,84,83,6,2.88,16,6,5,4,65.1,10,6,2,0,14520.81,10297.26,158,72,Açık,0,0,0.9,74.06,23.92,1.73,38.91,16.06,57.83,41.85
2026-06-15,S009,Samsun İlkadım,Samsun,İlkadım,Orta,311,284,23,24,4,1.5,15,6,4,1,13.8,2,7,2,1,14860.17,11248.68,165,86,Açık,0,0,0.83,91.32,7.72,1.29,7.04,18.93,51.83,47.78
2026-06-15,S010,Erzurum Yakutiye,Erzurum,Yakutiye,Orta,345,302,38,41,5,1.97,14,5,4,1,17.5,4,6,3,1,13961.15,11422.78,143,58,Bulutlu,0,0,0.77,87.54,11.88,1.45,13.25,21.57,69.0,40.47
2026-06-16,S001,Ankara Çankaya,Ankara,Çankaya,Merkez,453,387,52,55,14,1.74,24,9,10,1,12.0,8,30,1,1,20669.51,16068.23,234,87,Açık,0,0,1.21,85.43,12.14,3.09,20.67,16.12,50.33,45.63
2026-06-16,S002,Ankara Keçiören,Ankara,Keçiören,Büyük,450,386,52,61,12,2.05,21,8,8,3,29.5,7,12,2,2,21579.37,17303.56,198,69,Açık,0,0,1.3,85.78,13.56,2.67,18.13,18.38,56.25,47.95
2026-06-16,S003,İstanbul Kadıköy,İstanbul,Kadıköy,Merkez,485,464,14,19,7,1.33,28,11,12,2,10.8,4,12,2,1,22784.36,19144.82,187,78,Açık,0,0,1.38,95.67,3.92,1.44,8.62,16.57,44.09,46.98
2026-06-16,S004,İstanbul Üsküdar,İstanbul,Üsküdar,Büyük,439,411,16,17,12,1.38,25,10,10,0,1.8,4,14,3,1,18288.91,14989.33,171,65,Açık,0,0,1.33,93.62,3.87,2.73,9.73,16.44,43.9,41.66
2026-06-16,S005,İzmir Konak,İzmir,Konak,Merkez,359,328,19,23,12,1.4,23,9,9,2,9.0,1,12,2,1,16123.36,12122.54,165,63,Açık,0,0,1.19,91.36,6.41,3.34,3.05,14.26,39.89,44.91
2026-06-16,S006,Bursa Nilüfer,Bursa,Nilüfer,Büyük,358,333,19,23,6,1.43,19,7,7,0,8.0,2,8,2,0,18035.25,13931.89,191,100,Açık,0,0,1.1,93.02,6.42,1.68,6.01,17.53,51.14,50.38
2026-06-16,S007,Antalya Muratpaşa,Antalya,Muratpaşa,Büyük,390,361,23,25,6,1.48,20,8,7,2,15.6,4,9,1,2,18735.32,14796.97,146,78,Açık,0,0,1.12,92.56,6.41,1.54,11.08,18.05,48.75,48.04
2026-06-16,S008,Konya Selçuklu,Konya,Selçuklu,Orta,248,225,18,19,5,1.64,16,6,5,1,5.2,3,16,1,1,11646.84,9009.26,124,45,Yağmurlu,0,0,0.86,90.73,7.66,2.02,13.33,14.06,41.33,46.96
2026-06-16,S009,Samsun İlkadım,Samsun,İlkadım,Orta,356,321,31,35,4,2.0,15,6,4,1,13.5,7,22,2,1,18064.14,12831.54,191,101,Yağmurlu,0,0,0.98,90.17,9.83,1.12,21.81,21.4,59.33,50.74
2026-06-16,S010,Erzurum Yakutiye,Erzurum,Yakutiye,Orta,248,190,53,59,5,2.53,14,5,4,3,33.6,9,14,1,1,10010.43,7789.82,100,54,Yağmurlu,0,0,0.77,76.61,23.79,2.02,47.37,13.57,49.6,40.36
2026-06-17,S001,Ankara Çankaya,Ankara,Çankaya,Merkez,406,364,31,33,11,1.72,24,9,10,0,4.7,5,26,2,1,17933.07,13677.69,199,63,Açık,0,0,1.17,89.66,8.13,2.71,13.74,15.17,45.11,44.17
2026-06-17,S002,Ankara Keçiören,Ankara,Keçiören,Büyük,439,399,33,38,7,1.43,21,8,8,1,15.2,3,16,2,1,20923.75,15793.62,235,95,Bulutlu,0,0,1.18,90.89,8.66,1.59,7.52,19.0,54.88,47.66
2026-06-17,S003,İstanbul Kadıköy,İstanbul,Kadıköy,Merkez,463,434,18,27,11,1.48,28,11,12,2,9.5,2,11,3,2,22670.11,17006.98,229,85,Açık,0,0,1.45,93.74,5.83,2.38,4.61,15.5,42.09,48.96
2026-06-17,S004,İstanbul Üsküdar,İstanbul,Üsküdar,Büyük,410,388,14,22,8,1.51,25,10,10,1,4.5,5,10,2,1,20583.81,16584.89,163,55,Bulutlu,0,0,1.27,94.63,5.37,1.95,12.89,15.52,41.0,50.2
2026-06-17,S005,İzmir Konak,İzmir,Konak,Merkez,400,384,7,13,9,1.36,23,9,9,0,2.9,0,9,1,0,20503.09,16465.8,169,80,Açık,0,0,1.13,96.0,3.25,2.25,0.0,16.7,44.44,51.26
2026-06-17,S006,Bursa Nilüfer,Bursa,Nilüfer,Büyük,370,335,30,31,5,1.72,19,7,7,1,13.5,5,22,2,1,15922.6,13606.41,122,62,Yağmurlu,0,0,1.07,90.54,8.38,1.35,14.93,17.63,52.86,43.03
2026-06-17,S007,Antalya Muratpaşa,Antalya,Muratpaşa,Büyük,385,365,11,13,9,1.39,20,8,7,0,4.5,3,13,2,1,17274.77,13693.88,140,63,Açık,0,0,1.2,94.81,3.38,2.34,8.22,18.25,48.12,44.87
2026-06-17,S008,Konya Selçuklu,Konya,Selçuklu,Orta,336,308,24,29,4,1.65,16,6,5,1,14.2,6,14,2,1,15078.63,11957.95,109,59,Bulutlu,0,0,0.98,91.67,8.63,1.19,19.48,19.25,56.0,44.88
2026-06-17,S009,Samsun İlkadım,Samsun,İlkadım,Orta,252,227,20,22,5,1.61,15,6,4,0,1.1,3,16,1,0,11302.47,9338.93,102,42,Yağmurlu,0,0,0.75,90.08,8.73,1.98,13.22,15.13,42.0,44.85
2026-06-17,S010,Erzurum Yakutiye,Erzurum,Yakutiye,Orta,210,194,11,14,5,1.28,14,5,4,1,4.1,2,7,1,0,9963.6,7733.71,91,35,Açık,0,0,0.61,92.38,6.67,2.38,10.31,13.86,42.0,47.45
2026-06-18,S001,Ankara Çankaya,Ankara,Çankaya,Merkez,397,342,50,56,5,1.98,24,9,10,2,10.8,11,26,2,1,17955.7,13822.89,165,88,Bulutlu,0,0,1.23,86.15,14.11,1.26,32.16,14.25,44.11,45.23
2026-06-18,S002,Ankara Keçiören,Ankara,Keçiören,Büyük,403,367,29,35,7,1.82,21,8,8,2,18.5,6,12,3,1,19751.68,15604.53,166,55,Açık,0,0,1.16,91.07,8.68,1.74,16.35,17.48,50.38,49.01
2026-06-18,S003,İstanbul Kadıköy,İstanbul,Kadıköy,Merkez,491,461,19,19,11,1.38,28,11,12,2,9.7,2,11,1,2,23224.51,18743.53,188,76,Açık,0,0,1.5,93.89,3.87,2.24,4.34,16.46,44.64,47.3
2026-06-18,S004,İstanbul Üsküdar,İstanbul,Üsküdar,Büyük,458,433,19,21,6,1.18,25,10,10,0,3.9,2,12,2,1,19699.89,15717.98,152,78,Bulutlu,0,0,1.3,94.54,4.59,1.31,4.62,17.32,45.8,43.01
2026-06-18,S005,İzmir Konak,İzmir,Konak,Merkez,424,394,22,28,8,1.54,23,9,9,0,5.2,4,14,3,2,19485.86,15149.31,171,67,Sıcak,0,0,1.14,92.92,6.6,1.89,10.15,17.13,47.11,45.96
2026-06-18,S006,Bursa Nilüfer,Bursa,Nilüfer,Büyük,379,343,28,33,8,1.62,19,7,7,2,21.2,6,10,2,1,18950.68,14973.87,181,57,Açık,0,0,1.05,90.5,8.71,2.11,17.49,18.05,54.14,50.0
2026-06-18,S007,Antalya Muratpaşa,Antalya,Muratpaşa,Büyük,407,381,19,25,7,1.48,20,8,7,1,12.0,5,8,2,0,18747.88,14071.29,202,88,Açık,0,0,1.2,93.61,6.14,1.72,13.12,19.05,50.88,46.06
2026-06-18,S008,Konya Selçuklu,Konya,Selçuklu,Orta,288,270,12,17,6,1.36,16,6,5,0,3.1,2,11,2,1,16200.7,12942.08,127,42,Bulutlu,0,0,0.81,93.75,5.9,2.08,7.41,16.88,48.0,56.25
2026-06-18,S009,Samsun İlkadım,Samsun,İlkadım,Orta,354,312,38,40,4,2.1,15,6,4,1,15.9,8,18,1,1,16781.12,12857.43,151,81,Yağmurlu,0,0,0.89,88.14,11.3,1.13,25.64,20.8,59.0,47.4
2026-06-18,S010,Erzurum Yakutiye,Erzurum,Yakutiye,Orta,277,241,31,36,5,1.94,14,5,4,2,24.4,4,5,0,1,13899.14,11293.06,119,45,Açık,0,0,0.79,87.0,13.0,1.81,16.6,17.21,55.4,50.18
2026-06-19,S001,Ankara Çankaya,Ankara,Çankaya,Merkez,380,334,38,41,8,1.68,24,9,10,0,1.4,7,23,2,1,15333.42,12028.09,159,56,Açık,0,0,1.08,87.89,10.79,2.11,20.96,13.92,42.22,40.35
2026-06-19,S002,Ankara Keçiören,Ankara,Keçiören,Büyük,393,361,21,23,11,1.47,21,8,8,1,9.7,3,11,3,1,19027.78,14807.75,213,92,Açık,0,0,1.21,91.86,5.85,2.8,8.31,17.19,49.12,48.42
2026-06-19,S003,İstanbul Kadıköy,İstanbul,Kadıköy,Merkez,496,457,33,41,6,1.75,28,11,12,3,19.1,6,20,2,2,24579.08,19053.03,270,148,Bulutlu,0,0,1.5,92.14,8.27,1.21,13.13,16.32,45.09,49.55
2026-06-19,S004,İstanbul Üsküdar,İstanbul,Üsküdar,Büyük,464,417,39,42,8,1.92,25,10,10,4,29.1,7,15,2,2,20117.44,15246.33,216,97,Bulutlu,0,0,1.25,89.87,9.05,1.72,16.79,16.68,46.4,43.36
2026-06-19,S005,İzmir Konak,İzmir,Konak,Merkez,393,353,32,34,8,1.69,23,9,9,2,10.6,7,16,2,1,17138.35,13463.22,158,71,Sıcak,0,0,1.14,89.82,8.65,2.04,19.83,15.35,43.67,43.61
2026-06-19,S006,Bursa Nilüfer,Bursa,Nilüfer,Büyük,362,330,28,32,4,1.73,19,7,7,2,18.5,6,8,2,1,14717.82,12240.76,132,51,Açık,0,0,1.03,91.16,8.84,1.1,18.18,17.37,51.71,40.66
2026-06-19,S007,Antalya Muratpaşa,Antalya,Muratpaşa,Büyük,365,339,19,21,7,1.53,20,8,7,0,6.3,6,17,2,2,20263.87,16141.34,170,81,Sıcak,0,0,1.11,92.88,5.75,1.92,17.7,16.95,45.62,55.52
2026-06-19,S008,Konya Selçuklu,Konya,Selçuklu,Orta,271,247,18,21,6,1.74,16,6,5,2,14.5,5,7,1,0,13880.29,11221.45,139,54,Bulutlu,0,0,0.76,91.14,7.75,2.21,20.24,15.44,45.17,51.22
2026-06-19,S009,Samsun İlkadım,Samsun,İlkadım,Orta,242,196,40,41,6,2.31,15,6,4,4,37.3,6,6,1,1,10682.66,8999.84,80,26,Açık,0,0,0.74,80.99,16.94,2.48,30.61,13.07,40.33,44.14
2026-06-19,S010,Erzurum Yakutiye,Erzurum,Yakutiye,Orta,280,253,20,22,7,1.61,14,5,4,1,10.1,3,7,1,1,13877.82,11030.93,128,61,Açık,0,0,0.8,90.36,7.86,2.5,11.86,18.07,56.0,49.56
2026-06-20,S001,Ankara Çankaya,Ankara,Çankaya,Merkez,185,166,16,18,3,1.92,24,9,10,0,0.0,1,13,1,0,9198.25,6635.75,100,49,Açık,0,0,1.32,89.73,9.73,1.62,6.02,6.92,20.56,49.72
2026-06-20,S002,Ankara Keçiören,Ankara,Keçiören,Büyük,188,180,4,5,4,1.33,21,8,8,2,0.0,1,4,1,1,9275.79,7662.44,88,35,Açık,0,0,1.01,95.74,2.66,2.13,5.56,8.57,23.5,49.34
2026-06-20,S003,İstanbul Kadıköy,İstanbul,Kadıköy,Merkez,213,204,5,9,4,1.2,28,11,12,3,0.0,0,4,1,1,10525.63,8553.81,98,50,Açık,0,0,1.24,95.77,4.23,1.88,0.0,7.29,19.36,49.42
2026-06-20,S004,İstanbul Üsküdar,İstanbul,Üsküdar,Büyük,226,215,8,13,3,1.27,25,10,10,1,0.0,1,7,0,0,11611.92,8383.59,122,56,Açık,0,0,1.28,95.13,5.75,1.33,4.65,8.6,22.6,51.38
2026-06-20,S005,İzmir Konak,İzmir,Konak,Merkez,183,174,7,9,2,1.31,23,9,9,2,0.0,2,5,0,0,8684.25,6508.22,80,33,Açık,0,0,1.17,95.08,4.92,1.09,11.49,7.57,20.33,47.45
2026-06-20,S006,Bursa Nilüfer,Bursa,Nilüfer,Büyük,218,204,9,12,5,1.42,19,7,7,3,6.8,0,7,1,0,10791.16,8351.97,120,53,Açık,0,0,1.19,93.58,5.5,2.29,0.0,10.74,31.14,49.5
2026-06-20,S007,Antalya Muratpaşa,Antalya,Muratpaşa,Büyük,161,152,7,8,2,1.55,20,8,7,2,0.0,3,5,1,0,7062.2,5628.38,78,37,Açık,0,0,1.11,94.41,4.97,1.24,19.74,7.6,20.12,43.86
2026-06-20,S008,Konya Selçuklu,Konya,Selçuklu,Orta,150,140,7,9,3,1.44,16,6,5,1,0.0,1,4,0,0,7160.74,5707.15,58,27,Açık,0,0,1.01,93.33,6.0,2.0,7.14,8.75,25.0,47.74
2026-06-20,S009,Samsun İlkadım,Samsun,İlkadım,Orta,124,117,5,6,2,1.55,15,6,4,0,0.0,2,5,0,0,6752.46,5328.85,57,29,Bulutlu,0,0,0.88,94.35,4.84,1.61,17.09,7.8,20.67,54.46
2026-06-20,S010,Erzurum Yakutiye,Erzurum,Yakutiye,Orta,133,122,7,8,4,1.68,14,5,4,1,0.0,1,7,0,0,6268.3,4564.26,65,24,Yağmurlu,0,0,0.78,91.73,6.02,3.01,8.2,8.71,26.6,47.13
2026-06-21,S001,Ankara Çankaya,Ankara,Çankaya,Merkez,169,150,16,17,3,1.78,24,9,10,1,0.0,1,9,0,0,7952.82,6186.47,77,24,Açık,0,0,1.27,88.76,10.06,1.78,6.67,6.25,18.78,47.06
2026-06-21,S002,Ankara Keçiören,Ankara,Keçiören,Büyük,176,168,6,8,2,1.16,21,8,8,0,0.0,3,5,1,1,8451.13,6876.74,61,33,Açık,0,0,1.12,95.45,4.55,1.14,17.86,8.0,22.0,48.02
2026-06-21,S003,İstanbul Kadıköy,İstanbul,Kadıköy,Merkez,235,222,9,9,4,1.3,28,11,12,1,0.0,4,4,1,0,11000.24,8767.44,92,44,Açık,0,0,1.37,94.47,3.83,1.7,18.02,7.93,21.36,46.81
2026-06-21,S004,İstanbul Üsküdar,İstanbul,Üsküdar,Büyük,209,195,9,10,5,1.26,25,10,10,3,0.0,3,6,1,1,11111.7,8401.87,111,49,Bulutlu,0,0,1.35,93.3,4.78,2.39,15.38,7.8,20.9,53.17
2026-06-21,S005,İzmir Konak,İzmir,Konak,Merkez,169,160,6,9,3,1.5,23,9,9,2,0.0,0,4,1,0,8822.81,7249.79,62,24,Açık,0,0,1.14,94.67,5.33,1.78,0.0,6.96,18.78,52.21
2026-06-21,S006,Bursa Nilüfer,Bursa,Nilüfer,Büyük,127,121,5,7,1,1.12,19,7,7,1,0.0,1,2,1,0,6122.3,4879.17,62,28,Açık,0,0,1.07,95.28,5.51,0.79,8.26,6.37,18.14,48.21
2026-06-21,S007,Antalya Muratpaşa,Antalya,Muratpaşa,Büyük,199,187,9,12,3,1.3,20,8,7,1,0.0,2,12,0,0,10636.04,8884.53,70,29,Sıcak,0,0,1.15,93.97,6.03,1.51,10.7,9.35,24.88,53.45
2026-06-21,S008,Konya Selçuklu,Konya,Selçuklu,Orta,123,115,5,8,3,1.39,16,6,5,1,0.0,2,3,0,0,5454.03,4623.93,41,20,Açık,0,0,0.91,93.5,6.5,2.44,17.39,7.19,20.5,44.34
2026-06-21,S009,Samsun İlkadım,Samsun,İlkadım,Orta,157,152,3,5,2,1.26,15,6,4,2,0.0,1,5,1,0,7768.92,6261.33,64,33,Açık,0,0,0.88,96.82,3.18,1.27,6.58,10.13,26.17,49.48
2026-06-21,S010,Erzurum Yakutiye,Erzurum,Yakutiye,Orta,129,121,6,9,2,1.24,14,5,4,1,0.0,1,3,1,0,6919.9,5508.53,68,30,Açık,0,0,0.67,93.8,6.98,1.55,8.26,8.64,25.8,53.64
2026-06-22,S001,Ankara Çankaya,Ankara,Çankaya,Merkez,449,381,62,64,6,2.23,24,9,10,0,5.7,11,39,2,1,19096.1,15219.7,201,66,Yağmurlu,0,0,0.99,84.86,14.25,1.34,28.87,15.88,49.89,42.53
2026-06-22,S002,Ankara Keçiören,Ankara,Keçiören,Büyük,499,447,37,45,15,1.77,21,8,8,1,21.4,6,20,2,1,26491.86,21149.73,189,94,Bulutlu,0,0,1.29,89.58,9.02,3.01,13.42,21.29,62.38,53.09
2026-06-22,S003,İstanbul Kadıköy,İstanbul,Kadıköy,Merkez,525,480,34,36,11,1.92,28,11,12,0,4.3,7,24,1,1,25160.82,21020.9,182,60,Yağmurlu,0,0,1.32,91.43,6.86,2.1,14.58,17.14,47.73,47.93
2026-06-22,S004,İstanbul Üsküdar,İstanbul,Üsküdar,Büyük,499,464,27,36,8,1.59,25,10,10,1,12.7,5,12,2,0,25139.25,21138.25,184,67,Bulutlu,0,0,1.27,92.99,7.21,1.6,10.78,18.56,49.9,50.38
2026-06-22,S005,İzmir Konak,İzmir,Konak,Merkez,505,455,41,48,9,1.77,23,9,9,1,18.5,9,23,2,1,21590.26,17147.2,221,87,Sıcak,0,0,1.18,90.1,9.5,1.78,19.78,19.78,56.11,42.75
2026-06-22,S006,Bursa Nilüfer,Bursa,Nilüfer,Büyük,420,361,52,55,7,2.08,19,7,7,1,15.5,9,25,2,1,20750.66,17113.65,138,63,Yağmurlu,0,0,1.05,85.95,13.1,1.67,24.93,19.0,60.0,49.41
2026-06-22,S007,Antalya Muratpaşa,Antalya,Muratpaşa,Büyük,418,381,29,35,8,1.57,20,8,7,1,13.2,7,18,2,1,20407.14,17527.33,142,70,Sıcak,0,0,1.06,91.15,8.37,1.91,18.37,19.05,52.25,48.82
2026-06-22,S008,Konya Selçuklu,Konya,Selçuklu,Orta,410,369,33,36,8,1.78,16,6,5,1,21.6,3,8,2,2,18621.9,13835.4,207,99,Açık,0,0,1.03,90.0,8.78,1.95,8.13,23.06,68.33,45.42
2026-06-22,S009,Samsun İlkadım,Samsun,İlkadım,Orta,336,300,32,38,4,1.91,15,6,4,2,19.6,3,9,1,1,14883.83,12363.06,111,59,Açık,0,0,0.88,89.29,11.31,1.19,10.0,20.0,56.0,44.3
2026-06-22,S010,Erzurum Yakutiye,Erzurum,Yakutiye,Orta,266,234,27,27,5,2.15,14,5,4,1,11.4,4,16,2,0,12817.78,8941.26,138,72,Yağmurlu,0,0,0.66,87.97,10.15,1.88,17.09,16.71,53.2,48.19
2026-06-23,S001,Ankara Çankaya,Ankara,Çankaya,Merkez,405,358,40,44,7,1.68,24,9,10,0,4.1,6,25,1,0,20322.06,15958.59,209,111,Bulutlu,0,0,1.29,88.4,10.86,1.73,16.76,14.92,45.0,50.18
2026-06-23,S002,Ankara Keçiören,Ankara,Keçiören,Büyük,431,387,39,41,5,1.64,21,8,8,3,29.4,3,9,2,2,23002.65,17461.65,208,100,Açık,0,0,1.24,89.79,9.51,1.16,7.75,18.43,53.88,53.37
2026-06-23,S003,İstanbul Kadıköy,İstanbul,Kadıköy,Merkez,467,442,14,19,11,1.29,28,11,12,1,4.7,1,13,2,1,25043.7,19944.55,208,106,Bulutlu,0,0,1.35,94.65,4.07,2.36,2.26,15.79,42.45,53.63
2026-06-23,S004,İstanbul Üsküdar,İstanbul,Üsküdar,Büyük,439,410,18,22,11,1.39,25,10,10,0,3.6,4,11,2,1,21271.42,17801.59,151,77,Açık,0,0,1.2,93.39,5.01,2.51,9.76,16.4,43.9,48.45
2026-06-23,S005,İzmir Konak,İzmir,Konak,Merkez,408,392,10,17,6,1.25,23,9,9,1,8.8,1,6,0,1,18556.63,15602.5,135,70,Açık,0,0,1.16,96.08,4.17,1.47,2.55,17.04,45.33,45.48
2026-06-23,S006,Bursa Nilüfer,Bursa,Nilüfer,Büyük,370,347,17,20,6,1.33,19,7,7,0,7.6,2,10,1,1,19700.4,16240.71,155,85,Açık,0,0,1.05,93.78,5.41,1.62,5.76,18.26,52.86,53.24
2026-06-23,S007,Antalya Muratpaşa,Antalya,Muratpaşa,Büyük,411,390,15,21,6,1.58,20,8,7,0,7.6,3,8,1,1,19154.18,16335.16,147,45,Açık,0,0,1.22,94.89,5.11,1.46,7.69,19.5,51.38,46.6
2026-06-23,S008,Konya Selçuklu,Konya,Selçuklu,Orta,335,307,22,27,6,1.52,16,6,5,1,14.7,2,8,1,1,17115.19,13356.36,150,82,Açık,0,0,0.94,91.64,8.06,1.79,6.51,19.19,55.83,51.09
2026-06-23,S009,Samsun İlkadım,Samsun,İlkadım,Orta,285,263,16,19,6,1.48,15,6,4,1,9.8,2,9,1,0,14556.17,10962.86,148,46,Açık,0,0,0.78,92.28,6.67,2.11,7.6,17.53,47.5,51.07
2026-06-23,S010,Erzurum Yakutiye,Erzurum,Yakutiye,Orta,276,243,29,32,4,1.88,14,5,4,2,21.1,3,8,0,1,14112.08,11000.41,123,63,Açık,0,0,0.77,88.04,11.59,1.45,12.35,17.36,55.2,51.13
2026-06-24,S001,Ankara Çankaya,Ankara,Çankaya,Merkez,378,336,39,42,3,1.78,24,9,10,1,4.3,7,25,2,1,16471.65,12140.6,202,67,Bulutlu,0,0,1.08,88.89,11.11,0.79,20.83,14.0,42.0,43.58
2026-06-24,S002,Ankara Keçiören,Ankara,Keçiören,Büyük,411,370,33,33,8,1.62,21,8,8,2,20.1,3,8,3,2,22702.0,17750.51,210,77,Açık,0,0,1.2,90.02,8.03,1.95,8.11,17.62,51.38,55.24
2026-06-24,S003,İstanbul Kadıköy,İstanbul,Kadıköy,Merkez,453,421,20,26,12,1.44,28,11,12,1,3.2,7,12,2,2,21830.31,18099.01,160,63,Açık,0,0,1.33,92.94,5.74,2.65,16.63,15.04,41.18,48.19
2026-06-24,S004,İstanbul Üsküdar,İstanbul,Üsküdar,Büyük,462,428,25,31,9,1.35,25,10,10,2,17.4,3,11,2,2,23653.42,18644.6,233,79,Bulutlu,0,0,1.36,92.64,6.71,1.95,7.01,17.12,46.2,51.2
2026-06-24,S005,İzmir Konak,İzmir,Konak,Merkez,372,343,19,20,10,1.26,23,9,9,0,0.6,4,14,1,1,18870.93,15361.41,157,81,Açık,0,0,1.09,92.2,5.38,2.69,11.66,14.91,41.33,50.73
2026-06-24,S006,Bursa Nilüfer,Bursa,Nilüfer,Büyük,347,317,24,31,6,1.82,19,7,7,2,17.3,5,11,1,1,16163.88,12877.34,122,49,Açık,0,0,1.1,91.35,8.93,1.73,15.77,16.68,49.57,46.58
2026-06-24,S007,Antalya Muratpaşa,Antalya,Muratpaşa,Büyük,413,370,33,36,10,1.55,20,8,7,2,18.5,6,11,1,2,17304.3,13367.19,177,56,Açık,0,0,1.18,89.59,8.72,2.42,16.22,18.5,51.62,41.9
2026-06-24,S008,Konya Selçuklu,Konya,Selçuklu,Orta,292,252,33,35,7,1.98,16,6,5,3,27.4,4,7,2,1,14036.68,11227.55,103,52,Açık,0,0,0.91,86.3,11.99,2.4,15.87,15.75,48.67,48.07
2026-06-24,S009,Samsun İlkadım,Samsun,İlkadım,Orta,286,261,23,28,2,1.7,15,6,4,2,14.7,4,6,1,1,13022.72,11225.98,92,38,Açık,0,0,0.8,91.26,9.79,0.7,15.33,17.4,47.67,45.53
2026-06-24,S010,Erzurum Yakutiye,Erzurum,Yakutiye,Orta,285,222,58,63,5,2.57,14,5,4,3,42.1,8,5,1,1,13528.02,10090.79,155,67,Açık,0,0,0.82,77.89,22.11,1.75,36.04,15.86,57.0,47.47
2026-06-25,S001,Ankara Çankaya,Ankara,Çankaya,Merkez,369,316,47,53,6,2.18,24,9,10,1,5.0,9,33,1,1,16945.8,12151.18,183,83,Yağmurlu,0,0,1.16,85.64,14.36,1.63,28.48,13.17,41.0,45.92
2026-06-25,S002,Ankara Keçiören,Ankara,Keçiören,Büyük,348,329,11,17,8,1.4,21,8,8,1,7.1,0,9,1,0,15510.37,12501.29,141,68,Açık,0,0,1.01,94.54,4.89,2.3,0.0,15.67,43.5,44.57
2026-06-25,S003,İstanbul Kadıköy,İstanbul,Kadıköy,Merkez,498,451,38,44,9,1.83,28,11,12,1,7.1,7,21,2,1,26160.67,21545.57,240,113,Yağmurlu,0,0,1.44,90.56,8.84,1.81,15.52,16.11,45.27,52.53
2026-06-25,S004,İstanbul Üsküdar,İstanbul,Üsküdar,Büyük,435,413,15,18,7,1.36,25,10,10,0,1.7,4,11,2,1,21552.28,18057.14,152,74,Açık,0,0,1.24,94.94,4.14,1.61,9.69,16.52,43.5,49.55
2026-06-25,S005,İzmir Konak,İzmir,Konak,Merkez,459,415,36,41,8,1.75,23,9,9,2,19.8,5,17,1,1,22244.57,16178.04,238,118,Sıcak,0,0,1.23,90.41,8.93,1.74,12.05,18.04,51.0,48.46
2026-06-25,S006,Bursa Nilüfer,Bursa,Nilüfer,Büyük,366,317,40,40,9,1.62,19,7,7,3,28.0,4,9,1,1,17915.71,14440.11,139,54,Açık,0,0,0.98,86.61,10.93,2.46,12.62,16.68,52.29,48.95
2026-06-25,S007,Antalya Muratpaşa,Antalya,Muratpaşa,Büyük,377,357,12,19,8,1.26,20,8,7,0,5.2,2,8,1,1,21647.51,16850.37,190,93,Açık,0,0,1.06,94.69,5.04,2.12,5.6,17.85,47.12,57.42
2026-06-25,S008,Konya Selçuklu,Konya,Selçuklu,Orta,325,271,48,54,6,1.84,16,6,5,3,34.0,3,6,1,1,14520.85,11683.66,158,49,Açık,0,0,0.93,83.38,16.62,1.85,11.07,16.94,54.17,44.68
2026-06-25,S009,Samsun İlkadım,Samsun,İlkadım,Orta,271,243,23,28,5,1.76,15,6,4,1,7.5,3,17,2,0,13867.45,10173.25,148,49,Yağmurlu,0,0,0.77,89.67,10.33,1.85,12.35,16.2,45.17,51.17
2026-06-25,S010,Erzurum Yakutiye,Erzurum,Yakutiye,Orta,210,195,11,13,4,1.48,14,5,4,1,6.5,3,6,1,1,11619.79,9092.53,110,53,Açık,0,0,0.74,92.86,6.19,1.9,15.38,13.93,42.0,55.33
2026-06-26,S001,Ankara Çankaya,Ankara,Çankaya,Merkez,373,324,43,46,6,2.15,24,9,10,2,9.2,7,23,1,1,17248.44,14740.82,144,49,Açık,0,0,1.23,86.86,12.33,1.61,21.6,13.5,41.44,46.24
2026-06-26,S002,Ankara Keçiören,Ankara,Keçiören,Büyük,333,310,19,21,4,1.56,21,8,8,2,11.2,2,8,2,1,16608.12,12607.45,152,76,Açık,0,0,1.0,93.09,6.31,1.2,6.45,14.76,41.62,49.87
2026-06-26,S003,İstanbul Kadıköy,İstanbul,Kadıköy,Merkez,420,381,34,40,5,1.78,28,11,12,2,4.6,6,27,3,1,21575.18,17857.12,163,65,Yağmurlu,0,0,1.18,90.71,9.52,1.19,15.75,13.61,38.18,51.37
2026-06-26,S004,İstanbul Üsküdar,İstanbul,Üsküdar,Büyük,430,400,22,19,8,1.37,25,10,10,2,12.4,2,10,1,2,19682.82,15800.41,183,77,Açık,0,0,1.23,93.02,4.42,1.86,5.0,16.0,43.0,45.77
2026-06-26,S005,İzmir Konak,İzmir,Konak,Merkez,394,350,36,38,8,1.68,23,9,9,3,17.8,7,18,1,1,21169.28,15778.86,213,111,Sıcak,0,0,1.24,88.83,9.64,2.03,20.0,15.22,43.78,53.73
2026-06-26,S006,Bursa Nilüfer,Bursa,Nilüfer,Büyük,358,322,28,31,8,1.44,19,7,7,2,15.7,5,11,1,1,17591.62,15412.21,125,39,Bulutlu,0,0,1.01,89.94,8.66,2.23,15.53,16.95,51.14,49.14
2026-06-26,S007,Antalya Muratpaşa,Antalya,Muratpaşa,Büyük,264,246,12,15,6,1.34,20,8,7,2,2.9,2,12,1,0,13380.45,11571.17,89,39,Sıcak,0,0,0.91,93.18,5.68,2.27,8.13,12.3,33.0,50.68
2026-06-26,S008,Konya Selçuklu,Konya,Selçuklu,Orta,266,256,8,10,2,1.29,16,6,5,0,2.4,2,6,1,1,14833.36,12280.2,98,44,Açık,0,0,0.71,96.24,3.76,0.75,7.81,16.0,44.33,55.76
2026-06-26,S009,Samsun İlkadım,Samsun,İlkadım,Orta,299,266,25,32,8,1.67,15,6,4,2,15.9,4,10,1,1,14320.17,11133.82,124,66,Açık,0,0,0.86,88.96,10.7,2.68,15.04,17.73,49.83,47.89
2026-06-26,S010,Erzurum Yakutiye,Erzurum,Yakutiye,Orta,225,202,21,25,2,1.61,14,5,4,2,16.9,3,7,0,1,11415.77,9677.34,88,34,Bulutlu,0,0,0.73,89.78,11.11,0.89,14.85,14.43,45.0,50.74
2026-06-27,S001,Ankara Çankaya,Ankara,Çankaya,Merkez,162,141,17,17,4,2.02,24,9,10,3,0.0,4,11,1,1,7247.18,5772.21,72,37,Bulutlu,0,0,1.08,87.04,10.49,2.47,28.37,5.88,18.0,44.74
2026-06-27,S002,Ankara Keçiören,Ankara,Keçiören,Büyük,167,159,5,6,3,1.39,21,8,8,1,0.0,1,4,0,0,8089.5,6765.61,69,32,Açık,0,0,1.03,95.21,3.59,1.8,6.29,7.57,20.88,48.44
2026-06-27,S003,İstanbul Kadıköy,İstanbul,Kadıköy,Merkez,239,222,11,14,6,1.43,28,11,12,3,0.0,0,6,1,1,10957.89,8511.41,91,49,Açık,0,0,1.36,92.89,5.86,2.51,0.0,7.93,21.73,45.85
2026-06-27,S004,İstanbul Üsküdar,İstanbul,Üsküdar,Büyük,205,195,6,8,4,1.48,25,10,10,0,0.0,0,4,0,1,10134.66,7668.93,96,48,Açık,0,0,1.18,95.12,3.9,1.95,0.0,7.8,20.5,49.44
2026-06-27,S005,İzmir Konak,İzmir,Konak,Merkez,198,184,11,15,3,1.77,23,9,9,3,0.0,3,7,1,1,8928.19,7300.29,74,28,Sıcak,0,0,1.21,92.93,7.58,1.52,16.3,8.0,22.0,45.09
2026-06-27,S006,Bursa Nilüfer,Bursa,Nilüfer,Büyük,160,146,11,13,3,1.61,19,7,7,1,0.0,3,13,1,1,7450.99,5778.38,65,33,Yağmurlu,0,0,0.9,91.25,8.12,1.88,20.55,7.68,22.86,46.57
2026-06-27,S007,Antalya Muratpaşa,Antalya,Muratpaşa,Büyük,176,163,9,11,4,1.6,20,8,7,2,0.0,1,6,1,1,10021.59,7536.46,91,48,Sıcak,0,0,1.06,92.61,6.25,2.27,6.13,8.15,22.0,56.94
2026-06-27,S008,Konya Selçuklu,Konya,Selçuklu,Orta,139,129,7,7,3,1.18,16,6,5,1,0.0,0,4,1,0,7252.08,5990.67,49,23,Açık,0,0,0.91,92.81,5.04,2.16,0.0,8.06,23.17,52.17
2026-06-27,S009,Samsun İlkadım,Samsun,İlkadım,Orta,118,108,9,11,1,1.67,15,6,4,2,0.0,0,7,1,0,6553.11,5121.81,59,32,Yağmurlu,0,0,0.72,91.53,9.32,0.85,0.0,7.2,19.67,55.53
2026-06-27,S010,Erzurum Yakutiye,Erzurum,Yakutiye,Orta,105,99,5,6,1,1.46,14,5,4,0,0.0,1,2,1,0,5138.25,4297.02,36,17,Açık,0,0,0.75,94.29,5.71,0.95,10.1,7.07,21.0,48.94
2026-06-28,S001,Ankara Çankaya,Ankara,Çankaya,Merkez,143,127,13,14,3,1.79,24,9,10,1,0.0,3,9,1,0,6048.64,4746.45,53,21,Açık,0,0,1.07,88.81,9.79,2.1,23.62,5.29,15.89,42.3
2026-06-28,S002,Ankara Keçiören,Ankara,Keçiören,Büyük,167,155,9,8,3,1.31,21,8,8,0,0.0,0,3,1,0,7810.81,6623.6,54,19,Açık,0,0,1.08,92.81,4.79,1.8,0.0,7.38,20.88,46.77
2026-06-28,S003,İstanbul Kadıköy,İstanbul,Kadıköy,Merkez,230,209,16,19,5,1.47,28,11,12,2,0.0,3,15,1,1,10856.56,8634.64,116,39,Yağmurlu,0,0,1.3,90.87,8.26,2.17,14.35,7.46,20.91,47.2
2026-06-28,S004,İstanbul Üsküdar,İstanbul,Üsküdar,Büyük,228,217,8,9,3,1.42,25,10,10,1,0.0,1,3,1,0,12335.23,9546.05,115,56,Açık,0,0,1.28,95.18,3.95,1.32,4.61,8.68,22.8,54.1
2026-06-28,S005,İzmir Konak,İzmir,Konak,Merkez,189,179,8,11,2,1.28,23,9,9,0,0.0,0,4,1,0,9886.14,8558.71,62,30,Açık,0,0,1.04,94.71,5.82,1.06,0.0,7.78,21.0,52.31
2026-06-28,S006,Bursa Nilüfer,Bursa,Nilüfer,Büyük,191,180,8,11,3,1.26,19,7,7,0,0.0,2,6,0,0,8743.78,6546.2,87,33,Açık,0,0,1.05,94.24,5.76,1.57,11.11,9.47,27.29,45.78
2026-06-28,S007,Antalya Muratpaşa,Antalya,Muratpaşa,Büyük,157,145,9,11,3,1.38,20,8,7,1,0.0,1,7,1,1,6908.41,5828.15,58,17,Sıcak,0,0,1.08,92.36,7.01,1.91,6.9,7.25,19.62,44.0
2026-06-28,S008,Konya Selçuklu,Konya,Selçuklu,Orta,168,160,6,8,2,1.27,16,6,5,2,1.0,0,5,1,0,8718.17,7322.32,78,24,Açık,0,0,0.77,95.24,4.76,1.19,0.0,10.0,28.0,51.89
2026-06-28,S009,Samsun İlkadım,Samsun,İlkadım,Orta,138,128,9,11,1,1.71,15,6,4,3,3.8,1,9,1,1,6928.25,5711.52,63,21,Yağmurlu,0,0,0.74,92.75,7.97,0.72,7.81,8.53,23.0,50.2
2026-06-28,S010,Erzurum Yakutiye,Erzurum,Yakutiye,Orta,152,144,5,7,3,1.35,14,5,4,1,0.0,2,3,1,0,7268.59,5837.28,66,20,Bulutlu,0,0,0.73,94.74,4.61,1.97,13.89,10.29,30.4,47.82
2026-06-29,S001,Ankara Çankaya,Ankara,Çankaya,Merkez,492,424,60,62,8,2.1,24,9,10,1,17.0,9,28,3,1,23936.55,19977.74,192,86,Açık,0,0,1.26,86.18,12.6,1.63,21.23,17.67,54.67,48.65
2026-06-29,S002,Ankara Keçiören,Ankara,Keçiören,Büyük,446,396,45,48,5,2.06,21,8,8,1,16.9,7,27,2,1,18766.27,15252.74,166,66,Yağmurlu,0,0,1.06,88.79,10.76,1.12,17.68,18.86,55.75,42.08
2026-06-29,S003,İstanbul Kadıköy,İstanbul,Kadıköy,Merkez,582,536,35,44,11,1.55,28,11,12,0,12.1,8,22,2,1,29517.04,22000.75,306,156,Bulutlu,0,0,1.41,92.1,7.56,1.89,14.93,19.14,52.91,50.72
2026-06-29,S004,İstanbul Üsküdar,İstanbul,Üsküdar,Büyük,461,417,33,38,11,1.79,25,10,10,1,7.9,6,29,2,1,23107.54,18987.48,219,72,Yağmurlu,0,0,1.21,90.46,8.24,2.39,14.39,16.68,46.1,50.12
2026-06-29,S005,İzmir Konak,İzmir,Konak,Merkez,407,366,32,39,9,1.57,23,9,9,3,20.4,3,14,2,1,20397.8,16550.76,200,67,Açık,0,0,0.98,89.93,9.58,2.21,8.2,15.91,45.22,50.12
2026-06-29,S006,Bursa Nilüfer,Bursa,Nilüfer,Büyük,404,341,54,61,9,2.06,19,7,7,3,35.1,7,10,2,2,19438.77,15072.89,187,61,Açık,0,0,0.96,84.41,15.1,2.23,20.53,17.95,57.71,48.12
2026-06-29,S007,Antalya Muratpaşa,Antalya,Muratpaşa,Büyük,401,366,29,35,6,1.49,20,8,7,2,18.7,5,6,1,1,19906.38,16334.06,190,81,Açık,0,0,0.98,91.27,8.73,1.5,13.66,18.3,50.12,49.64
2026-06-29,S008,Konya Selçuklu,Konya,Selçuklu,Orta,387,350,32,35,5,1.62,16,6,5,1,18.4,4,10,3,1,21217.43,15833.81,191,104,Açık,0,0,0.91,90.44,9.04,1.29,11.43,21.88,64.5,54.83
2026-06-29,S009,Samsun İlkadım,Samsun,İlkadım,Orta,317,289,20,22,8,1.57,15,6,4,1,11.3,4,8,1,1,14596.82,11354.84,147,77,Bulutlu,0,0,0.77,91.17,6.94,2.52,13.84,19.27,52.83,46.05
2026-06-29,S010,Erzurum Yakutiye,Erzurum,Yakutiye,Orta,272,208,58,57,6,2.37,14,5,4,3,38.3,8,10,1,1,10662.7,7604.39,123,50,Bulutlu,0,0,0.77,76.47,20.96,2.21,38.46,14.86,54.4,39.2
